SEQN,RXDDRUG
73557,99999
73557,INSULIN
73558,GABAPENTIN
73558,INSULIN GLARGINE
73558,OLMESARTAN
73558,SIMVASTATIN
73559,INSULIN ASPART
73559,INSULIN GLARGINE
73559,PANCRELIPASE
73559,SIMVASTATIN
73559,VALSARTAN
73560,
73561,55555
73561,CARVEDILOL
73561,LEVOTHYROXINE
73561,VALSARTAN
73562,AMLODIPINE
73562,ATORVASTATIN
73562,LISINOPRIL
73562,MINOXIDIL
73562,NAPROXEN
73562,PAROXETINE
73562,PRASUGREL
73563,
73564,CITALOPRAM
73564,LORAZEPAM
73564,ZOLPIDEM
73565,BUPROPION
73566,ACETAMINOPHEN; HYDROCODONE
73566,BACLOFEN
73566,GABAPENTIN
73567,
73568,
73569,
73570,
73571,ESOMEPRAZOLE
73571,OLMESARTAN
73571,SIMVASTATIN
73572,MONTELUKAST
73573,
73574,
73575,BROMPHENIRAMINE; PSEUDOEPHEDRINE
73575,IBUPROFEN
73575,PREDNISOLONE
73576,
73577,
73578,
73579,
73580,
73581,
73582,
73583,RANITIDINE
73584,
73585,
73586,
73587,
73588,
73589,
73590,
73591,
73592,
73593,
73594,
73595,
73596,
73597,ACETAMINOPHEN; HYDROCODONE
73597,ALBUTEROL
73597,HEPARIN
73598,
73599,
73600,AMOXICILLIN
73601,
73602,
73603,
73604,ATORVASTATIN
73604,DULOXETINE
73604,LEVOTHYROXINE
73604,LORAZEPAM
73604,METOPROLOL
73604,TRAMADOL
73605,
73606,
73607,CELECOXIB
73607,CLONAZEPAM
73607,DIVALPROEX SODIUM
73607,RISPERIDONE
73607,TRAMADOL
73608,
73609,
73610,
73611,
73612,ALBUTEROL
73613,AMLODIPINE
73613,HYDROCHLOROTHIAZIDE
73613,LOSARTAN
73613,METOPROLOL
73613,PHENTERMINE
73613,PREDNISONE
73613,SPIRONOLACTONE
73614,ALBUTEROL
73614,ALBUTEROL; IPRATROPIUM
73614,PANTOPRAZOLE
73614,PREDNISONE
73615,ALBUTEROL
73615,BENZTROPINE
73615,CLOBETASOL TOPICAL
73615,CLOTRIMAZOLE TOPICAL
73615,DOCUSATE
73615,FLUTICASONE; SALMETEROL
73615,INSULIN GLARGINE
73615,LACTIC ACID TOPICAL
73615,METFORMIN
73615,PALIPERIDONE
73615,PREGABALIN
73615,QUETIAPINE
73615,RISPERIDONE
73615,TIOTROPIUM
73616,ATORVASTATIN
73616,CONJUGATED ESTROGENS
73617,
73618,
73619,
73620,AMOXICILLIN
73621,ALENDRONATE
73621,ATORVASTATIN
73621,FESOTERODINE
73622,TADALAFIL
73623,TESTOSTERONE
73624,CIPROFLOXACIN
73625,
73626,ACETAMINOPHEN; HYDROCODONE
73626,ACYCLOVIR
73626,AMLODIPINE
73626,GABAPENTIN
73626,NORTRIPTYLINE
73627,
73628,ALENDRONATE
73628,BUDESONIDE; FORMOTEROL
73628,CARVEDILOL
73628,COLCHICINE
73628,DILTIAZEM
73628,FUROSEMIDE
73628,IPRATROPIUM NASAL
73628,LATANOPROST OPHTHALMIC
73628,LEVOTHYROXINE
73628,LISINOPRIL
73628,ZOLPIDEM
73629,
73630,FLUOROMETHOLONE OPHTHALMIC
73630,METHYLPHENIDATE
73631,
73632,
73633,HYDROCHLOROTHIAZIDE; LOSARTAN
73634,AMLODIPINE
73634,ESCITALOPRAM
73634,MIRTAZAPINE
73634,OLANZAPINE
73635,AMOXICILLIN
73636,
73637,
73638,CYCLOBENZAPRINE
73638,EZETIMIBE; SIMVASTATIN
73638,GABAPENTIN
73638,GLIPIZIDE
73638,LISINOPRIL
73638,MELOXICAM
73638,METFORMIN
73638,NITROFURANTOIN
73638,OMEPRAZOLE
73638,SERTRALINE
73638,SITAGLIPTIN
73638,SOLIFENACIN
73639,DONEPEZIL
73639,LEVOTHYROXINE
73639,TERAZOSIN
73640,ALENDRONATE
73640,AMLODIPINE
73640,ENALAPRIL
73640,IBUPROFEN
73640,MORPHINE
73641,ATENOLOL
73642,MELOXICAM
73643,AMLODIPINE; OLMESARTAN
73643,COLESEVELAM
73643,GLYBURIDE; METFORMIN
73643,OMEGA-3 POLYUNSATURATED FATTY ACIDS
73643,ROSUVASTATIN
73643,SITAGLIPTIN
73644,
73645,ATENOLOL
73645,CITALOPRAM
73645,GLIPIZIDE
73645,HYDROCHLOROTHIAZIDE
73645,INSULIN GLARGINE
73645,LISINOPRIL
73645,METFORMIN
73645,OMEPRAZOLE; SODIUM BICARBONATE
73645,SIMVASTATIN
73646,
73647,ATORVASTATIN
73647,CILOSTAZOL
73647,CLOPIDOGREL
73647,LEVOTHYROXINE
73647,LISINOPRIL
73647,METFORMIN
73647,METOPROLOL
73648,
73649,
73650,
73651,99999
73652,AMLODIPINE
73652,CARVEDILOL
73652,HYDROCHLOROTHIAZIDE
73652,INSULIN ASPART
73652,INSULIN GLARGINE
73653,
73654,DORZOLAMIDE; TIMOLOL OPHTHALMIC
73654,LEVALBUTEROL
73654,TELMISARTAN
73654,TRAVOPROST OPHTHALMIC
73655,
73656,ATORVASTATIN
73657,
73658,
73659,CLONIDINE
73659,FUROSEMIDE
73659,POTASSIUM CHLORIDE
73659,SPIRONOLACTONE
73659,VERAPAMIL
73660,
73661,
73662,ATENOLOL
73662,INSULIN GLARGINE
73662,NADOLOL
73663,
73664,
73665,METOPROLOL
73666,AMLODIPINE
73666,ATORVASTATIN
73666,CARVEDILOL
73666,CLOPIDOGREL
73666,ISOSORBIDE MONONITRATE
73666,LISINOPRIL
73666,METFORMIN
73666,NIACIN
73666,RANOLAZINE
73667,LAMOTRIGINE
73667,SERTRALINE
73668,GLYBURIDE
73669,
73670,
73671,
73672,HYDROCHLOROTHIAZIDE
73673,
73674,
73675,
73676,BUDESONIDE; FORMOTEROL
73677,AMLODIPINE; BENAZEPRIL
73677,HYDROCHLOROTHIAZIDE; TRIAMTERENE
73677,ROSUVASTATIN
73678,
73679,AMOXICILLIN
73679,IBUPROFEN
73680,AMOXICILLIN
73681,
73682,
73683,
73684,BRIMONIDINE; TIMOLOL OPHTHALMIC
73684,GLYBURIDE
73684,LOVASTATIN
73684,METFORMIN
73684,RANITIDINE
73685,
73686,ALBUTEROL
73686,FLUTICASONE
73687,
73688,
73689,ATENOLOL
73690,ATENOLOL
73690,PANTOPRAZOLE
73690,ROPINIROLE
73690,SERTRALINE
73690,TRAMADOL
73691,
73692,GLIMEPIRIDE
73692,METFORMIN
73692,RANITIDINE
73693,HYDROCHLOROTHIAZIDE
73693,LEVOTHYROXINE
73694,ATENOLOL
73694,DONEPEZIL
73694,GLIMEPIRIDE
73694,METFORMIN
73694,OMEGA-3 POLYUNSATURATED FATTY ACIDS
73694,RAMIPRIL
73694,SERTRALINE
73694,SIMVASTATIN
73695,AMLODIPINE
73695,CILOSTAZOL
73695,EZETIMIBE
73695,HYDROCHLOROTHIAZIDE; VALSARTAN
73695,LANSOPRAZOLE
73695,ROSUVASTATIN
73696,
73697,LEVOTHYROXINE
73698,
73699,
73700,
73701,
73702,ALBUTEROL
73702,BECLOMETHASONE
73702,CLOBETASOL TOPICAL
73702,LOSARTAN
73702,METOPROLOL
73702,MOMETASONE
73703,
73704,
73705,
73706,ATORVASTATIN
73706,GLIPIZIDE
73706,LOSARTAN
73706,METFORMIN
73706,METOPROLOL
73706,OMEPRAZOLE
73706,TERAZOSIN
73707,BETAMETHASONE TOPICAL
73707,CLOTRIMAZOLE TOPICAL
73707,HYDROCORTISONE TOPICAL
73707,TACROLIMUS TOPICAL
73707,TRIAMCINOLONE TOPICAL
73708,ATORVASTATIN
73708,GLIPIZIDE
73708,IBUPROFEN
73708,LISINOPRIL
73708,METFORMIN
73709,DILTIAZEM
73709,FLUOXETINE
73709,HYDRALAZINE
73709,SIMVASTATIN
73710,
73711,
73712,
73713,
73714,ETHINYL ESTRADIOL; NORGESTIMATE
73714,HYOSCYAMINE
73715,METFORMIN
73716,
73717,ATORVASTATIN
73717,CARVEDILOL
73717,ISOSORBIDE
73717,LISINOPRIL
73717,WARFARIN
73718,AMLODIPINE
73718,HYDROCHLOROTHIAZIDE
73718,SIMVASTATIN
73719,
73720,HYDROCHLOROTHIAZIDE; LISINOPRIL
73720,METFORMIN
73720,METOPROLOL
73720,ROSUVASTATIN
73721,DILTIAZEM
73721,METOPROLOL
73721,SIMVASTATIN
73722,ALPRAZOLAM
73722,AMOXICILLIN
73722,ATENOLOL
73722,HYDROCHLOROTHIAZIDE
73722,LOSARTAN
73722,OMEPRAZOLE
73722,PAROXETINE
73722,SIMVASTATIN
73723,ACETAMINOPHEN; HYDROCODONE
73723,ATORVASTATIN
73723,COLCHICINE
73723,FEBUXOSTAT
73723,FUROSEMIDE
73723,METFORMIN
73723,METOPROLOL
73723,POTASSIUM CHLORIDE
73723,RIVAROXABAN
73724,
73725,ACETAMINOPHEN; HYDROCODONE
73725,AMANTADINE
73725,CARBIDOPA; LEVODOPA
73725,DULOXETINE
73725,FUROSEMIDE
73725,LOSARTAN
73725,LUBIPROSTONE
73725,OMEPRAZOLE
73725,POTASSIUM CHLORIDE
73725,PRAMIPEXOLE
73725,TEMAZEPAM
73726,
73727,
73728,
73729,BUPROPION
73729,RANITIDINE
73729,RISPERIDONE
73729,TAMSULOSIN
73730,HYDROCHLOROTHIAZIDE
73730,IBUPROFEN
73730,SIMVASTATIN
73731,
73732,TAMSULOSIN
73733,
73734,
73735,
73736,RANITIDINE
73736,TAMSULOSIN
73737,
73738,FORMOTEROL; MOMETASONE
73738,MONTELUKAST
73739,
73740,AMLODIPINE
73740,LOSARTAN
73740,LOVASTATIN
73741,FLUTICASONE NASAL
73741,LISINOPRIL
73741,LORATADINE
73741,NAPROXEN
73741,SIMVASTATIN
73742,
73743,
73744,
73745,
73746,
73747,CARVEDILOL
73747,DONEPEZIL
73747,GLIPIZIDE
73747,METFORMIN
73747,NABUMETONE
73747,PIOGLITAZONE
73747,SIMVASTATIN
73748,AMOXICILLIN
73749,
73750,METHYLPHENIDATE
73750,MONTELUKAST
73751,ARIPIPRAZOLE
73751,OXCARBAZEPINE
73752,
73753,
73754,
73755,ACETAMINOPHEN; OXYCODONE
73755,PREDNISONE
73755,ZOLPIDEM
73756,ALPRAZOLAM
73756,TRAZODONE
73757,SPIRONOLACTONE
73758,99999
73759,
73760,
73761,
73762,
73763,
73764,
73765,
73766,AMITRIPTYLINE
73766,BISOPROLOL
73766,FUROSEMIDE
73766,LIRAGLUTIDE
73766,METFORMIN
73766,PANTOPRAZOLE
73766,SIMVASTATIN
73767,
73768,
73769,
73770,
73771,
73772,ETHINYL ESTRADIOL; LEVONORGESTREL
73772,LAMOTRIGINE
73773,
73774,EZETIMIBE; SIMVASTATIN
73774,HYDROCHLOROTHIAZIDE
73775,
73776,
73777,
73778,BECLOMETHASONE
73778,DIVALPROEX SODIUM
73778,ETODOLAC
73778,EZETIMIBE
73778,FINASTERIDE
73778,FUROSEMIDE
73778,GLIPIZIDE
73778,HYDRALAZINE
73778,HYDROCODONE
73778,LISINOPRIL
73778,METFORMIN
73778,METOPROLOL
73778,OMEPRAZOLE
73778,OXYBUTYNIN
73778,SIMVASTATIN
73778,TAMSULOSIN
73779,
73780,PREDNISONE
73781,CITALOPRAM
73781,ETHINYL ESTRADIOL; LEVONORGESTREL
73781,OXYBUTYNIN
73781,ROSUVASTATIN
73782,CAPTOPRIL
73782,EMTRICITABINE
73782,ETRAVIRINE
73782,OMEPRAZOLE
73782,RALTEGRAVIR
73783,AMPHETAMINE; DEXTROAMPHETAMINE
73783,BUPROPION
73783,CLONAZEPAM
73783,CLONIDINE
73784,
73785,
73786,
73787,CLONIDINE
73787,GEMFIBROZIL
73787,HYDRALAZINE
73787,LOVASTATIN
73787,POTASSIUM CHLORIDE
73787,PROPRANOLOL
73787,VERAPAMIL
73788,
73789,
73790,
73791,
73792,SERTRALINE
73792,SIMVASTATIN
73792,TELMISARTAN
73793,
73794,
73795,ZOLPIDEM
73796,
73797,ALLOPURINOL
73797,ATROPINE; DIPHENOXYLATE
73797,CARVEDILOL
73797,CLOPIDOGREL
73797,COLCHICINE
73797,FUROSEMIDE
73797,GABAPENTIN
73797,HYDROCODONE
73797,INSULIN ASPART
73797,INSULIN GLARGINE
73797,ISOSORBIDE MONONITRATE
73797,LEVOTHYROXINE
73797,LISINOPRIL
73797,METOLAZONE
73797,PREDNISONE
73797,SIMVASTATIN
73797,SPIRONOLACTONE
73797,TEMAZEPAM
73797,VENLAFAXINE
73798,
73799,
73800,ATORVASTATIN
73800,BUPROPION
73800,CLONAZEPAM
73800,DULOXETINE
73800,IBUPROFEN
73800,LISINOPRIL
73800,METFORMIN
73800,METOPROLOL
73800,MINOCYCLINE
73800,OMEPRAZOLE
73801,
73802,
73803,GUANFACINE
73803,RISPERIDONE
73804,GLIMEPIRIDE
73804,LISINOPRIL
73804,METFORMIN
73804,PRAVASTATIN
73805,AMITRIPTYLINE
73805,ETHINYL ESTRADIOL; NORGESTIMATE
73805,RANITIDINE
73806,ATORVASTATIN
73806,FLUOXETINE
73806,HYDROCODONE
73806,WARFARIN
73807,DARIFENACIN
73807,OMEPRAZOLE
73807,ROSUVASTATIN
73808,CITALOPRAM
73808,LEVOTHYROXINE
73808,MELOXICAM
73808,RANITIDINE
73809,ALBUTEROL
73809,FLUTICASONE; SALMETEROL
73809,PRAMIPEXOLE
73810,
73811,HYDROCHLOROTHIAZIDE
73811,TERAZOSIN
73811,VALSARTAN
73812,
73813,
73814,
73815,ACETAMINOPHEN; HYDROCODONE
73815,ALENDRONATE
73815,CARVEDILOL
73815,DULOXETINE
73815,HYDRALAZINE
73815,ISOSORBIDE
73815,LISINOPRIL
73815,METHOTREXATE
73815,OMEPRAZOLE
73815,PREGABALIN
73815,SIMVASTATIN
73815,SPIRONOLACTONE
73816,AMLODIPINE; VALSARTAN
73817,
73818,
73819,
73820,LEVOTHYROXINE
73820,LISINOPRIL
73820,SIMVASTATIN
73821,
73822,
73823,
73824,
73825,HYDROCHLOROTHIAZIDE; LOSARTAN
73826,
73827,
73828,
73829,
73830,ENTECAVIR
73831,ACETAMINOPHEN; HYDROCODONE
73831,ACETAMINOPHEN; OXYCODONE
73831,BUPROPION
73831,BUSPIRONE
73831,ESTRADIOL
73831,FLUTICASONE NASAL
73831,GABAPENTIN
73831,HYDROCHLOROTHIAZIDE
73831,MELOXICAM
73831,TIZANIDINE
73832,ASPIRIN
73832,ATORVASTATIN
73832,CLOPIDOGREL
73832,NIACIN
73832,OMEPRAZOLE
73833,
73834,99999
73835,
73836,FLUTICASONE NASAL
73837,NYSTATIN
73838,OSELTAMIVIR
73839,ACETAMINOPHEN; HYDROCODONE
73839,ALBUTEROL
73839,ALPRAZOLAM
73839,ATORVASTATIN
73839,GABAPENTIN
73839,LISINOPRIL
73839,METFORMIN
73840,HYDROCHLOROTHIAZIDE; LISINOPRIL
73840,LEVOTHYROXINE
73840,OMEPRAZOLE
73840,SIMVASTATIN
73841,
73842,
73843,
73844,ALBUTEROL
73845,ALLOPURINOL
73845,ATENOLOL
73845,LISINOPRIL
73845,PRAVASTATIN
73845,PRAZOSIN
73846,
73847,ALBUTEROL
73848,ALISKIREN
73848,ATORVASTATIN
73849,ALBUTEROL
73849,ANTI-INFECTIVES - UNSPECIFIED
73850,
73851,ATENOLOL
73851,ESTRADIOL
73852,
73853,LISDEXAMFETAMINE
73854,
73855,ALBUTEROL
73855,CARVEDILOL
73855,FLUTICASONE
73855,FUROSEMIDE
73855,LEVOTHYROXINE
73855,LISINOPRIL
73855,METFORMIN
73855,PERPHENAZINE
73855,POTASSIUM CHLORIDE
73855,SERTRALINE
73855,SIMVASTATIN
73855,TIOTROPIUM
73856,
73857,
73858,
73859,
73860,ALBUTEROL
73861,CANDESARTAN
73861,CELECOXIB
73861,ESCITALOPRAM
73861,METOPROLOL
73861,TESTOSTERONE
73862,
73863,
73864,
73865,
73866,ATENOLOL; CHLORTHALIDONE
73867,CITALOPRAM
73867,DABIGATRAN
73867,DILTIAZEM
73867,FUROSEMIDE
73867,HYDROCODONE
73867,METFORMIN
73867,SOTALOL
73868,
73869,
73870,PANTOPRAZOLE
73871,
73872,AMLODIPINE
73872,BISOPROLOL
73872,CLOPIDOGREL
73872,OMEPRAZOLE
73872,SIMVASTATIN
73872,TELMISARTAN
73873,FINASTERIDE
73873,TAMSULOSIN
73874,ALBUTEROL
73875,
73876,
73877,
73878,AMLODIPINE
73879,ACETAMINOPHEN; HYDROCODONE
73879,PANTOPRAZOLE
73880,HYDROCHLOROTHIAZIDE
73880,LISINOPRIL
73880,METFORMIN
73880,OMEPRAZOLE
73881,ALBUTEROL
73881,BUDESONIDE; FORMOTEROL
73881,BUPROPION
73881,LORAZEPAM
73881,OXYCODONE
73882,ETHINYL ESTRADIOL; LEVONORGESTREL
73882,PRAVASTATIN
73882,PREDNISONE
73883,CHLORTHALIDONE
73883,CLONIDINE
73883,GLIMEPIRIDE
73883,INSULIN GLARGINE
73883,OMEPRAZOLE
73884,CHLORPHENIRAMINE; HYDROCODONE
73884,OSELTAMIVIR
73885,
73886,LOSARTAN
73886,MECLIZINE
73886,SERTRALINE
73887,CLONIDINE
73887,METHYLPHENIDATE
73887,METHYLPHENIDATE
73888,LORATADINE; PSEUDOEPHEDRINE
73888,METFORMIN
73888,PRAVASTATIN
73888,TRANDOLAPRIL; VERAPAMIL
73889,
73890,
73891,
73892,
73893,
73894,LISDEXAMFETAMINE
73895,
73896,
73897,ADALIMUMAB
73897,METHOTREXATE
73898,
73899,ATORVASTATIN
73899,BUMETANIDE
73899,CANAGLIFLOZIN
73899,CLONIDINE
73899,CLOPIDOGREL
73899,DOMPERIDONE
73899,ESOMEPRAZOLE
73899,GABAPENTIN
73899,INSULIN REGULAR
73899,METOLAZONE
73899,METOPROLOL
73899,OMEGA-3 POLYUNSATURATED FATTY ACIDS
73899,POTASSIUM CHLORIDE
73899,SPIRONOLACTONE
73899,TESTOSTERONE
73899,VALSARTAN
73899,ZOLPIDEM
73900,FELODIPINE
73900,VALSARTAN
73901,
73902,ESCITALOPRAM
73903,
73904,AZITHROMYCIN
73904,DEXTROMETHORPHAN; PROMETHAZINE
73905,
73906,
73907,
73908,ALLOPURINOL
73908,ATENOLOL
73908,PRAVASTATIN
73909,
73910,DOXYCYCLINE
73911,
73912,CYANOCOBALAMIN
73913,
73914,METFORMIN
73914,PANTOPRAZOLE
73914,QUETIAPINE
73914,QUETIAPINE
73914,RISPERIDONE
73914,TEMAZEPAM
73915,ARIPIPRAZOLE
73915,SERTRALINE
73915,TOPIRAMATE
73916,
73917,CLONIDINE
73917,METHYLPHENIDATE
73918,
73919,
73920,
73921,ACETAMINOPHEN; TRAMADOL
73921,AMOXICILLIN
73921,ATROPINE; DIPHENOXYLATE
73921,FUROSEMIDE
73921,LEVOTHYROXINE
73921,LISINOPRIL
73921,LORAZEPAM
73922,ACETAMINOPHEN; HYDROCODONE
73922,ALPRAZOLAM
73922,GABAPENTIN
73922,HYDROCHLOROTHIAZIDE
73922,LISINOPRIL
73922,PANTOPRAZOLE
73922,SERTRALINE
73922,SIMVASTATIN
73922,THYROID DESICCATED
73923,
73924,ETHINYL ESTRADIOL; LEVONORGESTREL
73924,MESALAMINE
73925,DIPHENHYDRAMINE; PSEUDOEPHEDRINE
73925,GLIPIZIDE
73925,LEVOTHYROXINE
73925,METFORMIN; SITAGLIPTIN
73925,RAMIPRIL
73925,REPAGLINIDE
73925,RISPERIDONE
73925,SERTRALINE
73925,SERTRALINE
73925,SIMVASTATIN
73926,
73927,
73928,
73929,
73930,AZELASTINE NASAL
73930,BESIFLOXACIN OPHTHALMIC
73930,BRIMONIDINE OPHTHALMIC
73930,BRINZOLAMIDE OPHTHALMIC
73930,CLOPIDOGREL
73930,FLUTICASONE; SALMETEROL
73930,IPRATROPIUM
73930,LANSOPRAZOLE
73930,LATANOPROST OPHTHALMIC
73930,LISINOPRIL
73930,POTASSIUM CHLORIDE
73930,SERTRALINE
73930,SIMVASTATIN
73930,SITAGLIPTIN
73930,VERAPAMIL
73931,PROPRANOLOL
73932,AMPHETAMINE; DEXTROAMPHETAMINE
73932,CLONAZEPAM
73932,SERTRALINE
73932,TRAZODONE
73933,
73934,ALBUTEROL
73934,BECLOMETHASONE
73935,
73936,
73937,METRONIDAZOLE
73938,ALBUTEROL
73938,ATENOLOL
73938,CELECOXIB
73938,LEVOTHYROXINE
73938,LISINOPRIL
73939,
73940,
73941,
73942,
73943,
73944,
73945,ALBUTEROL; IPRATROPIUM
73945,AZITHROMYCIN
73945,BENZOYL PEROXIDE TOPICAL
73945,GABAPENTIN
73945,HYDROCHLOROTHIAZIDE
73945,METFORMIN
73945,MUPIROCIN TOPICAL
73945,OMEPRAZOLE
73945,PREDNISONE
73946,CETIRIZINE
73946,MONTELUKAST
73947,
73948,
73949,ATORVASTATIN
73949,LISINOPRIL
73950,AMOXICILLIN
73951,BALSALAZIDE
73951,INFLIXIMAB
73951,MONTELUKAST
73952,BENZTROPINE
73952,RISPERIDONE
73953,
73954,LISDEXAMFETAMINE
73955,
73956,
73957,
73958,ACETAMINOPHEN; BUTALBITAL; CAFFEINE
73959,
73960,LEVALBUTEROL
73961,
73962,
73963,
73964,
73965,
73966,
73967,
73968,
73969,SULFAMETHOXAZOLE; TRIMETHOPRIM
73970,AMPHETAMINE; DEXTROAMPHETAMINE
73970,METHYLPHENIDATE
73971,OMEPRAZOLE
73972,
73973,HYDROCHLOROTHIAZIDE
73973,LABETALOL
73973,LOSARTAN
73974,FLUTICASONE; SALMETEROL
73975,AMLODIPINE; OLMESARTAN
73975,CETIRIZINE
73975,CLOPIDOGREL
73975,FLUOXETINE
73975,PROMETHAZINE
73976,
73977,
73978,
73979,BISOPROLOL; HYDROCHLOROTHIAZIDE
73979,EZETIMIBE
73979,ROSUVASTATIN
73980,
73981,
73982,
73983,
73984,
73985,ALBUTEROL
73985,INSULIN GLARGINE
73985,LISINOPRIL
73985,METFORMIN
73986,
73987,ASPIRIN
73987,FAMOTIDINE
73987,LISINOPRIL
73987,MELOXICAM
73987,METOPROLOL
73987,QUETIAPINE
73987,SERTRALINE
73987,SIMVASTATIN
73988,
73989,
73990,ETHINYL ESTRADIOL; LEVONORGESTREL
73991,
73992,DERMATOLOGICAL AGENTS - UNSPECIFIED
73993,
73994,ALBUTEROL
73994,TESTOSTERONE
73994,TRIAMCINOLONE NASAL
73994,TRIAMCINOLONE TOPICAL
73995,
73996,
73997,
73998,
73999,
74000,
74001,AMLODIPINE
74001,ARIPIPRAZOLE
74001,ATENOLOL
74001,ATORVASTATIN
74001,BUPROPION
74001,GABAPENTIN
74001,METFORMIN
74001,QUETIAPINE
74002,
74003,AMLODIPINE
74003,CLOPIDOGREL
74003,HYDROCHLOROTHIAZIDE; VALSARTAN
74003,METFORMIN
74003,METOLAZONE
74003,PENTOXIFYLLINE
74003,POTASSIUM CHLORIDE
74004,
74005,
74006,
74007,RALOXIFENE
74008,ESTRADIOL
74008,SERTRALINE
74009,
74010,CARBAMAZEPINE
74011,ALLOPURINOL
74011,ATENOLOL
74011,ENALAPRIL
74011,INSULIN GLARGINE
74011,PIOGLITAZONE
74011,ROSUVASTATIN
74011,TRIAMTERENE
74012,HYDROCHLOROTHIAZIDE; LISINOPRIL
74012,INSULIN ASPART
74012,INSULIN GLARGINE
74012,PRAVASTATIN
74013,AMITRIPTYLINE
74013,ESTRADIOL
74013,MEDROXYPROGESTERONE
74013,OMEPRAZOLE
74013,TOPIRAMATE
74014,AMLODIPINE
74014,ATENOLOL
74014,ATORVASTATIN
74014,BENAZEPRIL
74014,CLOTRIMAZOLE TOPICAL
74014,HYDROCHLOROTHIAZIDE
74014,INSULIN ISOPHANE (NPH)
74014,METFORMIN
74015,
74016,
74017,
74018,
74019,
74020,
74021,FLUTICASONE NASAL
74021,MONTELUKAST
74022,CELECOXIB
74022,OMEPRAZOLE
74023,
74024,99999
74025,
74026,
74027,
74028,AMLODIPINE
74028,BENAZEPRIL
74028,CLONIDINE
74028,FUROSEMIDE
74028,HYDRALAZINE
74028,METFORMIN
74028,METOPROLOL
74028,PRAVASTATIN
74029,
74030,ALBUTEROL
74030,BECLOMETHASONE
74031,
74032,ASPIRIN; BUTALBITAL; CAFFEINE
74032,ETHINYL ESTRADIOL; LEVONORGESTREL
74032,LEVOTHYROXINE
74032,LIRAGLUTIDE
74032,METFORMIN
74032,SPIRONOLACTONE
74033,LANSOPRAZOLE
74033,LEVOTHYROXINE
74033,POLYETHYLENE GLYCOL 3350
74033,RIVAROXABAN
74033,RIVAROXABAN
74033,SPIRONOLACTONE
74033,VENLAFAXINE
74034,
74035,
74036,
74037,
74038,RANITIDINE
74039,
74040,
74041,BRIMONIDINE OPHTHALMIC
74041,GLIPIZIDE
74041,LATANOPROST OPHTHALMIC
74041,LISINOPRIL
74041,METFORMIN
74041,TERAZOSIN
74042,
74043,
74044,ALBUTEROL
74044,LISINOPRIL
74045,
74046,
74047,
74048,DIGOXIN
74048,EZETIMIBE
74048,FLECAINIDE
74048,GABAPENTIN
74048,MECLIZINE
74048,SULFAMETHOXAZOLE; TRIMETHOPRIM
74049,
74050,LEVOTHYROXINE
74050,LORAZEPAM
74050,MIRTAZAPINE
74051,
74052,CIPROFLOXACIN
74052,ETHINYL ESTRADIOL; NORELGESTROMIN
74053,
74054,ACETAMINOPHEN; BUTALBITAL; CAFFEINE
74054,CYCLOBENZAPRINE
74054,HYDROCHLOROTHIAZIDE; LISINOPRIL
74054,PRAMIPEXOLE
74055,
74056,
74057,FELODIPINE
74057,HYDROCHLOROTHIAZIDE
74057,POTASSIUM CHLORIDE
74058,
74059,GLYBURIDE
74059,LIRAGLUTIDE
74059,METFORMIN
74059,VALSARTAN
74060,
74061,
74062,CLONIDINE
74062,FUROSEMIDE
74062,HYDROXYZINE
74062,INSULIN ISOPHANE (NPH)
74062,INSULIN REGULAR
74062,LOSARTAN
74062,METOPROLOL
74062,SIMVASTATIN
74063,
74064,
74065,OMEPRAZOLE
74066,
74067,
74068,
74069,
74070,
74071,
74072,
74073,
74074,
74075,AMLODIPINE
74075,ASPIRIN
74075,CARVEDILOL
74075,CLONIDINE
74075,LISINOPRIL
74075,OMEPRAZOLE
74075,TAMSULOSIN
74075,TRAZODONE
74076,ALBUTEROL
74076,AMOXICILLIN
74076,FLUTICASONE
74077,
74078,FINASTERIDE
74078,SIMVASTATIN
74079,
74080,SULFAMETHOXAZOLE; TRIMETHOPRIM
74081,
74082,
74083,ATENOLOL
74083,HYDROCHLOROTHIAZIDE
74083,LOVASTATIN
74084,
74085,ALBUTEROL
74085,AZELASTINE NASAL
74085,DIGOXIN
74085,DILTIAZEM
74085,ENALAPRIL
74085,ESTRADIOL TOPICAL
74085,FUROSEMIDE
74085,ISOSORBIDE DINITRATE
74085,METOPROLOL
74085,MINOXIDIL
74085,TOLTERODINE
74085,WARFARIN
74086,GRISEOFULVIN
74087,ASPIRIN
74087,GABAPENTIN
74087,GLIPIZIDE
74087,LISINOPRIL
74087,METFORMIN
74087,SIMVASTATIN
74088,INSULIN GLARGINE
74088,INSULIN LISPRO
74089,
74090,
74091,
74092,
74093,
74094,
74095,
74096,
74097,BUPROPION
74097,PHENTERMINE
74098,
74099,
74100,99999
74101,
74102,METHYLPHENIDATE
74103,
74104,
74105,
74106,
74107,
74108,
74109,
74110,
74111,
74112,METRONIDAZOLE
74112,SERTRALINE
74113,
74114,
74115,
74116,
74117,
74118,
74119,NAPROXEN
74120,SIMVASTATIN
74121,
74122,LORAZEPAM
74123,IBUPROFEN
74124,ETHINYL ESTRADIOL; ETONOGESTREL
74125,
74126,HYDROCHLOROTHIAZIDE
74127,
74128,AMLODIPINE
74128,ROSUVASTATIN
74129,
74130,
74131,ACETAMINOPHEN; HYDROCODONE
74131,ETODOLAC
74131,MEDROXYPROGESTERONE
74132,AMLODIPINE
74132,BRIMONIDINE; TIMOLOL OPHTHALMIC
74132,DULOXETINE
74132,HYDROCHLOROTHIAZIDE
74132,OMEPRAZOLE
74132,PREDNISOLONE OPHTHALMIC
74133,
74134,
74135,
74136,AMITRIPTYLINE
74136,CYPROHEPTADINE
74136,FLUTICASONE
74136,LEVETIRACETAM
74136,LORATADINE
74136,OMEPRAZOLE
74136,ONDANSETRON
74136,PHENOBARBITAL
74136,POLYETHYLENE GLYCOL 3350
74137,
74138,ATENOLOL
74138,LOSARTAN
74138,RANITIDINE
74139,IBANDRONATE
74140,
74141,CONJUGATED ESTROGENS
74141,METFORMIN
74141,ROSUVASTATIN
74142,INSULIN GLARGINE
74142,LISINOPRIL
74142,METFORMIN
74142,SIMVASTATIN
74143,
74144,
74145,
74146,
74147,AMILORIDE; HYDROCHLOROTHIAZIDE
74147,MELOXICAM
74147,POTASSIUM CHLORIDE
74148,AMLODIPINE
74148,CARBIDOPA
74148,CLOPIDOGREL
74148,DARIFENACIN
74148,ESOMEPRAZOLE
74148,ESTRADIOL
74148,FLURAZEPAM
74148,ISOSORBIDE
74148,RANITIDINE
74148,SERTRALINE
74148,TIZANIDINE
74148,TOPIRAMATE
74148,ZAFIRLUKAST
74149,ALBUTEROL
74149,AZITHROMYCIN
74149,BECLOMETHASONE
74149,TRAMADOL
74150,PHENAZOPYRIDINE
74151,
74152,
74153,ATORVASTATIN
74153,HYDROCHLOROTHIAZIDE; TRIAMTERENE
74153,HYOSCYAMINE
74153,PANTOPRAZOLE
74153,PAROXETINE
74154,
74155,
74156,ALBUTEROL
74157,
74158,ACETAMINOPHEN; OXYCODONE
74158,IBUPROFEN
74159,
74160,LEVOTHYROXINE
74160,PRAVASTATIN
74161,
74162,
74163,
74164,
74165,
74166,PENICILLIN V POTASSIUM
74167,
74168,
74169,
74170,METOPROLOL
74170,WARFARIN
74171,
74172,
74173,ETHINYL ESTRADIOL; NORETHINDRONE
74174,
74175,ATORVASTATIN
74175,METOPROLOL
74176,
74177,
74178,
74179,
74180,
74181,ATORVASTATIN
74181,CLOZAPINE
74181,DIVALPROEX SODIUM
74181,FENOFIBRATE
74181,LISINOPRIL
74181,OXYBUTYNIN
74181,POTASSIUM CHLORIDE
74181,RISPERIDONE
74181,SERTRALINE
74181,TRAZODONE
74182,
74183,
74184,
74185,
74186,CEPHALEXIN
74186,LISINOPRIL
74187,
74188,CARVEDILOL
74188,ISOSORBIDE
74188,LISINOPRIL
74188,ROSUVASTATIN
74188,WARFARIN
74189,AMOXICILLIN
74189,FAMOTIDINE
74190,
74191,
74192,
74193,ALBUTEROL
74193,BENZTROPINE
74193,CLONAZEPAM
74193,LAPATINIB
74193,LETROZOLE
74193,OLANZAPINE
74194,ALBUTEROL
74195,ACETAMINOPHEN; HYDROCODONE
74196,MOMETASONE NASAL
74197,
74198,CHLORDIAZEPOXIDE; CLIDINIUM
74199,
74200,
74201,
74202,ATORVASTATIN
74202,HYDROCHLOROTHIAZIDE; LISINOPRIL
74203,LOSARTAN
74203,TRAMADOL
74204,
74205,ACARBOSE
74206,
74207,
74208,
74209,
74210,
74211,HYDROCHLOROTHIAZIDE
74211,LEVOTHYROXINE
74211,LISINOPRIL
74212,ACETAMINOPHEN; HYDROCODONE
74212,IBUPROFEN
74212,ONDANSETRON
74213,
74214,FENOFIBRATE
74214,HYDROCHLOROTHIAZIDE
74214,METFORMIN
74215,
74216,
74217,
74218,
74219,ATORVASTATIN
74219,DEXAMETHASONE; TOBRAMYCIN OPHTHALMIC
74219,DORZOLAMIDE; TIMOLOL OPHTHALMIC
74219,FENOFIBRATE
74219,LOTEPREDNOL; TOBRAMYCIN OPHTHALMIC
74220,AMOXICILLIN
74220,CODEINE; PHENYLEPHRINE; PROMETHAZINE
74221,
74222,
74223,
74224,
74225,ACETAMINOPHEN; HYDROCODONE
74225,AMLODIPINE
74225,ATENOLOL
74225,DIAZEPAM
74225,GEMFIBROZIL
74225,HYDROCHLOROTHIAZIDE
74225,LEVOTHYROXINE
74225,OMEPRAZOLE
74225,PAROXETINE
74225,ZOLPIDEM
74226,ETHINYL ESTRADIOL; NORGESTIMATE
74227,AMLODIPINE
74227,CARBAMAZEPINE
74227,HYDROCHLOROTHIAZIDE; LOSARTAN
74227,SIMVASTATIN
74228,
74229,
74230,
74231,HYDROCHLOROTHIAZIDE; TRIAMTERENE
74231,MELOXICAM
74231,OXYBUTYNIN
74231,POTASSIUM CHLORIDE
74231,RANITIDINE
74232,
74233,AMOXICILLIN
74233,CLARITHROMYCIN
74233,LANSOPRAZOLE
74233,ONDANSETRON
74234,
74235,
74236,99999
74236,AMOXICILLIN
74237,BUPROPION
74237,CLONAZEPAM
74237,COLESTIPOL
74237,DIVALPROEX SODIUM
74237,FLUTICASONE; SALMETEROL
74237,HYDROCHLOROTHIAZIDE
74237,LAMOTRIGINE
74237,LEVOTHYROXINE
74237,MESALAMINE
74237,OXYBUTYNIN
74237,ZOLPIDEM
74238,
74239,ACETAMINOPHEN; HYDROCODONE
74239,CIPROFLOXACIN
74239,DESOGESTREL; ETHINYL ESTRADIOL
74239,DIVALPROEX SODIUM
74239,INDOMETHACIN
74239,RIZATRIPTAN
74240,DOXAZOSIN
74240,DOXYCYCLINE
74240,GABAPENTIN
74240,HYDROCHLOROTHIAZIDE; VALSARTAN
74240,LETROZOLE
74240,METFORMIN
74240,PRAVASTATIN
74240,SITAGLIPTIN
74241,DESONIDE TOPICAL
74241,FLUOCINOLONE OTIC
74242,AMOXICILLIN; CLAVULANATE
74242,CETIRIZINE
74242,HYDROXYZINE
74243,ETHINYL ESTRADIOL; NORETHINDRONE
74244,
74245,
74246,HYDROCHLOROTHIAZIDE
74246,SIMVASTATIN
74246,TIOTROPIUM
74247,
74248,
74249,
74250,
74251,
74252,MINOCYCLINE
74252,TRETINOIN TOPICAL
74253,GLIPIZIDE
74253,LATANOPROST OPHTHALMIC
74253,LISINOPRIL
74253,LOVASTATIN
74253,METFORMIN
74254,BUDESONIDE; FORMOTEROL
74254,DOCUSATE
74254,FUROSEMIDE
74254,GUAIFENESIN
74254,LISINOPRIL
74254,NAPROXEN
74254,OMEPRAZOLE
74254,OXYCODONE
74254,TAMSULOSIN
74254,TIOTROPIUM
74255,
74256,ANTI-INFECTIVES - UNSPECIFIED
74257,
74258,
74259,
74260,LEVOTHYROXINE
74260,VERAPAMIL
74261,
74262,ATORVASTATIN
74262,CLOPIDOGREL
74262,FUROSEMIDE
74262,INSULIN GLARGINE
74262,LEVOTHYROXINE
74262,METFORMIN
74262,NADOLOL
74262,RAMIPRIL
74262,SERTRALINE
74263,
74264,
74265,
74266,
74267,
74268,
74269,
74270,AMITRIPTYLINE
74270,AMLODIPINE
74270,BUPROPION
74270,ESTRADIOL
74270,MILNACIPRAN
74270,PANTOPRAZOLE
74271,
74272,
74273,
74274,
74275,
74276,FLUOXETINE
74276,HYDROCHLOROTHIAZIDE
74276,LEVOTHYROXINE
74276,LISINOPRIL
74276,NITROFURANTOIN
74276,POTASSIUM CHLORIDE
74277,
74278,LEVOTHYROXINE
74279,
74280,FAMOTIDINE
74280,OMEPRAZOLE
74280,URSODIOL
74280,ZOLPIDEM
74281,
74282,
74283,
74284,HYDROCHLOROTHIAZIDE; LOSARTAN
74284,NIFEDIPINE
74285,
74286,
74287,CLOPIDOGREL
74287,DOXAZOSIN
74287,HYDROCHLOROTHIAZIDE
74287,PRAVASTATIN
74288,
74289,
74290,ATORVASTATIN
74290,DULOXETINE
74290,GLIMEPIRIDE
74290,HYDROCHLOROTHIAZIDE; LISINOPRIL
74290,METFORMIN
74290,PIOGLITAZONE
74291,
74292,LEVOTHYROXINE
74292,LISINOPRIL
74293,ETHINYL ESTRADIOL; NORETHINDRONE
74294,ALBUTEROL
74294,BUPROPION
74294,CARVEDILOL
74294,CLOPIDOGREL
74294,GABAPENTIN
74294,INSULIN REGULAR
74294,METOPROLOL
74294,PANTOPRAZOLE
74294,PAROXETINE
74294,PREDNISONE
74294,SEVELAMER
74295,
74296,ARIPIPRAZOLE
74297,
74298,CARVEDILOL
74298,LEVOTHYROXINE
74298,LEVOTHYROXINE
74298,LISINOPRIL
74298,POTASSIUM CHLORIDE
74299,
74300,TADALAFIL
74301,FLUTICASONE NASAL
74302,CYCLOBENZAPRINE
74302,HYDROCODONE
74302,METFORMIN
74302,OMEPRAZOLE
74302,SIMVASTATIN
74303,
74304,FUROSEMIDE
74304,LISINOPRIL
74304,METOPROLOL
74305,TAMSULOSIN
74306,ACETAMINOPHEN; HYDROCODONE
74306,DICLOFENAC
74306,DULOXETINE
74306,INSULIN DETEMIR
74306,INSULIN LISPRO
74306,LOSARTAN
74306,METOPROLOL
74306,OMEPRAZOLE
74306,SIMVASTATIN
74306,SULFAMETHOXAZOLE; TRIMETHOPRIM
74306,TRAMADOL
74307,
74308,METHYLPHENIDATE
74309,
74310,ATORVASTATIN
74310,CONJUGATED ESTROGENS
74310,DULOXETINE
74311,
74312,
74313,AMLODIPINE
74313,ATENOLOL
74313,LEVOTHYROXINE
74313,LISINOPRIL
74314,
74315,
74316,
74317,
74318,
74319,ALENDRONATE
74319,LISINOPRIL
74320,
74321,
74322,
74323,
74324,BUSPIRONE
74324,CITALOPRAM
74324,LOSARTAN
74325,
74326,
74327,
74328,
74329,BIMATOPROST OPHTHALMIC
74329,BRIMONIDINE OPHTHALMIC
74329,DORZOLAMIDE; TIMOLOL OPHTHALMIC
74330,
74331,
74332,
74333,
74334,
74335,
74336,
74337,
74338,
74339,
74340,ATORVASTATIN
74340,EFAVIRENZ; EMTRICITABINE; TENOFOVIR
74340,FENOFIBRATE
74340,TRIAMCINOLONE TOPICAL
74341,ATORVASTATIN
74341,LISINOPRIL
74341,METFORMIN
74342,METHYLPHENIDATE
74343,
74344,
74345,SIMVASTATIN
74346,ATORVASTATIN
74346,CARVEDILOL
74346,CLOPIDOGREL
74346,DIGOXIN
74346,FUROSEMIDE
74346,LOSARTAN
74347,
74348,FLUOXETINE
74348,METOPROLOL
74348,ZOLPIDEM
74349,HYDROCHLOROTHIAZIDE
74350,ATORVASTATIN
74350,CARISOPRODOL
74350,HYDROCODONE
74350,LOSARTAN
74350,OXYCODONE
74351,
74352,
74353,CLONAZEPAM
74354,
74355,
74356,
74357,ANTIHYPERLIPIDEMIC AGENTS - UNSPECIFIED
74357,INSULIN GLARGINE
74357,INSULIN LISPRO
74358,
74359,LISINOPRIL
74360,
74361,
74362,
74363,
74364,
74365,
74366,FLUTICASONE NASAL
74366,HYDROCHLOROTHIAZIDE; LISINOPRIL
74366,ROSUVASTATIN
74367,ANTIHYPERTENSIVE AGENTS - UNSPECIFIED
74368,ALPRAZOLAM
74368,ESTRADIOL
74368,TOPIRAMATE
74369,
74370,
74371,CYPROHEPTADINE
74371,PANTOPRAZOLE
74372,
74373,
74374,ALPRAZOLAM
74374,CONJUGATED ESTROGENS; MEDROXYPROGESTERONE
74374,LANSOPRAZOLE
74374,LEVOTHYROXINE
74374,METFORMIN; SAXAGLIPTIN
74374,METOPROLOL
74374,ROSUVASTATIN
74374,SOLIFENACIN
74374,VALSARTAN
74375,CAPTOPRIL
74375,GLYBURIDE
74375,METFORMIN
74376,
74377,
74378,
74379,
74380,METHADONE
74381,AZITHROMYCIN
74382,
74383,
74384,
74385,FLECAINIDE
74385,GLYBURIDE
74385,INSULIN
74385,INSULIN ISOPHANE; INSULIN REGULAR
74385,LEVOTHYROXINE
74385,METFORMIN
74385,SIMVASTATIN
74386,ACYCLOVIR
74387,
74388,ENALAPRIL
74388,FENOFIBRATE
74388,GLYBURIDE
74388,METFORMIN
74389,
74390,
74391,
74392,
74393,
74394,SIMVASTATIN
74395,AMLODIPINE
74395,FUROSEMIDE
74395,HYDROCHLOROTHIAZIDE; LOSARTAN
74395,PRIMIDONE
74395,PROPRANOLOL
74395,TAMSULOSIN
74396,ETHINYL ESTRADIOL; NORGESTIMATE
74396,PAROXETINE
74397,
74398,
74399,ACETAMINOPHEN; BUTALBITAL; CAFFEINE; CODEINE
74399,ACETAMINOPHEN; OXYCODONE
74399,ALBUTEROL
74400,
74401,
74402,ACETAMINOPHEN; HYDROCODONE
74402,GABAPENTIN
74402,METHADONE
74402,RANITIDINE
74402,SERTRALINE
74403,
74404,
74405,
74406,
74407,
74408,CLONAZEPAM
74408,OLANZAPINE
74408,ZOLPIDEM
74409,
74410,LISDEXAMFETAMINE
74411,TRAMADOL
74412,
74413,ATENOLOL
74413,CITALOPRAM
74413,HYOSCYAMINE
74413,LEVOTHYROXINE
74413,PROMETHAZINE
74414,
74415,
74416,
74417,AMLODIPINE; VALSARTAN
74418,
74419,ATORVASTATIN
74419,BIMATOPROST OPHTHALMIC
74419,BRIMONIDINE OPHTHALMIC
74419,PRAMIPEXOLE
74420,
74421,ALPRAZOLAM
74421,ZOLPIDEM
74422,
74423,
74424,BUPROPION
74424,LEVOTHYROXINE
74424,SERTRALINE
74425,
74426,
74427,
74428,
74429,
74430,CLONIDINE
74430,METHYLPHENIDATE
74430,SERTRALINE
74431,RANITIDINE
74432,
74433,
74434,
74435,
74436,METFORMIN
74436,OLMESARTAN
74436,ROSUVASTATIN
74437,
74438,
74439,
74440,SERTRALINE
74441,ONDANSETRON
74442,LORATADINE
74442,SIMVASTATIN
74442,ZOLPIDEM
74443,
74444,
74445,
74446,ALPRAZOLAM
74446,ATORVASTATIN
74446,ESCITALOPRAM
74446,HYDROXYZINE
74446,LISINOPRIL
74446,OMEGA-3 POLYUNSATURATED FATTY ACIDS
74446,RANITIDINE
74446,THYROID DESICCATED
74447,
74448,
74449,
74450,
74451,HYDROCHLOROTHIAZIDE; LISINOPRIL
74451,LOVASTATIN
74451,TRAZODONE
74452,
74453,AMOXICILLIN
74454,
74455,
74456,
74457,
74458,
74459,FLUOXETINE
74459,HYDROCHLOROTHIAZIDE; LISINOPRIL
74459,LEVOTHYROXINE
74459,MELOXICAM
74459,RANITIDINE
74459,SIMVASTATIN
74460,
74461,
74462,HYDROCHLOROTHIAZIDE
74463,LEVOTHYROXINE
74464,BUPROPION
74464,CIPROFLOXACIN
74464,HYDROCORTISONE
74464,LEVOTHYROXINE
74464,METFORMIN; SITAGLIPTIN
74464,QUETIAPINE
74464,THYROID DESICCATED
74464,TRAMADOL
74465,AMLODIPINE
74465,FUROSEMIDE
74465,GABAPENTIN
74465,GLIPIZIDE
74465,HYDRALAZINE
74465,INSULIN GLARGINE
74465,LISINOPRIL
74465,OMEPRAZOLE
74465,SIMVASTATIN
74466,LISINOPRIL
74466,RANITIDINE
74467,
74468,
74469,
74470,
74471,
74472,CEPHALEXIN
74473,ACETAMINOPHEN; HYDROCODONE
74473,ARMODAFINIL
74473,CARBIDOPA; LEVODOPA
74473,DIGOXIN
74473,DIVALPROEX SODIUM
74473,ENALAPRIL
74473,LORAZEPAM
74473,PAROXETINE
74473,PROPRANOLOL
74473,ZOLPIDEM
74474,99999
74475,
74476,AMMONIUM LACTATE TOPICAL
74476,CLOBETASOL TOPICAL
74477,
74478,
74479,LEVOTHYROXINE
74480,
74481,HYDROCHLOROTHIAZIDE
74482,
74483,AMOXICILLIN
74483,ANTIPYRINE; BENZOCAINE OTIC
74483,CETIRIZINE
74484,
74485,
74486,ALENDRONATE
74486,LEVOTHYROXINE
74486,TIOTROPIUM
74486,TRIAMTERENE
74486,VERAPAMIL
74486,WARFARIN
74487,ATENOLOL; CHLORTHALIDONE
74487,CILOSTAZOL
74487,PRAVASTATIN
74488,
74489,PROGESTERONE
74490,ATORVASTATIN
74490,HYDROCHLOROTHIAZIDE; OLMESARTAN
74491,
74492,
74493,
74494,
74495,
74496,ALBUTEROL
74497,
74498,IBUPROFEN
74498,TRAMADOL
74499,CLINDAMYCIN
74500,
74501,
74502,
74503,
74504,ETHINYL ESTRADIOL; NORETHINDRONE
74505,ETHINYL ESTRADIOL; NORGESTIMATE
74505,FLUOXETINE
74506,
74507,
74508,
74509,
74510,CELECOXIB
74510,ESOMEPRAZOLE
74510,ESZOPICLONE
74510,HYDROCHLOROTHIAZIDE
74510,LISINOPRIL
74510,TESTOSTERONE
74511,
74512,AMLODIPINE
74512,CLONIDINE
74512,FUROSEMIDE
74512,GLIMEPIRIDE
74512,INSULIN GLARGINE
74512,METFORMIN
74512,METOPROLOL
74513,
74514,
74515,
74516,
74517,
74518,
74519,ACETAMINOPHEN; HYDROCODONE
74519,CITALOPRAM
74519,CLONAZEPAM
74519,GABAPENTIN
74519,LEVOTHYROXINE
74519,OXYBUTYNIN
74519,OXYCODONE
74519,OXYCODONE
74519,QUETIAPINE
74519,TEMAZEPAM
74520,
74521,
74522,
74523,ALBUTEROL
74523,ALBUTEROL
74523,FLUTICASONE NASAL
74523,FLUTICASONE; SALMETEROL
74523,QUINAPRIL
74524,
74525,FLUTICASONE NASAL
74526,ATORVASTATIN
74526,GABAPENTIN
74526,LISINOPRIL
74526,METFORMIN
74526,QUETIAPINE
74526,RANITIDINE
74526,SERTRALINE
74526,WARFARIN
74527,
74528,
74529,
74530,
74531,ACETAMINOPHEN; HYDROCODONE
74531,ALBUTEROL; IPRATROPIUM
74531,ATORVASTATIN
74531,CARVEDILOL
74531,DOCUSATE
74531,HYDROCHLOROTHIAZIDE; LOSARTAN
74531,METOCLOPRAMIDE
74531,MORPHINE
74531,POTASSIUM CHLORIDE
74531,TIZANIDINE
74531,TORSEMIDE
74531,TROSPIUM
74532,
74533,AMOXICILLIN
74534,
74535,
74536,ASPIRIN
74536,ATORVASTATIN
74536,LISINOPRIL
74536,METFORMIN
74536,TERAZOSIN
74537,
74538,CLONIDINE
74538,LISINOPRIL
74538,METFORMIN
74538,SIMVASTATIN
74539,ATORVASTATIN
74539,BUPROPION
74539,CLOPIDOGREL
74539,DIAZEPAM
74539,LOSARTAN
74539,MECLIZINE
74539,METOPROLOL
74539,MORPHINE
74539,OXYCODONE
74539,PANTOPRAZOLE
74539,POLYETHYLENE GLYCOL 3350
74539,RANITIDINE
74539,SERTRALINE
74539,TOPIRAMATE
74540,LEVOTHYROXINE
74541,
74542,
74543,
74544,
74545,
74546,
74547,
74548,METFORMIN
74549,ENALAPRIL
74549,FENOFIBRATE
74549,GABAPENTIN
74549,GLYBURIDE
74549,METFORMIN
74550,AZITHROMYCIN
74550,PREDNISOLONE
74551,
74552,AMLODIPINE
74553,
74554,ALPRAZOLAM
74554,DESVENLAFAXINE
74554,LAMOTRIGINE
74554,LEVOTHYROXINE
74554,LORAZEPAM
74555,
74556,BUPROPION
74556,ETHINYL ESTRADIOL; NORETHINDRONE
74557,
74558,ALBUTEROL
74558,AMOXICILLIN; CLAVULANATE
74558,BECLOMETHASONE
74558,METOCLOPRAMIDE
74559,ALBUTEROL
74559,BECLOMETHASONE
74559,MONTELUKAST
74560,
74561,
74562,AMLODIPINE; OLMESARTAN
74562,FEBUXOSTAT
74563,PANTOPRAZOLE
74564,ETHINYL ESTRADIOL; NORGESTIMATE
74565,
74566,ALBUTEROL
74566,AMITRIPTYLINE
74566,BUPROPION
74566,CHLORHEXIDINE TOPICAL
74566,CITALOPRAM
74566,DIAZEPAM
74566,ESOMEPRAZOLE
74566,ESTRADIOL
74566,FLUTICASONE; SALMETEROL
74566,GABAPENTIN
74566,LEVOTHYROXINE
74566,METOPROLOL
74566,MOMETASONE NASAL
74566,MONTELUKAST
74566,OMEGA-3 POLYUNSATURATED FATTY ACIDS
74566,ONDANSETRON
74566,OXYCODONE
74566,ZOLPIDEM
74567,BUPROPION
74567,DULOXETINE
74567,ESTRADIOL
74567,SIMVASTATIN
74568,
74569,
74570,ACETAMINOPHEN; HYDROCODONE
74570,ALENDRONATE
74570,OXYCODONE
74571,FLUTICASONE NASAL
74571,LISINOPRIL
74571,PSEUDOEPHEDRINE
74571,PSEUDOEPHEDRINE
74572,
74573,
74574,BENAZEPRIL; HYDROCHLOROTHIAZIDE
74575,
74576,DILTIAZEM
74576,ENALAPRIL
74576,FUROSEMIDE
74576,OMEPRAZOLE; SODIUM BICARBONATE
74576,PRAVASTATIN
74577,
74578,
74579,ALLOPURINOL
74579,ASPIRIN
74579,CARVEDILOL
74579,CLOPIDOGREL
74579,ISOSORBIDE MONONITRATE
74579,PANTOPRAZOLE
74579,PRAVASTATIN
74579,TRAMADOL
74580,
74581,CIMETIDINE
74582,
74583,ATORVASTATIN
74583,CARVEDILOL
74583,CLOPIDOGREL
74583,FUROSEMIDE
74583,LISINOPRIL
74584,
74585,
74586,
74587,BUPROPION
74587,GABAPENTIN
74587,METHYLPHENIDATE
74587,OXYCODONE
74587,SERTRALINE
74587,SIMVASTATIN
74587,VALPROIC ACID
74588,ATORVASTATIN
74588,INSULIN GLARGINE
74588,METFORMIN
74589,
74590,
74591,AMLODIPINE
74591,ARIPIPRAZOLE
74591,SOLIFENACIN
74592,
74593,
74594,LEVOTHYROXINE
74594,VALSARTAN
74595,ALBUTEROL
74595,LEVALBUTEROL
74596,AMLODIPINE
74596,FUROSEMIDE
74596,HYDRALAZINE
74596,LABETALOL
74596,MYCOPHENOLATE MOFETIL
74596,PREDNISONE
74596,PROGESTERONE
74596,TACROLIMUS
74597,
74598,BISOPROLOL
74598,CARVEDILOL
74598,FUROSEMIDE
74598,INSULIN GLARGINE
74598,LEVOTHYROXINE
74598,NIFEDIPINE
74598,SIMVASTATIN
74599,
74600,ATORVASTATIN
74600,BISOPROLOL; HYDROCHLOROTHIAZIDE
74601,AMITRIPTYLINE
74601,IBUPROFEN
74602,
74603,
74604,
74605,DIAZEPAM
74605,DICLOFENAC TOPICAL
74605,HYDROCHLOROTHIAZIDE; LISINOPRIL
74605,ROSUVASTATIN
74605,SERTRALINE
74605,ZOLPIDEM
74606,
74607,ATORVASTATIN
74608,
74609,
74610,ALBUTEROL
74610,PREDNISOLONE
74611,ACETAMINOPHEN; HYDROCODONE
74611,ALLOPURINOL
74611,AMLODIPINE
74611,BUDESONIDE; FORMOTEROL
74611,CYCLOSPORINE OPHTHALMIC
74611,FLUNISOLIDE NASAL
74611,FUROSEMIDE
74611,GABAPENTIN
74611,LEVOTHYROXINE
74611,PILOCARPINE
74611,POTASSIUM CHLORIDE
74611,ROSUVASTATIN
74611,SODIUM CHLORIDE
74611,TIOTROPIUM
74612,ALPRAZOLAM
74612,ESTRADIOL
74612,LEVOTHYROXINE
74612,MEDROXYPROGESTERONE
74612,MOMETASONE NASAL
74612,PAROXETINE
74612,ROSUVASTATIN
74612,ZOLMITRIPTAN
74613,ACETAMINOPHEN; HYDROCODONE
74613,ALBUTEROL
74613,CYCLOBENZAPRINE
74613,FLUTICASONE
74613,IBUPROFEN
74614,
74615,
74616,NAPROXEN
74617,
74618,
74619,CITALOPRAM
74619,GLIMEPIRIDE
74619,HYDROCHLOROTHIAZIDE; LOSARTAN
74619,METFORMIN
74619,METOPROLOL
74619,SIMVASTATIN
74619,TAMSULOSIN
74619,WARFARIN
74620,
74621,
74622,
74623,ALPRAZOLAM
74623,CYCLOBENZAPRINE
74623,DICYCLOMINE
74623,IBUPROFEN
74623,SUMATRIPTAN
74624,ALPRAZOLAM
74624,BUPROPION
74624,FUROSEMIDE
74624,HYDROCHLOROTHIAZIDE; LISINOPRIL
74624,POTASSIUM CHLORIDE
74624,TOPIRAMATE
74625,
74626,
74627,
74628,
74629,ALBUTEROL
74629,FLUTICASONE NASAL
74630,
74631,
74632,
74633,SERTRALINE
74634,
74635,PREDNISOLONE
74636,AZITHROMYCIN
74637,OMEPRAZOLE
74638,
74639,CYCLOBENZAPRINE
74640,
74641,ALBUTEROL
74642,
74643,
74644,
74645,ATORVASTATIN
74645,ESTRADIOL
74645,EZETIMIBE
74645,FENOFIBRATE
74645,GABAPENTIN
74645,LEVOTHYROXINE
74646,
74647,
74648,BENZOYL PEROXIDE; CLINDAMYCIN TOPICAL
74649,ALBUTEROL
74649,BUDESONIDE
74649,FLUTICASONE TOPICAL
74650,
74651,GUANFACINE
74651,METHYLPHENIDATE
74651,RISPERIDONE
74652,
74653,
74654,AMLODIPINE; BENAZEPRIL
74654,ATORVASTATIN
74654,LEVOTHYROXINE
74654,METFORMIN; SITAGLIPTIN
74655,DOXYCYCLINE
74656,ATORVASTATIN
74656,FLUOXETINE
74656,LOSARTAN
74656,METFORMIN; SITAGLIPTIN
74657,
74658,
74659,
74660,IBUPROFEN
74661,ACETAMINOPHEN; TRAMADOL
74661,ATORVASTATIN
74661,CLONIDINE
74661,SILDENAFIL
74661,TIZANIDINE
74662,
74663,
74664,
74665,
74666,
74667,ALBUTEROL
74667,BECLOMETHASONE
74667,FLUTICASONE NASAL
74667,MONTELUKAST
74668,DIGOXIN
74668,LEVOTHYROXINE
74668,METFORMIN
74668,PRAVASTATIN
74668,VENLAFAXINE
74669,ACETAMINOPHEN; HYDROCODONE
74669,ALPRAZOLAM
74669,AMLODIPINE
74669,BUPROPION
74669,FLUOXETINE
74669,LEVOTHYROXINE
74669,MELOXICAM
74669,METOPROLOL
74669,MONTELUKAST
74669,OMEPRAZOLE
74669,POTASSIUM CHLORIDE
74670,ATENOLOL
74670,HYDROCHLOROTHIAZIDE
74670,LOSARTAN
74670,URSODIOL
74671,
74672,
74673,
74674,ADALIMUMAB
74674,CARVEDILOL
74674,FLUTICASONE; SALMETEROL
74674,PREDNISONE
74675,ETHINYL ESTRADIOL; NORGESTREL
74676,CARVEDILOL
74676,HYDROCHLOROTHIAZIDE; LOSARTAN
74676,INSULIN
74676,LINAGLIPTIN; METFORMIN
74676,OMEPRAZOLE
74676,ROSUVASTATIN
74677,
74678,
74679,
74680,
74681,
74682,
74683,
74684,
74685,DOCUSATE
74685,GABAPENTIN
74685,SENNA
74686,
74687,
74688,
74689,
74690,CLONIDINE
74691,
74692,
74693,
74694,99999
74694,ATENOLOL
74694,ATORVASTATIN
74694,LISINOPRIL
74695,
74696,ALBUTEROL
74696,SERTRALINE
74697,
74698,
74699,DULOXETINE
74700,
74701,
74702,ATORVASTATIN
74702,CLOPIDOGREL
74702,DIGOXIN
74702,LISINOPRIL
74702,SULFAMETHOXAZOLE; TRIMETHOPRIM
74702,TAMSULOSIN
74702,WARFARIN
74703,
74704,ALBUTEROL
74704,AMITRIPTYLINE
74704,CYCLOBENZAPRINE
74704,FLUOXETINE
74704,HYDROCHLOROTHIAZIDE
74704,LEVOTHYROXINE
74704,MECLIZINE
74704,MONTELUKAST
74704,OMEPRAZOLE
74704,ZOLPIDEM
74705,
74706,
74707,
74708,CLOPIDOGREL
74708,METFORMIN
74708,SIMVASTATIN
74709,
74710,
74711,
74712,
74713,AMOXICILLIN
74714,FUROSEMIDE
74714,NADOLOL
74714,RIFAXIMIN
74714,SIMEPREVIR
74714,SOFOSBUVIR
74714,SPIRONOLACTONE
74715,
74716,
74717,
74718,AMLODIPINE
74718,BECLOMETHASONE NASAL
74718,ESOMEPRAZOLE
74718,FAMOTIDINE
74718,FEBUXOSTAT
74718,OLOPATADINE OPHTHALMIC
74718,OXYBUTYNIN
74718,PREGABALIN
74718,ROSUVASTATIN
74719,ALBUTEROL
74719,AMOXICILLIN
74719,FLUTICASONE NASAL
74720,
74721,DESIPRAMINE
74721,ILOPERIDONE
74721,LAMOTRIGINE
74722,
74723,ALLOPURINOL
74723,ICOSAPENT
74723,METFORMIN
74723,METOPROLOL
74723,POTASSIUM CHLORIDE
74723,RAMIPRIL
74723,ROSUVASTATIN
74723,SPIRONOLACTONE
74723,TESTOSTERONE
74723,TRAMADOL
74724,
74725,
74726,CLONIDINE
74726,DEXTROAMPHETAMINE
74726,RISPERIDONE
74727,
74728,
74729,
74730,
74731,
74732,ATENOLOL
74732,BECLOMETHASONE
74733,CLINDAMYCIN
74734,
74735,
74736,
74737,77777
74738,
74739,
74740,
74741,HYDROCHLOROTHIAZIDE
74741,LOSARTAN
74741,METOPROLOL
74741,SIMVASTATIN
74741,TERAZOSIN
74742,ENALAPRIL; HYDROCHLOROTHIAZIDE
74743,
74744,
74745,AMLODIPINE
74745,HYDROCHLOROTHIAZIDE; TRIAMTERENE
74746,BRIMONIDINE OPHTHALMIC
74746,DICLOFENAC OPHTHALMIC
74746,LOSARTAN
74746,PREDNISOLONE
74747,CLONAZEPAM
74747,CLOPIDOGREL
74747,DILTIAZEM
74747,SIMVASTATIN
74748,LISINOPRIL
74748,SIMVASTATIN
74749,DOXYCYCLINE
74750,
74751,ESOMEPRAZOLE
74751,VERAPAMIL
74752,
74753,
74754,
74755,
74756,ATENOLOL
74756,CYCLOBENZAPRINE
74756,FAMOTIDINE
74756,IBUPROFEN
74756,LEVOTHYROXINE
74756,LOVASTATIN
74756,METFORMIN
74757,
74758,
74759,
74760,HYDROCHLOROTHIAZIDE
74760,IBUPROFEN
74760,LISINOPRIL
74760,LORATADINE
74760,NAPROXEN
74760,OMEPRAZOLE
74760,TIZANIDINE
74761,
74762,
74763,
74764,
74765,
74766,ETHINYL ESTRADIOL; NORGESTIMATE
74767,
74768,AMOXICILLIN
74769,HYDROCHLOROTHIAZIDE
74769,INSULIN GLARGINE
74769,INSULIN LISPRO
74769,RAMIPRIL
74769,SIMVASTATIN
74770,
74771,
74772,PROPRANOLOL
74773,AMLODIPINE
74773,BRIMONIDINE; TIMOLOL OPHTHALMIC
74773,CLOPIDOGREL
74773,LORAZEPAM
74773,METHOCARBAMOL
74773,PAROXETINE
74773,PHENYTOIN
74773,TRIAMTERENE
74774,
74775,
74776,
74777,
74778,NORTRIPTYLINE
74778,ONDANSETRON
74779,ATORVASTATIN
74780,
74781,AMLODIPINE
74781,ATORVASTATIN
74781,LEVOTHYROXINE
74781,LISINOPRIL
74781,METFORMIN
74782,CYCLOSPORINE OPHTHALMIC
74782,LORAZEPAM
74782,MELOXICAM
74782,ZOLPIDEM
74783,
74784,METFORMIN
74784,SIMVASTATIN
74785,
74786,
74787,BUPROPION
74787,DIVALPROEX SODIUM
74787,FLUOXETINE
74788,
74789,
74790,CELECOXIB
74790,DONEPEZIL
74790,LEVOTHYROXINE
74790,OXYBUTYNIN
74790,PRAMIPEXOLE
74790,SIMVASTATIN
74791,ATENOLOL
74791,ATORVASTATIN
74791,CLONAZEPAM
74791,CLONIDINE
74791,HYDROCHLOROTHIAZIDE; VALSARTAN
74791,LEVOTHYROXINE
74791,PROPRANOLOL
74791,TRAZODONE
74792,99999
74793,
74794,
74795,
74796,
74797,CONJUGATED ESTROGENS
74797,LISINOPRIL
74797,SIMVASTATIN
74798,
74799,
74800,
74801,
74802,
74803,
74804,ARIPIPRAZOLE
74804,HYDROCHLOROTHIAZIDE
74804,OMEPRAZOLE
74804,TOPIRAMATE
74804,VERAPAMIL
74804,VILAZODONE
74805,
74806,
74807,LEVOTHYROXINE
74808,
74809,
74810,AMOXICILLIN
74811,DESONIDE TOPICAL
74811,NYSTATIN TOPICAL
74812,BUPROPION
74812,CLONIDINE
74812,HYDROCHLOROTHIAZIDE; LOSARTAN
74812,METHADONE
74813,
74814,SERTRALINE
74814,TRAZODONE
74815,AMLODIPINE
74815,LOSARTAN
74815,SIMVASTATIN
74816,
74817,
74818,
74819,
74820,
74821,
74822,ESCITALOPRAM
74823,HYDROCHLOROTHIAZIDE; LISINOPRIL
74823,INSULIN REGULAR
74823,METFORMIN
74823,METOPROLOL
74823,PIOGLITAZONE
74823,SIMVASTATIN
74824,DESOGESTREL; ETHINYL ESTRADIOL
74825,
74826,
74827,
74828,
74829,
74830,
74831,CHLORTHALIDONE
74831,ESCITALOPRAM
74831,LEVOTHYROXINE
74831,METOPROLOL
74831,POTASSIUM CHLORIDE
74832,HYDROCHLOROTHIAZIDE; LISINOPRIL
74833,
74834,
74835,AZITHROMYCIN
74836,
74837,ALPRAZOLAM
74837,AMLODIPINE
74837,LEVOTHYROXINE
74837,METFORMIN
74837,PRAVASTATIN
74837,SERTRALINE
74838,
74839,OMEPRAZOLE
74840,
74841,HYDROXYCHLOROQUINE
74841,LEFLUNOMIDE
74841,LISINOPRIL
74841,METHOTREXATE
74841,MORPHINE
74841,OXYCODONE
74841,PANTOPRAZOLE
74841,PREDNISONE
74842,
74843,
74844,
74845,FLUCONAZOLE
74846,
74847,
74848,
74849,CICLESONIDE NASAL
74849,MONTELUKAST
74849,OLOPATADINE OPHTHALMIC
74850,
74851,FUROSEMIDE
74851,OMEPRAZOLE
74851,POTASSIUM CHLORIDE
74851,TRIAMCINOLONE TOPICAL
74852,
74853,BUPROPION
74853,ESTRADIOL
74853,MEGESTROL
74853,SERTRALINE
74854,IBUPROFEN
74855,
74856,CETIRIZINE
74857,
74858,
74859,CARVEDILOL
74859,CLOBETASOL TOPICAL
74859,HYDROXYZINE
74859,LISINOPRIL
74859,SEVELAMER
74859,TRIAMCINOLONE TOPICAL
74859,ZOLPIDEM
74860,
74861,99999
74861,AMITRIPTYLINE
74861,ESOMEPRAZOLE
74861,INSULIN GLARGINE
74861,METFORMIN
74862,AMITRIPTYLINE
74862,DIAZEPAM
74862,GABAPENTIN
74862,HYDROCHLOROTHIAZIDE
74862,HYDROXYZINE
74862,LAMOTRIGINE
74862,LEVETIRACETAM
74862,PROMETHAZINE
74862,PROPRANOLOL
74862,SIMVASTATIN
74863,
74864,
74865,METFORMIN
74865,TOLTERODINE
74866,ARIPIPRAZOLE
74866,ATENOLOL
74866,ESCITALOPRAM
74867,CELECOXIB
74867,ETHINYL ESTRADIOL; NORETHINDRONE
74868,
74869,ALBUTEROL
74869,AZITHROMYCIN
74869,BISOPROLOL
74869,FLUTICASONE; SALMETEROL
74869,METHYLPREDNISOLONE
74870,
74871,
74872,BUPROPION
74873,
74874,
74875,
74876,
74877,
74878,PRAZOSIN
74878,VALSARTAN
74879,
74880,
74881,
74882,
74883,TRIAMCINOLONE TOPICAL
74884,99999
74884,ALBUTEROL
74884,ALBUTEROL; IPRATROPIUM
74885,ACETAMINOPHEN; HYDROCODONE
74885,ALENDRONATE
74885,ANASTROZOLE
74885,BUDESONIDE; FORMOTEROL
74885,CLONAZEPAM
74885,GABAPENTIN
74885,HYDROXYCHLOROQUINE
74885,METOCLOPRAMIDE
74885,OMEPRAZOLE
74885,PAROXETINE
74885,PREDNISONE
74885,TEMAZEPAM
74886,ETHINYL ESTRADIOL; NORELGESTROMIN
74886,RIFAMPIN
74887,
74888,
74889,
74890,
74891,GLYBURIDE
74892,
74893,AMOXICILLIN; CLAVULANATE
74893,VALSARTAN
74894,ALBUTEROL
74894,TACROLIMUS TOPICAL
74894,TRIAMCINOLONE
74895,ALBUTEROL
74896,
74897,
74898,BUDESONIDE
74898,CIPROFLOXACIN
74898,FUROSEMIDE
74898,LEVALBUTEROL
74898,MONTELUKAST
74898,POLYETHYLENE GLYCOL 3350
74898,PREDNISONE
74898,PROPRANOLOL
74898,RANITIDINE
74899,
74900,ACETAMINOPHEN; HYDROCODONE
74900,ALPRAZOLAM
74900,ATORVASTATIN
74900,DONEPEZIL
74900,HYDROCHLOROTHIAZIDE; LOSARTAN
74900,MELOXICAM
74900,MIRTAZAPINE
74900,TRAZODONE
74901,HYDROCHLOROTHIAZIDE; LISINOPRIL
74902,
74903,
74904,
74905,
74906,
74907,LEVOTHYROXINE
74908,
74909,
74910,
74911,
74912,FLUORIDE TOPICAL
74913,
74914,
74915,
74916,CARBAMAZEPINE
74916,LEVOTHYROXINE
74917,
74918,
74919,METOPROLOL
74920,
74921,
74922,
74923,
74924,
74925,ATENOLOL
74925,HYDROCHLOROTHIAZIDE; TRIAMTERENE
74925,IBUPROFEN
74925,LORAZEPAM
74926,
74927,
74928,
74929,ATROPINE; DIPHENOXYLATE
74929,BACLOFEN
74929,BUPROPION
74929,CICLESONIDE NASAL
74929,FINGOLIMOD
74929,FROVATRIPTAN
74929,MONTELUKAST
74929,NITROFURANTOIN
74929,PROCHLORPERAZINE
74929,SOLIFENACIN
74929,TELMISARTAN
74929,TOLTERODINE
74930,
74931,ATORVASTATIN
74931,CLOPIDOGREL
74931,HYDROCHLOROTHIAZIDE
74931,METOPROLOL
74931,NIFEDIPINE
74931,OLMESARTAN
74932,HYDROCORTISONE TOPICAL
74933,AMLODIPINE
74933,ATENOLOL
74933,ATORVASTATIN
74933,LOSARTAN
74933,METFORMIN
74934,METHYLPHENIDATE
74935,
74936,
74937,CITALOPRAM
74937,GLIMEPIRIDE
74937,HYDROCHLOROTHIAZIDE; LOSARTAN
74937,LIRAGLUTIDE
74937,METFORMIN
74937,OMEPRAZOLE
74937,SIMVASTATIN
74937,TRAZODONE
74938,
74939,
74940,BICALUTAMIDE
74940,CETIRIZINE
74940,DOXAZOSIN
74940,TAMSULOSIN
74941,
74942,
74943,
74944,
74945,ZOLPIDEM
74946,HYDROCHLOROTHIAZIDE
74947,
74948,
74949,FLUTICASONE NASAL
74949,LEVALBUTEROL
74950,
74951,ALENDRONATE
74951,MELOXICAM
74951,RIVAROXABAN
74952,
74953,CLOPIDOGREL
74953,LISINOPRIL
74953,METFORMIN
74953,METOPROLOL
74953,RANOLAZINE
74953,ROSUVASTATIN
74953,SOLIFENACIN
74954,
74955,
74956,
74957,99999
74958,99999
74958,ASPIRIN
74958,CLONIDINE
74958,GLIPIZIDE; METFORMIN
74958,LEVOTHYROXINE
74958,METOPROLOL
74958,RANITIDINE
74959,
74960,ACETAMINOPHEN; HYDROCODONE
74960,CARISOPRODOL
74961,
74962,
74963,PREDNISONE
74964,
74965,LISINOPRIL
74965,MONTELUKAST
74966,
74967,
74968,ATOMOXETINE
74969,
74970,
74971,LEVOTHYROXINE
74972,SERTRALINE
74973,
74974,HYDROCHLOROTHIAZIDE; TRIAMTERENE
74975,
74976,
74977,
74978,AMLODIPINE
74978,FUROSEMIDE
74978,LEVOTHYROXINE
74978,LOVASTATIN
74979,CARBIDOPA
74979,CLONIDINE
74979,CYANOCOBALAMIN
74979,FUROSEMIDE
74979,GABAPENTIN
74979,METOPROLOL
74979,POTASSIUM CHLORIDE
74979,PRAVASTATIN
74979,SERTRALINE
74980,FLUTICASONE NASAL
74980,LORATADINE
74981,
74982,
74983,GLYBURIDE
74983,LOSARTAN
74983,METFORMIN
74984,
74985,ATORVASTATIN
74985,LISINOPRIL
74985,SERTRALINE
74986,
74987,
74988,
74989,LORATADINE
74989,NIFEDIPINE
74989,OMEPRAZOLE
74989,QUINAPRIL
74989,SIMVASTATIN
74990,
74991,
74992,ACETAMINOPHEN; CODEINE
74993,METHYLPHENIDATE
74994,
74995,AMOXICILLIN
74996,TESTOSTERONE
74997,ANTIHYPERTENSIVE AGENTS - UNSPECIFIED
74997,BACLOFEN
74997,DOXEPIN
74997,HYDROXYZINE
74997,LEVOTHYROXINE
74997,TRAMADOL
74998,
74999,
75000,
75001,
75002,
75003,99999
75003,DIPHENHYDRAMINE
75003,HYDROXYZINE
75004,
75005,
75006,
75007,
75008,
75009,
75010,ALISKIREN
75010,ATENOLOL; CHLORTHALIDONE
75011,BISOPROLOL; HYDROCHLOROTHIAZIDE
75011,CLONAZEPAM
75011,ETODOLAC
75011,EZETIMIBE
75011,FLUOXETINE
75011,INDAPAMIDE
75011,LOSARTAN
75011,LOVASTATIN
75011,METFORMIN
75012,
75013,ATORVASTATIN
75013,CARVEDILOL
75013,CLOPIDOGREL
75013,HYDROCHLOROTHIAZIDE
75013,LISINOPRIL
75013,LORATADINE
75013,PANTOPRAZOLE
75013,SUCRALFATE
75014,AMLODIPINE
75014,ATENOLOL
75014,LOSARTAN
75015,
75016,ACETAMINOPHEN; CODEINE
75016,ALLOPURINOL
75016,BENAZEPRIL
75016,FUROSEMIDE
75016,GABAPENTIN
75016,GLIPIZIDE
75016,METFORMIN
75016,METOPROLOL
75016,OMEPRAZOLE
75016,POTASSIUM CHLORIDE
75016,PRAVASTATIN
75016,SITAGLIPTIN
75016,TAMSULOSIN
75016,TRAMADOL
75017,AMLODIPINE
75018,
75019,
75020,ALPRAZOLAM
75020,BENAZEPRIL
75020,GABAPENTIN
75020,HYDROCHLOROTHIAZIDE
75020,LOVASTATIN
75020,METOPROLOL
75020,NAPROXEN
75020,OXYCODONE
75020,PAROXETINE
75020,PROMETHAZINE
75020,TOPIRAMATE
75020,TRIAZOLAM
75021,AMOXICILLIN
75021,AMOXICILLIN; CLAVULANATE
75021,AZITHROMYCIN
75021,CEFPROZIL
75021,CEFTRIAXONE
75022,
75023,
75024,
75025,FLUTICASONE NASAL
75026,
75027,
75028,
75029,
75030,CYCLOBENZAPRINE
75030,LISINOPRIL
75030,RANITIDINE
75030,TRAMADOL
75031,ACETAMINOPHEN; OXYCODONE
75031,GABAPENTIN
75031,LORAZEPAM
75031,PRAMIPEXOLE
75031,SIMVASTATIN
75032,
75033,
75034,FLUOCINOLONE TOPICAL
75035,
75036,
75037,
75038,
75039,
75040,FLUTICASONE NASAL
75040,LEVETIRACETAM
75041,
75042,BUPROPION
75042,LISINOPRIL
75042,NAPROXEN
75043,
75044,IBUPROFEN
75044,LOSARTAN
75044,NITROFURANTOIN
75044,SIMVASTATIN
75045,
75046,
75047,BUSPIRONE
75047,ETHINYL ESTRADIOL; NORGESTIMATE
75048,
75049,LISINOPRIL
75049,OXCARBAZEPINE
75049,SIMVASTATIN
75050,
75051,
75052,
75053,
75054,
75055,
75056,ACETAMINOPHEN; BUTALBITAL; CAFFEINE
75056,ALBUTEROL
75056,AMOXICILLIN
75056,BECLOMETHASONE
75056,CLARITHROMYCIN
75056,DIAZEPAM
75056,FENTANYL
75056,GABAPENTIN
75056,HYDROMORPHONE
75056,LANSOPRAZOLE
75056,MELOXICAM
75056,PROMETHAZINE
75057,BUPROPION
75057,BUSPIRONE
75057,FENOFIBRATE
75057,LEVOTHYROXINE
75057,QUETIAPINE
75057,VARENICLINE
75058,ATORVASTATIN
75058,ESOMEPRAZOLE
75058,ESTERIFIED ESTROGENS; METHYLTESTOSTERONE
75058,HYDROCHLOROTHIAZIDE; LISINOPRIL
75058,SOLIFENACIN
75058,VENLAFAXINE
75059,99999
75060,
75061,ETHINYL ESTRADIOL; NORETHINDRONE
75061,HYDROCHLOROTHIAZIDE; LISINOPRIL
75061,LEVOTHYROXINE
75061,SIMVASTATIN
75062,
75063,MELOXICAM
75063,NAPROXEN
75063,TRAMADOL
75064,ATENOLOL
75064,BACLOFEN
75065,ATORVASTATIN
75065,FLUTICASONE; SALMETEROL
75065,LOSARTAN
75065,METFORMIN
75065,METOPROLOL
75065,RABEPRAZOLE
75066,
75067,
75068,
75069,
75070,AMLODIPINE
75070,AMLODIPINE; VALSARTAN
75070,CARVEDILOL
75070,FENOFIBRATE
75070,FUROSEMIDE
75070,METFORMIN
75071,
75072,
75073,AMOXICILLIN
75073,IBUPROFEN
75073,PROMETHAZINE
75074,DEXMETHYLPHENIDATE
75075,
75076,ATORVASTATIN
75076,CLOPIDOGREL
75076,METOPROLOL
75076,NITROGLYCERIN
75076,PANTOPRAZOLE
75076,TESTOSTERONE
75076,VALSARTAN
75077,
75078,AMOXICILLIN; CLAVULANATE
75078,FLUTICASONE NASAL
75078,GABAPENTIN
75078,LACTULOSE
75078,LORATADINE
75078,LORAZEPAM
75078,MECLIZINE
75078,METHADONE
75078,OMEPRAZOLE
75078,ONDANSETRON
75078,OXYCODONE
75078,RANITIDINE
75078,SERTRALINE
75079,
75080,
75081,
75082,
75083,ALPRAZOLAM
75083,ATORVASTATIN
75083,CARBIDOPA; ENTACAPONE; LEVODOPA
75083,CARBIDOPA; LEVODOPA
75083,DULOXETINE
75083,LACTULOSE
75083,PREGABALIN
75083,QUETIAPINE
75083,RIVASTIGMINE
75083,TEMAZEPAM
75084,
75085,
75086,LEVALBUTEROL
75087,
75088,INSULIN LISPRO
75088,LEVOTHYROXINE
75088,METFORMIN
75089,CLONAZEPAM
75089,CYCLOBENZAPRINE
75089,CYCLOBENZAPRINE
75089,FLUVOXAMINE
75089,LEVOTHYROXINE
75089,LISINOPRIL
75089,METFORMIN
75089,SERTRALINE
75090,METFORMIN
75090,SIMVASTATIN
75091,
75092,ACETAMINOPHEN; HYDROCODONE
75092,ANTIPYRINE; BENZOCAINE OTIC
75092,CIPROFLOXACIN; HYDROCORTISONE OTIC
75092,CLINDAMYCIN
75093,GLIPIZIDE
75093,LISINOPRIL
75093,METFORMIN
75093,SIMVASTATIN
75094,
75095,
75096,
75097,LEVOTHYROXINE
75098,
75099,
75100,
75101,
75102,
75103,IBUPROFEN
75103,LOSARTAN
75104,DROSPIRENONE; ETHINYL ESTRADIOL
75105,SIMVASTATIN
75106,
75107,
75108,AMLODIPINE
75108,ATENOLOL
75108,HYDROCHLOROTHIAZIDE; LISINOPRIL
75108,MELOXICAM
75108,SIMVASTATIN
75108,VENLAFAXINE
75109,METHYLPHENIDATE
75110,
75111,
75112,CILOSTAZOL
75112,INSULIN ISOPHANE (NPH)
75112,LORAZEPAM
75112,LOSARTAN
75112,MONTELUKAST
75112,MYCOPHENOLATE MOFETIL
75112,OMEPRAZOLE
75112,RANITIDINE
75112,SIMVASTATIN
75112,TAMSULOSIN
75112,TRAMADOL
75113,
75114,DIVALPROEX SODIUM
75114,LEVOTHYROXINE
75114,LITHIUM
75114,METFORMIN
75114,OLANZAPINE
75114,SERTRALINE
75115,
75116,
75117,
75118,
75119,
75120,
75121,
75122,
75123,
75124,ALLOPURINOL
75124,ATORVASTATIN
75124,METFORMIN
75124,METOPROLOL
75124,VALSARTAN
75125,BENAZEPRIL
75125,DICLOFENAC
75125,GABAPENTIN
75125,LEVOTHYROXINE
75125,NIFEDIPINE
75125,OMEPRAZOLE
75125,SERTRALINE
75125,TRAZODONE
75126,
75127,99999
75127,ATORVASTATIN
75127,CLONIDINE
75127,LISINOPRIL
75127,METOPROLOL
75127,MINOXIDIL
75128,
75129,CLOPIDOGREL
75129,LISINOPRIL
75129,NITROFURANTOIN
75129,PANTOPRAZOLE
75129,RANITIDINE
75129,SIMVASTATIN
75129,TRAZODONE
75130,
75131,ETHINYL ESTRADIOL; ETHYNODIOL
75131,MENOTROPINS
75132,
75133,ARIPIPRAZOLE
75133,LISDEXAMFETAMINE
75134,ACETAMINOPHEN; CAFFEINE; ISOMETHEPTENE MUCATE
75134,AMITRIPTYLINE
75134,DICYCLOMINE
75134,DULOXETINE
75134,ESOMEPRAZOLE
75134,LIDOCAINE TOPICAL
75134,METHOCARBAMOL
75134,METOCLOPRAMIDE
75134,MOMETASONE NASAL
75134,ONDANSETRON
75134,SULFAMETHOXAZOLE; TRIMETHOPRIM
75135,
75136,
75137,
75138,
75139,METFORMIN
75140,CITALOPRAM
75140,OMEPRAZOLE
75141,
75142,
75143,MOMETASONE TOPICAL
75143,TACROLIMUS TOPICAL
75144,LEVOTHYROXINE
75145,AMOXICILLIN
75146,AMLODIPINE
75146,HYDROCHLOROTHIAZIDE; OLMESARTAN
75146,INSULIN ISOPHANE; INSULIN REGULAR
75146,METFORMIN
75146,OMEPRAZOLE
75146,SIMVASTATIN
75147,
75148,
75149,
75150,CHLORTHALIDONE
75150,LEVOTHYROXINE
75150,LISINOPRIL
75150,SIMVASTATIN
75151,OMEPRAZOLE
75152,
75153,
75154,
75155,ETHINYL ESTRADIOL; LEVONORGESTREL
75156,
75157,
75158,LEVOTHYROXINE
75158,RALOXIFENE
75159,OMEPRAZOLE
75160,
75161,CLONIDINE
75161,TRAZODONE
75162,
75163,ALBUTEROL
75163,BECLOMETHASONE
75163,LEVALBUTEROL
75163,RANITIDINE
75164,
75165,
75166,
75167,
75168,
75169,
75170,
75171,
75172,DIPHENHYDRAMINE
75173,ALPRAZOLAM
75173,AMPHETAMINE; DEXTROAMPHETAMINE
75174,CLOPIDOGREL
75174,DUTASTERIDE
75174,METFORMIN; SAXAGLIPTIN
75174,METOPROLOL
75174,OLMESARTAN
75175,
75176,ATORVASTATIN
75176,CARVEDILOL
75176,COLCHICINE
75176,DIGOXIN
75176,FEBUXOSTAT
75176,GLIMEPIRIDE
75176,LISINOPRIL
75176,RANOLAZINE
75176,SPIRONOLACTONE
75176,TORSEMIDE
75176,ZOLPIDEM
75177,
75178,ETHINYL ESTRADIOL; LEVONORGESTREL
75179,AMLODIPINE
75179,ARMODAFINIL
75179,METHYLPHENIDATE
75180,
75181,FLUTICASONE NASAL
75181,MONTELUKAST
75181,OLOPATADINE NASAL
75182,
75183,
75184,
75185,
75186,
75187,BUPROPION
75187,FLUOXETINE
75188,
75189,BRIMONIDINE; BRINZOLAMIDE OPHTHALMIC
75189,LATANOPROST OPHTHALMIC
75190,
75191,CARVEDILOL
75191,GLIMEPIRIDE
75191,HYDROCHLOROTHIAZIDE
75191,IPRATROPIUM
75191,METHOTREXATE
75191,OMEPRAZOLE
75191,POTASSIUM CHLORIDE
75192,
75193,HYDROCHLOROTHIAZIDE; LOSARTAN
75193,METFORMIN
75193,SIMVASTATIN
75194,FLUTICASONE
75194,FLUTICASONE NASAL
75194,LORATADINE
75194,MONTELUKAST
75195,AMITRIPTYLINE
75195,AMLODIPINE
75195,BENAZEPRIL
75195,GABAPENTIN
75195,HYDROCHLOROTHIAZIDE
75195,METFORMIN
75195,OMEPRAZOLE
75195,TRIAMTERENE
75196,AMITRIPTYLINE
75196,AMLODIPINE
75196,LEVOTHYROXINE
75196,LISINOPRIL
75196,METFORMIN
75196,NADOLOL
75197,ARIPIPRAZOLE
75197,METHYLPHENIDATE
75198,
75199,
75200,
75201,AZITHROMYCIN
75202,
75203,FUROSEMIDE
75203,INSULIN ASPART
75203,SIMVASTATIN
75203,WARFARIN
75204,ALBUTEROL
75205,
75206,GUANFACINE
75206,METHYLPHENIDATE
75207,ACETAMINOPHEN; OXYCODONE
75207,ALLOPURINOL
75207,CARVEDILOL
75207,HYDRALAZINE
75207,PREDNISONE
75208,
75209,AMPHETAMINE; DEXTROAMPHETAMINE
75210,
75211,
75212,
75213,CIPROFLOXACIN
75213,LISINOPRIL
75214,ACETAMINOPHEN; HYDROCODONE
75214,DIAZEPAM
75214,HYDROCHLOROTHIAZIDE; LISINOPRIL
75214,MECLIZINE
75215,
75216,HYDROCHLOROTHIAZIDE
75217,AMITRIPTYLINE
75217,BENZTROPINE
75217,QUETIAPINE
75217,SERTRALINE
75218,
75219,
75220,ACETAMINOPHEN; HYDROCODONE
75220,ALBUTEROL
75220,IBUPROFEN
75220,PREDNISONE
75221,
75222,
75223,ALBUTEROL
75223,CHLORZOXAZONE
75223,FLUTICASONE; SALMETEROL
75223,METOPROLOL
75223,TIOTROPIUM
75223,TRAMADOL
75224,
75225,
75226,
75227,
75228,
75229,AMOXICILLIN
75230,
75231,ALPRAZOLAM
75231,AMLODIPINE
75231,GLIMEPIRIDE
75231,METFORMIN
75231,METOPROLOL
75231,VILAZODONE
75232,ATENOLOL
75232,CIMETIDINE
75232,DIPHENHYDRAMINE
75232,HYDROCHLOROTHIAZIDE
75233,
75234,MONTELUKAST
75235,BUPROPION
75236,
75237,ACETAMINOPHEN; HYDROCODONE
75237,CITALOPRAM
75237,DILTIAZEM
75237,DOXAZOSIN
75237,GABAPENTIN
75237,GEMFIBROZIL
75237,INSULIN ASPART
75237,INSULIN GLARGINE
75237,LISINOPRIL
75237,LORAZEPAM
75237,METFORMIN
75237,OXYBUTYNIN
75237,PRAVASTATIN
75237,RANITIDINE
75237,SERTRALINE
75238,
75239,
75240,
75241,
75242,AMPHETAMINE; DEXTROAMPHETAMINE
75243,
75244,ALLOPURINOL
75244,ATENOLOL
75244,DICYCLOMINE
75244,ETODOLAC
75244,EZETIMIBE
75244,HYDROCHLOROTHIAZIDE; TRIAMTERENE
75244,ISOSORBIDE MONONITRATE
75244,LEVOTHYROXINE
75244,ROSUVASTATIN
75245,
75246,
75247,
75248,
75249,BUPROPION
75249,LORAZEPAM
75249,PRAZOSIN
75250,
75251,
75252,AMLODIPINE
75252,AMOXICILLIN
75252,DARIFENACIN
75252,FENOFIBRATE
75252,METFORMIN
75252,POTASSIUM CITRATE
75252,SULINDAC
75252,TAMSULOSIN
75252,TRAMADOL
75253,
75254,
75255,
75256,
75257,
75258,
75259,HYDROCHLOROTHIAZIDE; LISINOPRIL
75259,METFORMIN
75259,OMEPRAZOLE
75259,SIMVASTATIN
75260,ACETAZOLAMIDE
75260,ETHINYL ESTRADIOL; NORELGESTROMIN
75261,BECLOMETHASONE
75261,CETIRIZINE
75261,EMOLLIENTS TOPICAL
75261,HYDROXYZINE
75261,MONTELUKAST
75261,MUPIROCIN TOPICAL
75261,TRIAMCINOLONE TOPICAL
75262,OXYBUTYNIN
75262,PAROXETINE
75262,PRAVASTATIN
75263,ALENDRONATE
75263,ANTI-INFECTIVES - UNSPECIFIED
75263,BENAZEPRIL
75263,CLOPIDOGREL
75263,DICLOFENAC
75263,GABAPENTIN
75263,METHOCARBAMOL
75264,ALLOPURINOL
75264,ALPRAZOLAM
75264,FUROSEMIDE
75264,METOPROLOL
75264,NIFEDIPINE
75264,SPIRONOLACTONE
75264,ZALEPLON
75265,
75266,
75267,
75268,
75269,
75270,
75271,
75272,
75273,GLYBURIDE
75273,LISINOPRIL
75273,METFORMIN
75273,SIMVASTATIN
75274,ETHINYL ESTRADIOL; LEVONORGESTREL
75275,
75276,
75277,LISINOPRIL
75278,
75279,ALENDRONATE
75279,ATENOLOL
75279,ATORVASTATIN
75279,EZETIMIBE
75279,LISINOPRIL
75279,NITROFURANTOIN
75279,OMEPRAZOLE
75279,POLYETHYLENE GLYCOL 3350
75279,SULFAMETHOXAZOLE; TRIMETHOPRIM
75280,
75281,
75282,DIGOXIN
75282,DILTIAZEM
75282,ESCITALOPRAM
75282,ESOMEPRAZOLE
75282,HYDROCHLOROTHIAZIDE; LOSARTAN
75282,METOPROLOL
75282,RISEDRONATE
75282,SIMVASTATIN
75283,
75284,LISDEXAMFETAMINE
75285,AMLODIPINE
75285,LEVOTHYROXINE
75285,LISINOPRIL
75285,TAMSULOSIN
75286,
75287,AMLODIPINE; BENAZEPRIL
75287,LEUPROLIDE
75287,METFORMIN
75287,METOPROLOL
75287,ROSUVASTATIN
75287,TAMSULOSIN
75288,
75289,ALBUTEROL
75290,CLINDAMYCIN; TRETINOIN TOPICAL
75290,CLOBETASOL TOPICAL
75290,PIMECROLIMUS TOPICAL
75291,
75292,
75293,ATORVASTATIN
75293,HYDROCHLOROTHIAZIDE; LOSARTAN
75293,HYDROXYCHLOROQUINE
75293,PANTOPRAZOLE
75294,
75295,CETIRIZINE
75295,DIAZEPAM
75295,HYDROCHLOROTHIAZIDE; LISINOPRIL
75295,LOVASTATIN
75295,NITROFURANTOIN
75295,OMEPRAZOLE
75295,TRAMADOL
75296,
75297,
75298,AMLODIPINE; BENAZEPRIL
75298,ATORVASTATIN
75298,GLIMEPIRIDE
75298,METFORMIN
75298,TAMSULOSIN
75299,ALBUTEROL
75299,LEVOTHYROXINE
75299,PREDNISONE
75300,
75301,ALBUTEROL
75301,ALPRAZOLAM
75301,CARVEDILOL
75301,FLUTICASONE; SALMETEROL
75301,LISINOPRIL
75301,OMEPRAZOLE
75301,OXYCODONE
75301,OXYGEN
75301,SIMVASTATIN
75301,WARFARIN
75302,CITALOPRAM
75303,
75304,
75305,LISINOPRIL
75306,CARISOPRODOL
75306,ESOMEPRAZOLE
75306,HYDROCHLOROTHIAZIDE
75306,LOVASTATIN
75306,OMEPRAZOLE
75306,TEMAZEPAM
75306,TRAMADOL
75307,ALBUTEROL
75307,AMOXICILLIN
75308,
75309,
75310,
75311,BRIMONIDINE OPHTHALMIC
75311,BRINZOLAMIDE OPHTHALMIC
75311,GLIPIZIDE
75311,OMEPRAZOLE
75311,PIOGLITAZONE
75311,TRAVOPROST OPHTHALMIC
75312,METHYLPHENIDATE
75313,
75314,
75315,AMLODIPINE
75315,ROSUVASTATIN
75315,SOTALOL
75316,ALBUTEROL
75316,BECLOMETHASONE
75317,
75318,
75319,
75320,AMITRIPTYLINE
75320,NAPROXEN
75320,SUMATRIPTAN
75321,BUPROPION
75322,
75323,ALBUTEROL
75323,FLUTICASONE NASAL
75324,
75325,ALPRAZOLAM
75325,CLONIDINE
75325,DULOXETINE
75325,GABAPENTIN
75325,HYDROCHLOROTHIAZIDE
75325,HYDROCODONE
75325,LISINOPRIL
75325,OMEPRAZOLE
75325,PRAVASTATIN
75325,TEMAZEPAM
75326,DEXTROMETHORPHAN; PROMETHAZINE
75326,FENOFIBRATE
75327,
75328,
75329,DIAZEPAM
75329,FLUOXETINE
75329,VALACYCLOVIR
75330,CIMETIDINE
75330,NEBIVOLOL
75330,TAMSULOSIN
75330,VENLAFAXINE
75331,ALPRAZOLAM
75331,VENLAFAXINE
75332,BUPROPION
75332,FLUOXETINE
75332,ISONIAZID
75332,OMEPRAZOLE
75333,
75334,ALISKIREN
75334,ATORVASTATIN
75334,METOPROLOL
75335,
75336,
75337,CLOPIDOGREL
75337,FUROSEMIDE
75337,LOSARTAN
75337,METOPROLOL
75337,NIFEDIPINE
75337,SIMVASTATIN
75338,AMLODIPINE; BENAZEPRIL
75338,CELECOXIB
75338,CETIRIZINE
75338,CONJUGATED ESTROGENS
75339,AMPHETAMINE; DEXTROAMPHETAMINE
75339,BUPROPION
75339,CLONAZEPAM
75339,ESCITALOPRAM
75339,PANTOPRAZOLE
75340,
75341,ATOMOXETINE
75341,METHYLPHENIDATE
75342,AMLODIPINE
75342,CARVEDILOL
75342,DOXAZOSIN
75342,ESCITALOPRAM
75342,FUROSEMIDE
75342,HYDRALAZINE
75342,INSULIN GLARGINE
75342,LEVOTHYROXINE
75342,NATEGLINIDE
75343,INSULIN ISOPHANE (NPH)
75343,LEVOTHYROXINE
75343,LISINOPRIL
75343,OMEPRAZOLE
75343,SIMVASTATIN
75343,WARFARIN
75344,
75345,GABAPENTIN
75345,INDOMETHACIN
75346,
75347,SEX HORMONES - UNSPECIFIED
75347,TESTOSTERONE
75347,THYROID DESICCATED
75348,
75349,
75350,ALPRAZOLAM
75350,HYDROCHLOROTHIAZIDE; OLMESARTAN
75350,PANTOPRAZOLE
75350,SIMVASTATIN
75351,
75352,
75353,
75354,
75355,
75356,HYDROCHLOROTHIAZIDE
75356,LISINOPRIL
75357,
75358,
75359,
75360,
75361,LISINOPRIL
75362,
75363,
75364,
75365,
75366,AMLODIPINE
75366,BACLOFEN
75366,CARISOPRODOL
75366,CARVEDILOL
75366,FUROSEMIDE
75366,HYDROMORPHONE
75366,INSULIN ASPART
75366,LORAZEPAM
75366,MECLIZINE
75366,METHYLPREDNISOLONE
75366,MOMETASONE TOPICAL
75366,MONTELUKAST
75366,OMEPRAZOLE
75366,ONDANSETRON
75366,SERTRALINE
75367,
75368,
75369,
75370,
75371,
75372,ALBUTEROL
75372,AZITHROMYCIN
75372,PROMETHAZINE
75373,AZITHROMYCIN
75374,AZITHROMYCIN
75374,ESCITALOPRAM
75375,CELECOXIB
75375,GLIMEPIRIDE
75375,HYDROCHLOROTHIAZIDE; LISINOPRIL
75375,METFORMIN
75375,SULFASALAZINE
75375,TRIAMCINOLONE NASAL
75376,
75377,TRAMADOL
75377,ZOLPIDEM
75378,LISDEXAMFETAMINE
75379,ATORVASTATIN
75380,
75381,ACETAMINOPHEN; CODEINE
75381,CYCLOBENZAPRINE
75381,DULOXETINE
75381,ESOMEPRAZOLE
75381,LEVOTHYROXINE
75381,NABUMETONE
75381,SIMVASTATIN
75382,AMLODIPINE
75382,PRAVASTATIN
75383,
75384,ATORVASTATIN
75384,LISINOPRIL
75384,METFORMIN
75384,METOPROLOL
75385,METHYLPHENIDATE
75386,
75387,HYDROCORTISONE TOPICAL
75388,
75389,ALBUTEROL
75389,FLUTICASONE; SALMETEROL
75389,MONTELUKAST
75390,
75391,FLUOXETINE
75391,LEVETIRACETAM
75392,
75393,AMOXICILLIN
75393,BUSPIRONE
75393,CITALOPRAM
75393,IBUPROFEN
75393,QUETIAPINE
75394,
75395,
75396,
75397,IBUPROFEN
75397,LEVOTHYROXINE
75397,LISINOPRIL
75397,METFORMIN
75397,NAPROXEN
75397,SIMVASTATIN
75398,
75399,
75400,FENOFIBRATE
75400,HYDROCHLOROTHIAZIDE
75400,INSULIN GLARGINE
75400,LATANOPROST OPHTHALMIC
75400,LISINOPRIL
75400,METFORMIN
75400,METOPROLOL
75400,TOLTERODINE
75400,TRAZODONE
75400,VENLAFAXINE
75401,
75402,
75403,TRAMADOL
75404,OXYCODONE
75404,RANITIDINE
75405,AZITHROMYCIN
75405,VENLAFAXINE
75406,ACYCLOVIR
75406,ALENDRONATE
75406,AMLODIPINE
75406,ATORVASTATIN
75406,CLOPIDOGREL
75406,DONEPEZIL
75406,HYDROXYCHLOROQUINE
75406,IRBESARTAN
75406,LORATADINE
75406,MEMANTINE
75406,OLOPATADINE NASAL
75407,ETHINYL ESTRADIOL; NORETHINDRONE
75408,
75409,RANITIDINE
75410,
75411,
75412,
75413,
75414,RANITIDINE
75415,ARIPIPRAZOLE
75415,HYDROXYZINE
75415,LANSOPRAZOLE
75415,MELOXICAM
75415,OXCARBAZEPINE
75415,POLYETHYLENE GLYCOL 3350
75415,RISPERIDONE
75415,TOPIRAMATE
75415,TRIHEXYPHENIDYL
75415,VALACYCLOVIR
75416,ALBUTEROL; IPRATROPIUM
75416,CLOPIDOGREL
75416,GABAPENTIN
75416,LISINOPRIL
75416,MELOXICAM
75416,METOPROLOL
75416,NICOTINE
75416,POTASSIUM CHLORIDE
75416,ROSUVASTATIN
75416,SERTRALINE
75417,CIPROFLOXACIN OTIC
75417,PREDNISONE
75418,HYDROCHLOROTHIAZIDE; LISINOPRIL
75418,IMIPRAMINE
75419,
75420,
75421,LEVALBUTEROL
75421,MONTELUKAST
75422,IBUPROFEN
75422,LEVOTHYROXINE
75422,METOCLOPRAMIDE
75422,SIMVASTATIN
75423,BIMATOPROST OPHTHALMIC
75423,BRIMONIDINE OPHTHALMIC
75424,
75425,
75426,
75427,
75428,
75429,
75430,GUANFACINE
75430,METFORMIN
75430,QUETIAPINE
75431,
75432,
75433,
75434,BENZTROPINE
75434,DIVALPROEX SODIUM
75434,OLANZAPINE
75435,NAPROXEN
75436,
75437,
75438,
75439,CLONIDINE
75439,DESMOPRESSIN
75439,GUANFACINE
75439,METHYLPHENIDATE
75440,
75441,
75442,
75443,EZETIMIBE
75443,GLYBURIDE
75443,METFORMIN
75443,PIOGLITAZONE
75443,SIMVASTATIN
75444,ESOMEPRAZOLE
75444,SOLIFENACIN
75445,
75446,
75447,
75448,
75449,METHOTREXATE
75450,
75451,HYDROCHLOROTHIAZIDE; TRIAMTERENE
75451,METFORMIN
75452,
75453,
75454,
75455,
75456,FUROSEMIDE
75456,METOPROLOL
75456,POTASSIUM CHLORIDE
75456,SIMVASTATIN
75456,SPIRONOLACTONE
75457,
75458,77777
75459,AMOXICILLIN
75460,
75461,
75462,
75463,
75464,FLUTICASONE
75464,LEVALBUTEROL
75464,LEVOCETIRIZINE
75465,
75466,
75467,HYDROCHLOROTHIAZIDE; LISINOPRIL
75467,INSULIN GLARGINE
75467,INSULIN REGULAR
75467,LIRAGLUTIDE
75468,ATORVASTATIN
75469,ALPRAZOLAM
75469,MECLIZINE
75469,MELOXICAM
75470,
75471,
75472,DIAZEPAM
75472,HYDROCHLOROTHIAZIDE; TRIAMTERENE
75472,OMEPRAZOLE
75473,ENALAPRIL
75474,
75475,
75476,
75477,99999
75478,
75479,ACETAMINOPHEN; HYDROCODONE
75479,ALLOPURINOL
75479,ATENOLOL
75479,DOCUSATE
75479,GABAPENTIN
75479,LOVASTATIN
75479,NIFEDIPINE
75479,OMEPRAZOLE
75479,TIZANIDINE
75479,WARFARIN
75480,
75481,
75482,
75483,ACETAMINOPHEN; HYDROCODONE
75483,CIPROFLOXACIN
75483,CYCLOBENZAPRINE
75484,
75485,
75486,
75487,
75488,
75489,
75490,
75491,LISINOPRIL
75491,ROSUVASTATIN
75492,
75493,ALBUTEROL
75494,
75495,55555
75495,ASPIRIN
75495,ATORVASTATIN
75495,CLOPIDOGREL
75495,EXENATIDE
75495,FENOFIBRATE
75495,INSULIN REGULAR
75495,METFORMIN
75495,METOPROLOL
75495,SPIRONOLACTONE
75495,VALSARTAN
75496,ATENOLOL
75496,DOXAZOSIN
75496,LISINOPRIL
75496,PRAVASTATIN
75497,
75498,
75499,FINASTERIDE
75499,LISINOPRIL
75499,METOPROLOL
75500,HYDROCHLOROTHIAZIDE
75500,LETROZOLE
75500,LISINOPRIL
75501,
75502,
75503,ALBUTEROL
75503,MOMETASONE NASAL
75504,ACETAMINOPHEN; HYDROCODONE
75504,CYCLOBENZAPRINE
75504,GABAPENTIN
75505,ATENOLOL
75505,CLOPIDOGREL
75505,FLUTICASONE NASAL
75505,LOSARTAN
75505,METFORMIN
75505,SIMVASTATIN
75506,
75507,
75508,
75509,
75510,
75511,SERTRALINE
75511,TRAZODONE
75512,ETHINYL ESTRADIOL; LEVONORGESTREL
75513,
75514,
75515,LISDEXAMFETAMINE
75516,
75517,
75518,
75519,ATORVASTATIN
75519,BROMOCRIPTINE
75519,CILOSTAZOL
75519,DESOGESTREL; ETHINYL ESTRADIOL
75519,EXENATIDE
75519,INSULIN GLARGINE
75519,LOSARTAN
75519,METFORMIN
75519,PHENTERMINE; TOPIRAMATE
75520,
75521,
75522,
75523,ALBUTEROL
75523,FLUTICASONE; SALMETEROL
75524,HYDROCHLOROTHIAZIDE; LOSARTAN
75525,
75526,
75527,ACETAMINOPHEN; OXYCODONE
75527,ATROPINE; DIPHENOXYLATE
75527,BENZONATATE
75527,CLONAZEPAM
75527,DOXEPIN
75527,FLUOXETINE
75527,GABAPENTIN
75527,LIRAGLUTIDE
75527,OMEPRAZOLE
75527,ONDANSETRON
75527,ORPHENADRINE
75527,OXYCODONE
75527,SIMVASTATIN
75527,VERAPAMIL
75528,AMITRIPTYLINE
75528,HYDROCHLOROTHIAZIDE
75529,
75530,FLUCONAZOLE
75530,NYSTATIN TOPICAL
75531,FLUTICASONE NASAL
75532,
75533,
75534,99999
75535,
75536,
75537,ACETAMINOPHEN; HYDROCODONE
75538,DILTIAZEM
75538,LISINOPRIL
75539,
75540,
75541,BECLOMETHASONE
75541,PREDNISOLONE
75542,ALENDRONATE
75542,AMLODIPINE
75542,LEVOTHYROXINE
75542,LISINOPRIL
75543,ALPRAZOLAM
75543,BUPROPION
75543,GABAPENTIN
75543,LEVOTHYROXINE
75543,LISINOPRIL
75543,MIRTAZAPINE
75543,ROPINIROLE
75544,
75545,
75546,
75547,HYDROCHLOROTHIAZIDE
75547,LISINOPRIL
75548,FLUTICASONE NASAL
75548,MOMETASONE NASAL
75548,MONTELUKAST
75548,RANITIDINE
75549,
75550,
75551,
75552,INSULIN LISPRO; INSULIN LISPRO PROTAMINE
75552,LOSARTAN
75552,TRAMADOL
75553,ATENOLOL
75553,METFORMIN
75553,PRAVASTATIN
75553,RAMIPRIL
75554,
75555,ACETAMINOPHEN; OXYCODONE
75555,BACITRACIN; HYDROCORTISONE; NEOMYCIN; POLYMYXIN B TOPICAL
75555,BETAMETHASONE; CLOTRIMAZOLE TOPICAL
75555,BUMETANIDE
75555,COLESTIPOL
75555,FEXOFENADINE
75555,FLUOXETINE
75555,GABAPENTIN
75555,ISOSORBIDE MONONITRATE
75555,MEDROXYPROGESTERONE
75555,METOPROLOL
75555,NITROGLYCERIN
75555,OMEPRAZOLE
75555,SAXAGLIPTIN
75556,99999
75557,ETHINYL ESTRADIOL; NORGESTIMATE
75557,LEVOTHYROXINE
75558,
75559,
75560,
75561,TRIAMCINOLONE TOPICAL
75562,BUPROPION
75562,CHLORTHALIDONE
75562,CITALOPRAM
75562,CLOTRIMAZOLE TOPICAL
75562,CYPROHEPTADINE
75562,FINASTERIDE
75562,GABAPENTIN
75562,HYDROXYZINE
75562,MECLIZINE
75562,METHOCARBAMOL
75562,OMEPRAZOLE
75562,TERAZOSIN
75563,
75564,
75565,
75566,
75567,
75568,FLUOXETINE
75568,HYDROXYZINE
75568,NABUMETONE
75568,OMEPRAZOLE
75569,
75570,
75571,
75572,
75573,ALBUTEROL
75573,ALBUTEROL
75573,FLUTICASONE NASAL
75573,FLUTICASONE; SALMETEROL
75573,GLIPIZIDE
75573,HYDROCHLOROTHIAZIDE; LISINOPRIL
75573,INSULIN ASPART; INSULIN ASPART PROTAMINE
75573,INSULIN GLARGINE
75573,LEVOTHYROXINE
75573,LORATADINE
75573,METOPROLOL
75574,
75575,
75576,METFORMIN
75577,NYSTATIN
75578,MINOCYCLINE
75579,ATORVASTATIN
75579,CYCLOBENZAPRINE
75579,IBUPROFEN
75579,LEVALBUTEROL
75579,LORATADINE
75579,MECLIZINE
75579,NAPROXEN
75579,SERTRALINE
75580,
75581,ALBUTEROL
75581,CLOPIDOGREL
75581,FUROSEMIDE
75581,GLIPIZIDE
75581,INDACATEROL
75581,ISOSORBIDE MONONITRATE
75581,LEVOTHYROXINE
75581,NEBIVOLOL
75581,POTASSIUM CHLORIDE
75581,RANITIDINE
75581,ROSUVASTATIN
75581,VALSARTAN
75581,WARFARIN
75582,
75583,
75584,
75585,
75586,
75587,
75588,
75589,
75590,
75591,
75592,LOSARTAN
75593,PROPRANOLOL
75594,
75595,
75596,IBUPROFEN
75597,
75598,ACETAMINOPHEN; OXYCODONE
75598,BUPROPION
75598,BUSPIRONE
75598,CYCLOBENZAPRINE
75598,FLUOXETINE
75598,GABAPENTIN
75598,TEMAZEPAM
75599,
75600,
75601,ATORVASTATIN
75601,GLIPIZIDE
75601,LISINOPRIL
75601,METFORMIN
75601,OMEPRAZOLE
75601,PREGABALIN
75602,
75603,
75604,
75605,
75606,
75607,CIPROFLOXACIN
75607,FUROSEMIDE
75607,LACTULOSE
75607,OMEPRAZOLE
75607,PROPRANOLOL
75607,RIFAXIMIN
75607,SPIRONOLACTONE
75608,ETHINYL ESTRADIOL; NORGESTIMATE
75609,BECLOMETHASONE
75609,FUROSEMIDE
75609,LEVOTHYROXINE
75609,POTASSIUM CHLORIDE
75609,PREDNISONE
75609,ROSUVASTATIN
75609,VERAPAMIL
75609,WARFARIN
75610,ACETAMINOPHEN; HYDROCODONE
75610,AMLODIPINE
75610,ASPIRIN
75610,BENAZEPRIL
75610,GABAPENTIN
75610,IBUPROFEN
75610,INSULIN GLARGINE
75610,INSULIN GLULISINE
75610,LEVETIRACETAM
75610,METOPROLOL
75610,PRAVASTATIN
75611,LEVETIRACETAM
75611,LORATADINE
75611,OMEPRAZOLE
75612,
75613,LISINOPRIL
75613,SIMVASTATIN
75613,VERAPAMIL
75614,
75615,CEPHALEXIN
75616,99999
75616,ARIPIPRAZOLE
75616,METHYLPHENIDATE
75617,
75618,AMOXICILLIN
75618,IBUPROFEN
75619,AMLODIPINE
75620,
75621,
75622,
75623,
75624,
75625,AMLODIPINE
75625,ATORVASTATIN
75625,GABAPENTIN
75625,GLIPIZIDE
75625,HYDROCHLOROTHIAZIDE; QUINAPRIL
75625,METOPROLOL
75626,
75627,
75628,CAPTOPRIL
75628,HYDROCHLOROTHIAZIDE; TRIAMTERENE
75629,ALBUTEROL
75629,ALBUTEROL
75629,BUDESONIDE
75630,
75631,AMLODIPINE
75631,BENZONATATE
75631,CITALOPRAM
75631,METOPROLOL
75631,RALOXIFENE
75631,TRIAMTERENE
75632,
75633,
75634,
75635,AMLODIPINE
75635,ESCITALOPRAM
75635,HYDROCHLOROTHIAZIDE
75635,POTASSIUM CHLORIDE
75635,SUMATRIPTAN
75636,
75637,DIGOXIN
75637,ETODOLAC
75637,INSULIN ISOPHANE (NPH)
75637,LOVASTATIN
75637,METFORMIN
75637,METOPROLOL
75637,WARFARIN
75637,WARFARIN
75638,
75639,
75640,
75641,77777
75642,
75643,
75644,ALLOPURINOL
75644,ATORVASTATIN
75644,GLIPIZIDE
75644,HYDROCHLOROTHIAZIDE; LISINOPRIL
75644,TAMSULOSIN
75645,
75646,NORTRIPTYLINE
75647,
75648,
75649,
75650,
75651,
75652,
75653,
75654,77777
75654,METFORMIN
75654,METOPROLOL
75655,
75656,
75657,
75658,
75659,
75660,HYDROCHLOROTHIAZIDE; LOSARTAN
75661,
75662,DIFLUPREDNATE OPHTHALMIC
75662,OMEPRAZOLE
75663,ESTERIFIED ESTROGENS; METHYLTESTOSTERONE
75663,HYDROCHLOROTHIAZIDE; TRIAMTERENE
75664,
75665,
75666,
75667,ALPRAZOLAM
75667,DEXLANSOPRAZOLE
75667,LUBIPROSTONE
75667,MEGESTROL
75667,MONTELUKAST
75668,
75669,
75670,ACETAMINOPHEN; HYDROCODONE
75670,CITALOPRAM
75670,IBUPROFEN
75671,
75672,
75673,
75674,AMLODIPINE
75674,BIMATOPROST OPHTHALMIC
75674,BRIMONIDINE; TIMOLOL OPHTHALMIC
75674,CARVEDILOL
75674,LISINOPRIL
75674,METFORMIN
75674,NITROGLYCERIN
75674,OMEPRAZOLE
75674,PRAVASTATIN
75675,
75676,
75677,ALBUTEROL
75677,ALBUTEROL
75677,MONTELUKAST
75677,TRIAMCINOLONE
75678,
75679,METHADONE
75679,NABUMETONE
75679,OXYCODONE
75679,PREGABALIN
75680,
75681,INSULIN DETEMIR
75681,LIRAGLUTIDE
75681,LISINOPRIL
75681,METFORMIN
75681,PRAVASTATIN
75682,BUSPIRONE
75682,LISDEXAMFETAMINE
75682,PROPRANOLOL
75683,
75684,PHENTERMINE
75685,AMITRIPTYLINE
75685,ESOMEPRAZOLE
75685,HYDROCHLOROTHIAZIDE
75685,LORATADINE
75685,LOSARTAN
75685,LOVASTATIN
75685,METAXALONE
75685,METOPROLOL
75685,MONTELUKAST
75686,CYCLOBENZAPRINE
75686,IBUPROFEN
75686,LISINOPRIL
75686,METOPROLOL
75686,SIMVASTATIN
75686,VENLAFAXINE
75687,
75688,LEVOTHYROXINE
75688,METFORMIN
75688,OMEPRAZOLE
75688,SIMVASTATIN
75688,SITAGLIPTIN
75689,
75690,
75691,DICLOFENAC
75691,TRAMADOL
75692,
75693,
75694,
75695,BECLOMETHASONE
75695,HYDROCHLOROTHIAZIDE; LISINOPRIL
75695,LOVASTATIN
75695,OMEPRAZOLE
75696,SUMATRIPTAN
75697,
75698,
75699,
75700,ATORVASTATIN
75700,HYDROCHLOROTHIAZIDE
75700,LOSARTAN
75700,METFORMIN
75701,
75702,SERTRALINE
75702,TROSPIUM
75703,
75704,
75705,
75706,ABATACEPT
75706,ACETAMINOPHEN; HYDROCODONE
75706,ALENDRONATE
75706,CETIRIZINE
75706,FLUTICASONE NASAL
75706,HYDROCHLOROTHIAZIDE
75706,IBUPROFEN
75706,METHOTREXATE
75706,OLOPATADINE OPHTHALMIC
75707,
75708,
75709,
75710,ATORVASTATIN
75710,DILTIAZEM
75710,MONTELUKAST
75710,VALSARTAN
75711,
75712,
75713,
75714,
75715,
75716,
75717,ACETAMINOPHEN; CODEINE
75717,AMIODARONE
75717,DULOXETINE
75717,LEVOTHYROXINE
75717,LISINOPRIL
75717,POLYETHYLENE GLYCOL 3350
75717,SIMVASTATIN
75717,WARFARIN
75718,
75719,
75720,FLUTICASONE NASAL
75721,PENICILLIN V POTASSIUM
75722,
75723,DULOXETINE
75723,MONTELUKAST
75724,ALLOPURINOL
75725,LISDEXAMFETAMINE
75725,LORAZEPAM
75726,
75727,
75728,
75729,
75730,ACETAMINOPHEN; HYDROCODONE
75730,ALPRAZOLAM
75730,AMLODIPINE
75730,CLOPIDOGREL
75730,HYDROCHLOROTHIAZIDE; VALSARTAN
75730,METFORMIN
75731,
75732,
75733,ASPIRIN
75733,BENZTROPINE
75733,CLONIDINE
75733,DIVALPROEX SODIUM
75733,EZETIMIBE
75733,GLYBURIDE
75733,HYDROCHLOROTHIAZIDE
75733,LABETALOL
75733,METFORMIN
75733,RISPERIDONE
75734,
75735,
75736,
75737,
75738,
75739,
75740,AMOXICILLIN
75741,
75742,
75743,
75744,ALBUTEROL
75744,AMLODIPINE
75744,CITALOPRAM
75744,CLOPIDOGREL
75744,ENALAPRIL
75744,FENOFIBRATE
75744,FLUTICASONE; SALMETEROL
75744,HYDROCODONE; IBUPROFEN
75744,METOPROLOL
75744,NITROGLYCERIN
75744,POTASSIUM CHLORIDE
75744,SIMVASTATIN
75744,TIOTROPIUM
75745,
75746,
75747,DOXYCYCLINE
75748,DESIPRAMINE
75748,FLUTICASONE NASAL
75748,LOSARTAN
75748,MELOXICAM
75748,OMEPRAZOLE
75748,TRAZODONE
75749,METFORMIN
75749,NAPROXEN
75749,OMEPRAZOLE
75749,SIMVASTATIN
75749,TAMSULOSIN
75750,EZETIMIBE
75750,HYDROCORTISONE TOPICAL
75750,MELOXICAM
75751,ALLOPURINOL
75751,SIMVASTATIN
75752,
75753,
75754,
75755,SERTRALINE
75756,
75757,
75758,
75759,
75760,
75761,
75762,ACETAMINOPHEN; HYDROCODONE
75762,CEPHALEXIN
75762,GLIPIZIDE
75762,LISINOPRIL
75762,METFORMIN
75762,OMEPRAZOLE
75762,SIMVASTATIN
75763,
75764,AMOXICILLIN
75764,CETIRIZINE
75765,
75766,PENICILLIN V POTASSIUM
75767,ANTI-INFECTIVES - UNSPECIFIED
75768,
75769,FLUTICASONE NASAL
75769,FLUTICASONE; SALMETEROL
75769,HYDROCORTISONE
75769,LEVOTHYROXINE
75769,OMEPRAZOLE
75769,TAMSULOSIN
75770,
75771,ATORVASTATIN
75771,FENOFIBRATE
75771,HYDROCHLOROTHIAZIDE; LOSARTAN
75771,INSULIN ASPART
75771,INSULIN DETEMIR
75771,METFORMIN
75771,RANITIDINE
75771,SITAGLIPTIN
75772,ETHINYL ESTRADIOL; NORGESTIMATE
75773,ACETAMINOPHEN; HYDROCODONE
75773,CYCLOBENZAPRINE
75774,DIGOXIN
75774,FINASTERIDE
75774,GABAPENTIN
75774,HYDROCHLOROTHIAZIDE
75774,METOPROLOL
75774,OMEPRAZOLE
75774,SIMVASTATIN
75774,TAMSULOSIN
75774,WARFARIN
75775,
75776,
75777,
75778,CAPECITABINE
75778,CAPTOPRIL
75778,HYDROCHLOROTHIAZIDE
75778,METHIMAZOLE
75779,
75780,
75781,ALLOPURINOL
75781,CARVEDILOL
75781,HYDROCHLOROTHIAZIDE; LOSARTAN
75781,MONTELUKAST
75781,NAPROXEN
75781,SIMVASTATIN
75782,ALBUTEROL
75782,BUDESONIDE
75782,CETIRIZINE
75782,IPRATROPIUM
75782,LORAZEPAM
75782,OXYGEN
75782,PHENOBARBITAL
75782,POLYETHYLENE GLYCOL 3350
75782,TIZANIDINE
75783,AMLODIPINE
75783,LOSARTAN
75783,METFORMIN
75784,CYCLOBENZAPRINE
75784,DOCUSATE
75784,FINASTERIDE
75784,OMEPRAZOLE
75784,PHENTERMINE
75784,SIMVASTATIN
75784,TAMSULOSIN
75785,
75786,BENZONATATE
75786,FLUOXETINE
75786,METHYLPHENIDATE
75786,OMEPRAZOLE
75786,PREDNISONE
75786,SIMVASTATIN
75787,AMLODIPINE
75787,BENAZEPRIL
75787,CLOPIDOGREL
75787,DIGOXIN
75787,FUROSEMIDE
75787,WARFARIN
75788,CEPHALEXIN
75788,DIAZEPAM
75788,DIVALPROEX SODIUM
75788,HYDROCODONE
75788,MIRTAZAPINE
75788,OXYCODONE
75789,LINAGLIPTIN
75789,LISINOPRIL
75789,METFORMIN
75789,METOPROLOL
75789,ROSUVASTATIN
75790,
75791,ALBUTEROL
75791,FORMOTEROL; MOMETASONE
75792,
75793,
75794,
75795,CARBIDOPA; LEVODOPA
75795,FLUOXETINE
75795,GABAPENTIN
75795,OMEPRAZOLE
75795,PRAMIPEXOLE
75796,
75797,
75798,
75799,
75800,
75801,
75802,
75803,
75804,
75805,ALBUTEROL
75805,FLUOXETINE
75805,TRAMADOL
75806,
75807,
75808,ATENOLOL
75808,LISINOPRIL
75808,PRAVASTATIN
75809,
75810,ALBUTEROL
75811,
75812,
75813,
75814,
75815,AMOXICILLIN
75816,
75817,
75818,CETIRIZINE
75818,OMEPRAZOLE
75819,OMEPRAZOLE
75820,AMLODIPINE
75820,BENAZEPRIL
75821,
75822,
75823,PANTOPRAZOLE
75824,METFORMIN
75824,OXYBUTYNIN
75825,
75826,ALLOPURINOL
75826,ATORVASTATIN
75826,GLYBURIDE
75826,LISINOPRIL
75826,METOPROLOL
75827,
75828,TRANEXAMIC ACID
75829,
75830,BENZOYL PEROXIDE TOPICAL
75830,CLINDAMYCIN TOPICAL
75831,
75832,
75833,
75834,
75835,
75836,
75837,OMEPRAZOLE
75838,HYDROCHLOROTHIAZIDE
75838,METOPROLOL
75838,SIMVASTATIN
75839,
75840,TADALAFIL
75841,CITALOPRAM
75842,
75843,
75844,
75845,AMLODIPINE; BENAZEPRIL
75845,GLIPIZIDE
75845,LORATADINE
75845,METFORMIN
75845,PIOGLITAZONE
75845,ROSUVASTATIN
75845,SITAGLIPTIN
75846,
75847,
75848,DUTASTERIDE
75848,LISINOPRIL
75848,SIMVASTATIN
75848,TERAZOSIN
75849,
75850,
75851,ALBUTEROL
75852,
75853,
75854,BUDESONIDE; FORMOTEROL
75854,FLUTICASONE NASAL
75855,LEVOTHYROXINE
75855,NORETHINDRONE
75856,
75857,
75858,
75859,
75860,OMEPRAZOLE
75860,VERAPAMIL
75861,BIMATOPROST OPHTHALMIC
75861,DOXYCYCLINE
75862,FLUORIDE TOPICAL
75863,EFAVIRENZ; EMTRICITABINE; TENOFOVIR
75864,
75865,
75866,
75867,
75868,POLYMYXIN B; TRIMETHOPRIM OPHTHALMIC
75869,
75870,LEVOTHYROXINE
75870,LIOTHYRONINE
75870,PREDNISONE
75871,
75872,
75873,
75874,FLUOXETINE
75874,LISINOPRIL
75875,
75876,DEXMETHYLPHENIDATE
75877,
75878,AMOXICILLIN
75879,ALBUTEROL
75879,PHENYTOIN
75880,
75881,
75882,MELOXICAM
75882,RABEPRAZOLE
75883,
75884,
75885,
75886,
75887,AMLODIPINE
75887,NAPROXEN
75888,BUPROPION
75888,SERTRALINE
75888,VALACYCLOVIR
75889,
75890,
75891,
75892,ESCITALOPRAM
75892,METOPROLOL
75892,SODIUM CHLORIDE
75892,SPIRONOLACTONE
75892,WARFARIN
75893,
75894,
75895,BUPROPION
75895,DIAZEPAM
75895,PAROXETINE
75895,PROPRANOLOL
75896,MELOXICAM
75897,
75898,
75899,FENTANYL
75899,SERTRALINE
75900,
75901,ALBUTEROL
75902,
75903,
75904,AMLODIPINE
75904,FENOFIBRATE
75904,HYDROCHLOROTHIAZIDE; LISINOPRIL
75904,METFORMIN
75904,PIOGLITAZONE
75904,PRAVASTATIN
75905,
75906,
75907,AMOXICILLIN
75908,
75909,LISINOPRIL
75910,
75911,
75912,AMLODIPINE
75912,CLOPIDOGREL
75912,LEVETIRACETAM
75912,METFORMIN
75912,SIMVASTATIN
75912,TERAZOSIN
75913,
75914,
75915,CONJUGATED ESTROGENS; MEDROXYPROGESTERONE
75915,HYDROCHLOROTHIAZIDE; LISINOPRIL
75916,
75917,
75918,AMOXICILLIN
75918,GRISEOFULVIN
75918,OSELTAMIVIR
75919,ACETAMINOPHEN; HYDROCODONE
75919,RANITIDINE
75920,
75921,HYDROCHLOROTHIAZIDE
75921,PRAVASTATIN
75921,TAMSULOSIN
75922,
75923,ENALAPRIL
75923,SIMVASTATIN
75924,ACETAMINOPHEN; HYDROCODONE
75925,AMLODIPINE
75925,ATENOLOL; CHLORTHALIDONE
75925,BENZTROPINE
75925,LABETALOL
75925,LISINOPRIL
75925,QUETIAPINE
75925,RISPERIDONE
75926,CYPROHEPTADINE
75926,DEXMETHYLPHENIDATE
75926,RISPERIDONE
75927,HYDROCODONE
75928,
75929,
75930,
75931,CYCLOBENZAPRINE
75931,DICLOFENAC
75932,
75933,FLUTICASONE NASAL
75933,LORATADINE
75933,MELOXICAM
75933,METHOCARBAMOL
75934,
75935,
75936,
75937,GLIPIZIDE
75937,LOSARTAN
75937,METFORMIN
75937,RANITIDINE
75938,FLUOXETINE
75938,INSULIN ASPART
75938,INSULIN DETEMIR
75938,LISINOPRIL
75938,METFORMIN
75938,SPIRONOLACTONE
75939,
75940,
75941,
75942,GEMFIBROZIL
75942,VERAPAMIL
75943,AMOXICILLIN
75943,OFLOXACIN OTIC
75944,ACETAMINOPHEN; HYDROCODONE
75944,AMOXICILLIN
75945,METOPROLOL
75946,GLIMEPIRIDE
75946,LISINOPRIL
75946,LOSARTAN
75946,METFORMIN
75946,PROPRANOLOL
75946,ROSUVASTATIN
75947,
75948,
75949,
75950,
75951,
75952,
75953,
75954,
75955,ALENDRONATE
75955,LETROZOLE
75956,AMLODIPINE
75956,ATORVASTATIN
75956,CARVEDILOL
75956,FINASTERIDE
75956,HYOSCYAMINE
75956,SILODOSIN
75956,VALSARTAN
75957,
75958,LEVOTHYROXINE
75959,
75960,
75961,
75962,
75963,
75964,
75965,
75966,
75967,
75968,
75969,
75970,
75971,
75972,
75973,ATORVASTATIN
75973,CARVEDILOL
75973,EZETIMIBE
75973,PANTOPRAZOLE
75974,FEXOFENADINE
75974,FLUCONAZOLE
75974,LEVOTHYROXINE
75974,NABUMETONE
75974,SIMVASTATIN
75974,SULFAMETHOXAZOLE; TRIMETHOPRIM
75975,IBUPROFEN
75976,INSULIN GLARGINE
75976,METFORMIN
75976,SIMVASTATIN
75976,VALSARTAN
75977,
75978,AMLODIPINE
75978,ATORVASTATIN
75978,CLOPIDOGREL
75978,FENOFIBRATE
75978,FUROSEMIDE
75978,INSULIN ASPART
75978,INSULIN GLARGINE
75978,LIRAGLUTIDE
75978,METFORMIN
75978,METOPROLOL
75978,OMEPRAZOLE
75978,POTASSIUM CHLORIDE
75978,SERTRALINE
75978,SPIRONOLACTONE
75979,
75980,
75981,OXYBUTYNIN
75982,HYDROCHLOROTHIAZIDE; LISINOPRIL
75983,
75984,
75985,ACETAMINOPHEN; HYDROCODONE
75986,
75987,LEVOTHYROXINE
75987,SOTALOL
75988,
75989,
75990,
75991,ALBUTEROL; IPRATROPIUM
75991,ALLOPURINOL
75991,BUDESONIDE
75991,CYANOCOBALAMIN
75991,DILTIAZEM
75991,FLUOXETINE
75991,INSULIN LISPRO; INSULIN LISPRO PROTAMINE
75991,IPRATROPIUM
75991,LOSARTAN
75991,METOPROLOL
75991,OMEPRAZOLE
75991,PRAMIPEXOLE
75991,SIMVASTATIN
75991,WARFARIN
75992,ALPRAZOLAM
75992,CITALOPRAM
75993,
75994,
75995,
75996,
75997,MEDROXYPROGESTERONE
75997,NAPROXEN
75998,ALENDRONATE
75998,HYDROCHLOROTHIAZIDE; TRIAMTERENE
75998,SERTRALINE
75998,SIMVASTATIN
75998,VENLAFAXINE
75999,
76000,RANITIDINE
76001,
76002,
76003,LISDEXAMFETAMINE
76004,CLONIDINE
76004,ESCITALOPRAM
76004,HYDROXYZINE
76005,
76006,
76007,TRETINOIN TOPICAL
76008,LISINOPRIL
76009,
76010,
76011,METHADONE
76012,ASPIRIN
76012,ATORVASTATIN
76012,GLIPIZIDE
76012,LOSARTAN
76012,METFORMIN
76013,
76014,
76015,
76016,MEMANTINE
76017,
76018,
76019,
76020,ACETAMINOPHEN; OXYCODONE
76021,ANTI-INFECTIVES - UNSPECIFIED
76022,
76023,HYDROCHLOROTHIAZIDE
76023,LOSARTAN
76024,
76025,HYDROCHLOROTHIAZIDE; VALSARTAN
76025,METOPROLOL
76025,SIMVASTATIN
76026,
76027,
76028,
76029,
76030,
76031,PROMETHAZINE
76032,
76033,ALBUTEROL
76033,ALENDRONATE
76033,GLIMEPIRIDE
76033,INSULIN GLARGINE
76033,LISINOPRIL
76033,METFORMIN
76033,OMEPRAZOLE
76034,BUPROPION
76035,
76036,BENZTROPINE
76036,DIVALPROEX SODIUM
76036,FLUPHENAZINE
76036,HYDROCHLOROTHIAZIDE
76036,POLYETHYLENE GLYCOL 3350
76036,SENNA
76036,SOLIFENACIN
76036,TRAZODONE
76036,ZOLPIDEM
76037,ATORVASTATIN
76037,CARVEDILOL
76037,FUROSEMIDE
76037,HYDRALAZINE
76037,INSULIN ASPART
76037,ISOSORBIDE DINITRATE
76038,AMOXICILLIN; CLAVULANATE
76038,CLINDAMYCIN TOPICAL
76038,ESCITALOPRAM
76039,BUPROPION
76039,TOPIRAMATE
76040,
76041,AMLODIPINE
76041,LANSOPRAZOLE
76041,LOSARTAN
76042,ANTI-INFECTIVES - UNSPECIFIED
76043,AMLODIPINE
76043,LISINOPRIL
76044,
76045,
76046,
76047,
76048,
76049,CLONAZEPAM
76050,
76051,
76052,
76053,
76054,
76055,
76056,LISINOPRIL
76057,
76058,
76059,
76060,ETHINYL ESTRADIOL; NORETHINDRONE
76061,
76062,GEMFIBROZIL
76062,PHENTERMINE
76063,
76064,
76065,
76066,ISOTRETINOIN
76067,
76068,ALBUTEROL
76069,CARVEDILOL
76070,
76071,LEVOTHYROXINE
76072,ATENOLOL
76072,ATORVASTATIN
76072,ENALAPRIL; HYDROCHLOROTHIAZIDE
76073,
76074,AMLODIPINE
76074,EZETIMIBE
76074,HYDRALAZINE
76074,HYDROCHLOROTHIAZIDE; LISINOPRIL
76074,INSULIN ASPART
76074,INSULIN GLARGINE
76074,LOVASTATIN
76074,METOPROLOL
76075,PHENTERMINE
76075,SIMVASTATIN
76076,TACROLIMUS
76076,WARFARIN
76077,HYDROCHLOROTHIAZIDE; TRIAMTERENE
76078,OMEPRAZOLE
76078,PREDNISONE
76079,
76080,
76081,
76082,
76083,
76084,MELOXICAM
76085,
76086,
76087,
76088,
76089,PHENTERMINE
76090,AMOXICILLIN; CLAVULANATE
76091,ATENOLOL
76092,77777
76093,
76094,
76095,
76096,
76097,FLUTICASONE NASAL
76097,MOMETASONE
76097,SIMVASTATIN
76098,MONTELUKAST
76099,
76100,
76101,
76102,
76103,
76104,
76105,99999
76106,
76107,ROSUVASTATIN
76108,
76109,ACETAMINOPHEN; OXYCODONE
76109,AMLODIPINE
76109,HYDROCHLOROTHIAZIDE; VALSARTAN
76109,NEBIVOLOL
76109,PROMETHAZINE
76109,SUMATRIPTAN
76110,ACETAMINOPHEN; HYDROCODONE
76110,BACLOFEN
76110,FAMOTIDINE
76110,GABAPENTIN
76110,INSULIN ASPART
76110,INSULIN GLARGINE
76110,TRAZODONE
76111,
76112,CLONAZEPAM
76112,OLOPATADINE OPHTHALMIC
76112,TRAMADOL
76112,VENLAFAXINE
76113,
76114,
76115,
76116,AMLODIPINE
76116,ATORVASTATIN
76116,CLOPIDOGREL
76116,LABETALOL
76116,NITROGLYCERIN
76117,FEXOFENADINE
76117,METFORMIN
76117,METOPROLOL
76117,NAPROXEN
76117,QUINAPRIL
76117,SIMVASTATIN
76118,OMEPRAZOLE
76118,PRAVASTATIN
76119,
76120,PROPRANOLOL
76121,
76122,
76123,
76124,
76125,INSULIN ASPART
76125,METHYLPHENIDATE
76126,HYDROCHLOROTHIAZIDE
76127,LEVOFLOXACIN
76127,MELOXICAM
76127,TAMSULOSIN
76128,CLONIDINE
76128,FAMOTIDINE
76128,HYDROCHLOROTHIAZIDE; SPIRONOLACTONE
76128,OMEPRAZOLE
76128,VERAPAMIL
76129,ETHINYL ESTRADIOL; LEVONORGESTREL
76129,LISINOPRIL
76130,DEXTROMETHORPHAN; PROMETHAZINE
76131,
76132,
76133,AMLODIPINE
76133,ATORVASTATIN
76134,BENZTROPINE
76134,CHLORPROMAZINE
76134,OLANZAPINE
76134,RANITIDINE
76135,HYDROCHLOROTHIAZIDE; LISINOPRIL
76136,IBUPROFEN
76137,NAPROXEN
76138,
76139,ALENDRONATE
76139,AMIODARONE
76139,FLUTICASONE; SALMETEROL
76139,METOPROLOL
76139,SERTRALINE
76139,WARFARIN
76140,
76141,
76142,
76143,
76144,ANTIHYPERLIPIDEMIC AGENTS - UNSPECIFIED
76144,ANTIHYPERTENSIVE AGENTS - UNSPECIFIED
76144,PEPSIN
76145,FENOFIBRATE
76145,FUROSEMIDE
76145,GABAPENTIN
76145,GLIMEPIRIDE
76145,LOSARTAN
76145,METFORMIN
76145,NORTRIPTYLINE
76145,TOPIRAMATE
76146,
76147,DULOXETINE
76147,HYDROCHLOROTHIAZIDE; LOSARTAN
76147,OMEPRAZOLE
76147,PIROXICAM
76147,ROPINIROLE
76147,ROSUVASTATIN
76147,ZOLPIDEM
76148,
76149,LISINOPRIL
76149,WARFARIN
76150,BENZTROPINE
76150,CARBAMAZEPINE
76150,CLONAZEPAM
76150,DICLOFENAC
76150,DOCUSATE
76150,HYDROCHLOROTHIAZIDE; TRIAMTERENE
76150,LEVOTHYROXINE
76150,MONTELUKAST
76150,NYSTATIN
76150,OLANZAPINE
76150,PERPHENAZINE
76150,ZOLPIDEM
76151,
76152,
76153,
76154,
76155,
76156,
76157,
76158,ATORVASTATIN
76158,HYDROCHLOROTHIAZIDE; LISINOPRIL
76158,NIACIN
76158,POTASSIUM CHLORIDE
76159,BIMATOPROST OPHTHALMIC
76159,BRIMONIDINE; TIMOLOL OPHTHALMIC
76159,DUTASTERIDE
76159,METFORMIN
76159,SIMVASTATIN
76159,TAMSULOSIN
76160,
76161,
76162,AZITHROMYCIN
76163,
76164,99999
76164,AMLODIPINE
76164,INSULIN ASPART; INSULIN ASPART PROTAMINE
76164,METOPROLOL
76164,ROSUVASTATIN
76165,
76166,
76167,
76168,
76169,LEVOTHYROXINE
76170,
76171,77777
76172,
76173,
76174,
76175,
76176,ALBUTEROL
76176,FLUTICASONE
76177,
76178,
76179,ADALIMUMAB
76179,CIPROFLOXACIN
76179,FLUOXETINE
76180,
76181,AMLODIPINE
76181,HYDROCHLOROTHIAZIDE; LISINOPRIL
76182,ANTI-INFECTIVES - UNSPECIFIED
76183,
76184,GLIPIZIDE
76184,LISINOPRIL
76184,METFORMIN
76185,
76186,
76187,ACETAMINOPHEN; HYDROCODONE
76187,OMEPRAZOLE
76187,ONDANSETRON
76187,SUCRALFATE
76187,VENLAFAXINE
76188,ALENDRONATE
76188,ATORVASTATIN
76188,LOSARTAN
76188,METOCLOPRAMIDE
76189,
76190,
76191,
76192,CARVEDILOL
76192,RANITIDINE
76193,
76194,ALBUTEROL
76195,
76196,
76197,
76198,
76199,LEVOTHYROXINE
76199,METFORMIN
76200,
76201,CARVEDILOL
76201,INSULIN ASPART
76202,
76203,
76204,
76205,
76206,LEVOTHYROXINE
76207,
76208,CARVEDILOL
76208,FEXOFENADINE
76208,ISOSORBIDE MONONITRATE
76208,LISINOPRIL
76208,OMEPRAZOLE
76208,ROSUVASTATIN
76209,FAMOTIDINE
76210,
76211,
76212,
76213,ACETAMINOPHEN; OXYCODONE
76213,AMLODIPINE
76213,CLOPIDOGREL
76213,FINASTERIDE
76213,GLYBURIDE
76213,HYDROCHLOROTHIAZIDE
76213,LIDOCAINE TOPICAL
76213,LIRAGLUTIDE
76213,METFORMIN
76213,METOPROLOL
76213,PANTOPRAZOLE
76213,ROSUVASTATIN
76213,SOLIFENACIN
76214,
76215,
76216,ALBUTEROL
76216,BECLOMETHASONE
76217,BACLOFEN
76217,IBUPROFEN
76217,TRAMADOL
76218,LEVOTHYROXINE
76219,
76220,
76221,
76222,SULFAMETHOXAZOLE; TRIMETHOPRIM
76223,ALLOPURINOL
76223,CETIRIZINE
76223,DICLOFENAC
76223,EZETIMIBE
76223,FLUTICASONE
76223,METFORMIN
76223,METRONIDAZOLE TOPICAL
76223,TAMSULOSIN
76223,TRAVOPROST OPHTHALMIC
76224,ALPRAZOLAM
76224,GLIMEPIRIDE
76224,HYDROCHLOROTHIAZIDE
76224,METFORMIN
76224,VALSARTAN
76225,CARBAMAZEPINE
76225,DONEPEZIL
76225,FLUDROCORTISONE
76225,GABAPENTIN
76225,LORATADINE; PSEUDOEPHEDRINE
76225,MEMANTINE
76226,
76227,
76228,
76229,
76230,
76231,
76232,
76233,GABAPENTIN
76233,METFORMIN
76233,METOPROLOL
76234,AMPHETAMINE; DEXTROAMPHETAMINE
76234,ESOMEPRAZOLE
76235,LOVASTATIN
76236,ETHINYL ESTRADIOL; LEVONORGESTREL
76236,GLIMEPIRIDE
76236,LISINOPRIL
76236,METFORMIN
76236,VALACYCLOVIR
76237,
76238,BUPROPION
76238,CITALOPRAM
76238,LOSARTAN
76238,METHYLPHENIDATE
76239,
76240,
76241,
76242,
76243,IBUPROFEN
76244,
76245,GUANFACINE
76245,LISDEXAMFETAMINE
76245,SERTRALINE
76245,TRAZODONE
76246,
76247,
76248,
76249,
76250,METHYLPHENIDATE
76251,LISDEXAMFETAMINE
76252,FLUOXETINE
76252,TRAZODONE
76253,
76254,
76255,
76256,
76257,
76258,
76259,
76260,
76261,
76262,
76263,
76264,DUTASTERIDE
76264,LEVOTHYROXINE
76265,
76266,
76267,AMLODIPINE
76267,ATORVASTATIN
76267,CLONIDINE
76267,INSULIN ISOPHANE (NPH)
76267,INSULIN REGULAR
76267,LISINOPRIL
76267,METFORMIN
76268,
76269,
76270,AMOXICILLIN
76270,ETONOGESTREL
76270,NORETHINDRONE
76271,HYDROCHLOROTHIAZIDE; LISINOPRIL
76271,METOPROLOL
76271,ROSUVASTATIN
76272,ARIPIPRAZOLE
76272,ETHINYL ESTRADIOL; NORETHINDRONE
76273,
76274,RANITIDINE
76275,
76276,
76277,CLOPIDOGREL
76277,METOPROLOL
76277,OMEPRAZOLE
76277,SIMVASTATIN
76278,
76279,CETIRIZINE
76280,
76281,PHENYTOIN
76282,MELOXICAM
76282,OMEPRAZOLE
76283,IBUPROFEN
76284,
76285,
76286,
76287,
76288,
76289,DESOGESTREL; ETHINYL ESTRADIOL
76290,
76291,
76292,
76293,
76294,AMLODIPINE; BENAZEPRIL
76294,MEGESTROL
76294,SIMVASTATIN
76295,
76296,
76297,
76298,
76299,
76300,99999
76301,HYDROCHLOROTHIAZIDE
76302,AMLODIPINE; HYDROCHLOROTHIAZIDE; VALSARTAN
76303,
76304,
76305,
76306,LATANOPROST OPHTHALMIC
76307,
76308,
76309,
76310,ATORVASTATIN
76311,
76312,ATENOLOL
76312,BETAXOLOL OPHTHALMIC
76312,DICLOFENAC
76312,ESTRADIOL
76312,HYDROCHLOROTHIAZIDE; LOSARTAN
76312,METFORMIN
76312,OMEPRAZOLE
76312,ROSUVASTATIN
76313,DIAZEPAM
76313,ETHINYL ESTRADIOL; NORGESTREL
76313,PROMETHAZINE
76313,TIZANIDINE
76313,TRAMADOL
76314,
76315,
76316,ACETAMINOPHEN; HYDROCODONE
76316,OMEPRAZOLE
76317,INSULIN GLARGINE
76317,LISINOPRIL
76317,LOVASTATIN
76317,METFORMIN; SITAGLIPTIN
76318,
76319,
76320,TAPENTADOL
76321,
76322,
76323,
76324,
76325,ALBUTEROL
76325,ENALAPRIL
76325,FLUTICASONE; SALMETEROL
76325,FUROSEMIDE
76325,NITROGLYCERIN
76325,OXYGEN
76325,PRAVASTATIN
76325,PREDNISONE
76325,SPIRONOLACTONE
76325,TAMSULOSIN
76325,TIOTROPIUM
76326,
76327,
76328,IBUPROFEN
76329,PROMETHAZINE
76330,
76331,
76332,
76333,ALENDRONATE
76333,LANSOPRAZOLE
76333,LISINOPRIL
76333,METOPROLOL
76334,
76335,
76336,
76337,
76338,
76339,AMOXICILLIN
76340,AMOXICILLIN
76341,
76342,ETHINYL ESTRADIOL; ETHYNODIOL
76342,FLUTICASONE NASAL
76342,HYDROCHLOROTHIAZIDE; LISINOPRIL
76343,
76344,
76345,LISDEXAMFETAMINE
76346,
76347,
76348,
76349,METFORMIN; SAXAGLIPTIN
76350,ALBUTEROL
76350,ALBUTEROL
76350,BECLOMETHASONE
76351,99999
76351,ALBUTEROL
76351,ALPRAZOLAM
76351,BUDESONIDE; FORMOTEROL
76351,HYDROCODONE
76351,IBUPROFEN
76351,LEVOTHYROXINE
76351,ZOLPIDEM
76352,
76353,ACETAMINOPHEN; TRAMADOL
76353,AMLODIPINE
76353,ASPIRIN
76353,ATORVASTATIN
76353,BIMATOPROST OPHTHALMIC
76353,BRIMONIDINE OPHTHALMIC
76353,BRIMONIDINE OPHTHALMIC
76353,CARVEDILOL
76353,INSULIN ASPART
76353,KETOROLAC OPHTHALMIC
76353,LEVOTHYROXINE
76353,MECLIZINE
76353,MEMANTINE
76354,ASPIRIN
76354,CLONIDINE
76354,ENALAPRIL
76354,HYDROCHLOROTHIAZIDE
76354,HYDROCODONE
76354,INSULIN ASPART
76354,INSULIN DETEMIR
76354,METFORMIN
76354,METOPROLOL
76354,PIOGLITAZONE
76354,ROSUVASTATIN
76355,
76356,ETHINYL ESTRADIOL; NORGESTIMATE
76356,VILAZODONE
76357,
76358,
76359,
76360,
76361,
76362,
76363,
76364,
76365,HYDROCHLOROTHIAZIDE; LISINOPRIL
76366,INSULIN GLARGINE
76366,INSULIN GLULISINE
76366,NITROFURANTOIN
76367,
76368,
76369,
76370,
76371,
76372,ATROPINE; DIPHENOXYLATE
76372,ERYTHROMYCIN
76372,ESCITALOPRAM
76372,HYDROCODONE
76372,INSULIN DETEMIR
76372,INSULIN LISPRO
76372,LEVOTHYROXINE
76372,MIDODRINE
76372,OXYCODONE
76372,PANTOPRAZOLE
76372,SEVELAMER
76372,SUCRALFATE
76373,AMPHETAMINE; DEXTROAMPHETAMINE
76374,
76375,SERTRALINE
76376,AMOXICILLIN
76376,CLARITHROMYCIN
76376,LANSOPRAZOLE
76376,NYSTATIN
76377,
76378,
76379,
76380,
76381,
76382,
76383,99999
76384,
76385,SIMVASTATIN
76386,
76387,DOXYCYCLINE
76387,INFLIXIMAB
76387,METHOTREXATE
76388,ACETAMINOPHEN; BUTALBITAL; CAFFEINE
76388,ACETAMINOPHEN; OXYCODONE
76388,LEVOTHYROXINE
76388,PHENTERMINE
76389,
76390,
76391,ACETAMINOPHEN; HYDROCODONE
76391,ATORVASTATIN
76391,OMEPRAZOLE
76391,QUININE
76391,TIZANIDINE
76392,
76393,
76394,
76395,ALLOPURINOL
76395,AMLODIPINE
76395,APIXABAN
76395,CARVEDILOL
76395,CLONIDINE
76395,COLCHICINE
76395,FUROSEMIDE
76395,INSULIN DETEMIR
76395,LOSARTAN
76395,POTASSIUM CHLORIDE
76395,PRAVASTATIN
76395,TAMSULOSIN
76396,ALBUTEROL
76397,BACLOFEN
76397,GLIMEPIRIDE
76397,OXYCODONE
76398,ACETAMINOPHEN; HYDROCODONE
76398,CYCLOBENZAPRINE
76399,PRAVASTATIN
76400,LEVOTHYROXINE
76400,LOVASTATIN
76401,
76402,BISOPROLOL; HYDROCHLOROTHIAZIDE
76402,ROSUVASTATIN
76402,TRAMADOL
76403,THYROID DESICCATED
76404,ALENDRONATE
76404,BRINZOLAMIDE OPHTHALMIC
76404,OMEPRAZOLE
76404,PAROXETINE
76404,POLYETHYLENE GLYCOL 3350
76404,ZOLPIDEM
76405,NAPROXEN
76406,
76407,ENALAPRIL; HYDROCHLOROTHIAZIDE
76408,
76409,
76410,
76411,
76412,
76413,HYDROCHLOROTHIAZIDE; VALSARTAN
76413,LEVOTHYROXINE
76413,ROSUVASTATIN
76414,
76415,FAMOTIDINE
76416,
76417,
76418,ATORVASTATIN
76418,GLIMEPIRIDE
76418,LISINOPRIL
76418,METFORMIN; SITAGLIPTIN
76419,
76420,
76421,
76422,AMLODIPINE
76422,BUDESONIDE; FORMOTEROL
76422,METOPROLOL
76422,ROSUVASTATIN
76423,ATENOLOL; CHLORTHALIDONE
76423,ATORVASTATIN
76423,DIGOXIN
76423,GLIPIZIDE
76423,LISINOPRIL
76423,SPIRONOLACTONE
76423,WARFARIN
76424,FLUTICASONE NASAL
76424,MECLIZINE
76425,
76426,
76427,
76428,
76429,
76430,
76431,
76432,
76433,
76434,
76435,
76436,CELECOXIB
76436,CETIRIZINE
76436,OMEPRAZOLE
76436,SIMVASTATIN
76436,TERAZOSIN
76437,LOSARTAN
76438,ANASTROZOLE
76438,LISINOPRIL
76439,
76440,ALPRAZOLAM
76440,PANTOPRAZOLE
76440,VENLAFAXINE
76441,
76442,IMIPRAMINE
76442,LEVOTHYROXINE
76443,AMLODIPINE
76443,HYDROCHLOROTHIAZIDE; LISINOPRIL
76444,DOXYCYCLINE
76444,LEVOTHYROXINE
76445,
76446,AMLODIPINE
76446,ETHINYL ESTRADIOL; ETHYNODIOL
76446,METOPROLOL
76446,SPIRONOLACTONE
76447,ISOSORBIDE MONONITRATE
76447,METOPROLOL
76447,NITROGLYCERIN
76447,PRAMIPEXOLE
76447,RAMIPRIL
76447,SIMVASTATIN
76447,TRAZODONE
76447,ZOLEDRONIC ACID
76448,
76449,
76450,
76451,
76452,
76453,
76454,METHYLPHENIDATE
76455,HYDROCHLOROTHIAZIDE
76456,POLYETHYLENE GLYCOL 3350
76457,
76458,
76459,
76460,
76461,CITALOPRAM
76461,GABAPENTIN
76461,LEVOTHYROXINE
76462,
76463,
76464,
76465,AMLODIPINE
76465,ATORVASTATIN
76465,LANSOPRAZOLE
76465,LOSARTAN
76466,
76467,
76468,CELECOXIB
76468,LISINOPRIL
76468,OMEPRAZOLE
76468,PRAVASTATIN
76469,AMLODIPINE; BENAZEPRIL
76469,EZETIMIBE; SIMVASTATIN
76469,FUROSEMIDE
76469,METOPROLOL
76470,ATORVASTATIN
76470,FUROSEMIDE
76470,INSULIN ASPART
76470,METFORMIN
76470,METOPROLOL
76470,TRAMADOL
76471,
76472,ARIPIPRAZOLE
76472,ATORVASTATIN
76472,FLUOXETINE
76472,INSULIN ISOPHANE (NPH)
76472,INSULIN REGULAR
76472,LOSARTAN
76472,METFORMIN
76473,
76474,
76475,HYDROCHLOROTHIAZIDE
76475,MELOXICAM
76475,PANTOPRAZOLE
76475,RAMIPRIL
76475,SOTALOL
76476,CARBAMAZEPINE
76476,HYDROXYZINE
76476,LANSOPRAZOLE
76476,LEVOMILNACIPRAN
76476,ZOLPIDEM
76477,AMLODIPINE
76477,BENAZEPRIL
76477,EZETIMIBE
76477,LEVOTHYROXINE
76478,
76479,
76480,SERTRALINE
76481,ALBUTEROL
76481,ALENDRONATE
76482,LISINOPRIL
76483,
76484,HYDROCHLOROTHIAZIDE; LISINOPRIL
76484,METOPROLOL
76485,
76486,
76487,
76488,
76489,
76490,
76491,
76492,HYDROCHLOROTHIAZIDE; LOSARTAN
76492,MINOCYCLINE
76493,
76494,LEVOTHYROXINE
76495,
76496,
76497,
76498,
76499,
76500,ETHINYL ESTRADIOL; NORETHINDRONE
76501,LEVOTHYROXINE
76502,
76503,
76504,
76505,ALBUTEROL
76505,IBUPROFEN
76505,LORATADINE
76505,METHYLPHENIDATE
76505,METHYLPHENIDATE
76506,ETHINYL ESTRADIOL; NORGESTIMATE
76506,FLUDROCORTISONE
76506,HYDROCORTISONE
76507,
76508,HYDROCODONE
76509,
76510,CHOLESTYRAMINE
76510,INSULIN ASPART
76510,METFORMIN
76511,ALBUTEROL
76512,
76513,
76514,
76515,ACETAMINOPHEN; HYDROCODONE
76515,BUPROPION
76515,METHYLPHENIDATE
76515,RISPERIDONE
76516,
76517,
76518,NAPROXEN
76518,OXCARBAZEPINE
76519,
76520,ALBUTEROL
76521,FLUTICASONE NASAL
76522,
76523,TRAZODONE
76524,FLUTICASONE
76525,
76526,
76527,TRIAMCINOLONE
76528,LEVOTHYROXINE
76529,
76530,AMLODIPINE
76530,BETHANECHOL
76530,DONEPEZIL
76530,LOSARTAN
76530,METFORMIN
76530,SIMVASTATIN
76531,ALISKIREN; HYDROCHLOROTHIAZIDE
76531,CLONIDINE
76531,FLUOXETINE
76531,LEVOTHYROXINE
76532,RANITIDINE
76533,HYDROCHLOROTHIAZIDE
76533,LISINOPRIL
76534,BUPROPION
76534,CITALOPRAM
76534,HYDROCHLOROTHIAZIDE
76534,IBUPROFEN
76534,MONTELUKAST
76535,
76536,
76537,
76538,
76539,
76540,HYDROCODONE
76540,NEOMYCIN; POLYMYXIN B SULFATE TOPICAL
76541,
76542,BUSPIRONE
76542,INSULIN ASPART
76542,LEVETIRACETAM
76542,METFORMIN
76542,OXYCODONE
76542,PANTOPRAZOLE
76542,PRAVASTATIN
76542,RAMIPRIL
76542,SERTRALINE
76542,TIZANIDINE
76542,TRAZODONE
76542,WARFARIN
76542,ZOLPIDEM
76543,
76544,
76545,AMOXICILLIN
76545,CETIRIZINE
76545,IBUPROFEN
76546,
76547,
76548,ENALAPRIL
76548,METFORMIN
76548,OLANZAPINE
76548,SIMVASTATIN
76548,TRIAMCINOLONE TOPICAL
76549,ALLOPURINOL
76549,AMLODIPINE
76549,ASPIRIN
76549,ATORVASTATIN
76549,CARVEDILOL
76549,CARVEDILOL
76549,FUROSEMIDE
76549,ISOSORBIDE
76549,LISINOPRIL
76549,PANTOPRAZOLE
76549,PRASUGREL
76550,HYDROCHLOROTHIAZIDE
76550,LISINOPRIL
76550,PANTOPRAZOLE
76550,SULFASALAZINE
76551,
76552,
76553,
76554,
76555,
76556,
76557,
76558,LOSARTAN
76558,PRAVASTATIN
76558,PSEUDOEPHEDRINE; TRIPROLIDINE
76559,
76560,
76561,CANDESARTAN
76561,ESOMEPRAZOLE
76561,FAMOTIDINE
76561,MESALAMINE
76561,METFORMIN
76561,PRAVASTATIN
76562,
76563,
76564,
76565,HYDROCHLOROTHIAZIDE; TRIAMTERENE
76565,HYDROCODONE
76565,METOPROLOL
76565,OMEPRAZOLE
76566,
76567,
76568,AMLODIPINE
76568,BENZONATATE
76568,BRIMONIDINE OPHTHALMIC
76568,CYCLOBENZAPRINE
76568,ESOMEPRAZOLE
76568,HYDROCHLOROTHIAZIDE; LISINOPRIL
76568,TOLTERODINE
76569,
76570,
76571,
76572,
76573,ETHINYL ESTRADIOL; NORETHINDRONE
76574,
76575,ACETAMINOPHEN; CODEINE
76575,AMLODIPINE; HYDROCHLOROTHIAZIDE; VALSARTAN
76575,CITALOPRAM
76575,MOMETASONE NASAL
76575,NEBIVOLOL
76575,ROSUVASTATIN
76575,TRAMADOL
76575,ZOLPIDEM
76576,HYDROCHLOROTHIAZIDE
76576,LEVOTHYROXINE
76576,LISINOPRIL
76577,
76578,MONTELUKAST
76579,
76580,
76581,
76582,ALBUTEROL
76582,BACLOFEN
76582,FLUTICASONE; SALMETEROL
76582,GLYCOPYRROLATE
76582,GRISEOFULVIN
76582,LANSOPRAZOLE
76582,POLYETHYLENE GLYCOL 3350
76583,
76584,LITHIUM
76585,
76586,CLONAZEPAM
76586,CONJUGATED ESTROGENS
76586,ETODOLAC
76586,FEXOFENADINE
76586,GABAPENTIN
76586,LAMOTRIGINE
76586,TRAZODONE
76586,VENLAFAXINE
76587,
76588,
76589,METOPROLOL
76589,RIVAROXABAN
76590,ATORVASTATIN
76590,EZETIMIBE
76590,OLMESARTAN
76591,LANSOPRAZOLE
76591,MEFENAMIC ACID
76592,
76593,AMLODIPINE
76593,HYDROCHLOROTHIAZIDE
76593,LEVOTHYROXINE
76593,METOPROLOL
76593,TERAZOSIN
76594,MONTELUKAST
76595,
76596,CHOLESTYRAMINE
76596,HYDROCHLOROTHIAZIDE
76596,LISINOPRIL
76597,
76598,ACETAMINOPHEN; CODEINE
76598,ACETAMINOPHEN; HYDROCODONE
76598,ONDANSETRON
76598,TRAMADOL
76599,GLIPIZIDE
76599,HYDROCHLOROTHIAZIDE; LISINOPRIL
76599,METFORMIN
76599,NAPROXEN
76599,PIOGLITAZONE
76599,SIMVASTATIN
76600,
76601,
76602,
76603,
76604,NALTREXONE
76605,
76606,ATENOLOL
76606,LOVASTATIN
76606,VALSARTAN
76607,
76608,
76609,
76610,
76611,
76612,FENOFIBRATE
76612,LINAGLIPTIN
76612,LISINOPRIL
76612,METFORMIN
76613,
76614,ESTRADIOL; NORGESTIMATE
76615,AMLODIPINE
76615,CLOPIDOGREL
76615,DIAZEPAM
76615,LEVOTHYROXINE
76615,METOPROLOL
76615,OMEPRAZOLE
76615,PRAVASTATIN
76615,TRAZODONE
76616,ESOMEPRAZOLE
76616,HYDROCHLOROTHIAZIDE
76616,SIMVASTATIN
76617,
76618,CETIRIZINE
76618,MOMETASONE NASAL
76619,ATENOLOL
76619,ETHINYL ESTRADIOL; LEVONORGESTREL
76619,LOSARTAN
76620,
76621,
76622,
76623,
76624,CLONAZEPAM
76624,METOPROLOL
76624,OXYCODONE
76624,PHENYTOIN
76625,
76626,HYDROCHLOROTHIAZIDE; LOSARTAN
76626,OMEPRAZOLE
76627,ATORVASTATIN
76627,CLONAZEPAM
76627,HYDROCHLOROTHIAZIDE; TRIAMTERENE
76627,METOPROLOL
76628,
76629,
76630,
76631,BISOPROLOL
76631,GABAPENTIN
76631,HYDROCODONE
76631,ROPINIROLE
76632,
76633,
76634,
76635,
76636,
76637,
76638,
76639,
76640,
76641,NORETHINDRONE
76642,
76643,AMLODIPINE
76643,HYDROCHLOROTHIAZIDE; VALSARTAN
76644,
76645,LISINOPRIL
76645,MELOXICAM
76645,PREGABALIN
76645,TRAMADOL
76646,
76647,BUDESONIDE
76647,CLONIDINE
76647,DORNASE ALFA
76647,GABAPENTIN
76647,LIDOCAINE; PRILOCAINE TOPICAL
76647,RISPERIDONE
76647,URSODIOL
76648,AMLODIPINE
76648,GLIPIZIDE
76648,HYDROCHLOROTHIAZIDE; LISINOPRIL
76648,INSULIN GLARGINE
76648,ISOSORBIDE MONONITRATE
76649,AZITHROMYCIN
76649,BENZONATATE
76650,AZITHROMYCIN
76651,AMOXICILLIN
76652,
76653,CHOLESTYRAMINE
76653,LEVOTHYROXINE
76654,GEMFIBROZIL
76654,LEVOTHYROXINE
76654,RANITIDINE
76655,ALBUTEROL
76655,ALENDRONATE
76655,AMLODIPINE
76655,ASPIRIN
76655,ATORVASTATIN
76655,DIVALPROEX SODIUM
76655,DULOXETINE
76655,INSULIN
76655,INSULIN ISOPHANE; INSULIN REGULAR
76655,LOSARTAN
76655,METFORMIN
76655,PANTOPRAZOLE
76655,TOPIRAMATE
76656,ETHINYL ESTRADIOL; NORETHINDRONE
76657,HYDROCHLOROTHIAZIDE
76657,NAPROXEN
76658,
76659,BUDESONIDE
76660,
76661,
76662,ALBUTEROL
76662,ALBUTEROL
76663,
76664,
76665,BUPROPION
76666,ACETAMINOPHEN; HYDROCODONE
76666,ATENOLOL; CHLORTHALIDONE
76666,PANTOPRAZOLE
76666,SIMVASTATIN
76667,INTERFERON BETA-1A
76668,DROSPIRENONE; ETHINYL ESTRADIOL; LEVOMEFOLATE
76668,RIZATRIPTAN
76669,
76670,
76671,ETHINYL ESTRADIOL; NORGESTIMATE
76672,LEVOTHYROXINE
76673,ATORVASTATIN
76673,EZETIMIBE
76673,FINASTERIDE
76673,LISINOPRIL
76673,METOPROLOL
76673,OMEPRAZOLE
76673,SPIRONOLACTONE
76674,ALPRAZOLAM
76674,AMITRIPTYLINE
76674,ATORVASTATIN
76674,CICLOPIROX TOPICAL
76674,FENOFIBRATE
76674,GABAPENTIN
76674,GLIPIZIDE
76674,LAMOTRIGINE
76674,LISINOPRIL
76674,METFORMIN
76674,MIRTAZAPINE
76674,MONTELUKAST
76674,RANITIDINE
76674,ROPINIROLE
76675,AMLODIPINE; BENAZEPRIL
76675,DORZOLAMIDE; TIMOLOL OPHTHALMIC
76675,GLIPIZIDE
76675,LATANOPROST OPHTHALMIC
76675,METFORMIN
76675,PRAVASTATIN
76676,
76677,
76678,CLONIDINE
76678,IMIPRAMINE
76678,METHYLPHENIDATE
76678,QUETIAPINE
76679,ALPRAZOLAM
76679,ATORVASTATIN
76679,CARVEDILOL
76679,HYDROCHLOROTHIAZIDE
76679,INSULIN GLARGINE
76679,LEVOTHYROXINE
76679,METFORMIN
76679,VALSARTAN
76680,
76681,
76682,
76683,
76684,
76685,
76686,
76687,BUMETANIDE
76687,CALCIUM ACETATE
76687,CARVEDILOL
76687,GABAPENTIN
76687,HYDRALAZINE
76687,ISOSORBIDE MONONITRATE
76687,LACTULOSE
76687,LOSARTAN
76687,PANCRELIPASE
76687,SIMVASTATIN
76688,CARDIOVASCULAR AGENTS - UNSPECIFIED
76688,CYCLOSPORINE OPHTHALMIC
76688,DOXYCYCLINE
76688,EXENATIDE
76688,FLUTICASONE; SALMETEROL
76688,FUROSEMIDE
76688,GLIMEPIRIDE
76688,INSULIN DETEMIR
76688,INSULIN LISPRO
76688,LEVALBUTEROL
76688,LISINOPRIL
76688,METFORMIN
76688,METOCLOPRAMIDE
76688,MONTELUKAST
76688,NIACIN
76688,PIOGLITAZONE
76688,POTASSIUM CHLORIDE
76688,ROSUVASTATIN
76688,ZOLPIDEM
76689,HYDROCHLOROTHIAZIDE; TRIAMTERENE
76689,SIMVASTATIN
76690,
76691,
76692,ALBUTEROL
76692,DEXAMETHASONE
76692,FORMOTEROL; MOMETASONE
76692,FUROSEMIDE
76692,HYDROCHLOROTHIAZIDE; OLMESARTAN
76692,MONTELUKAST
76692,POTASSIUM CHLORIDE
76693,
76694,CETIRIZINE
76695,ATENOLOL
76695,FUROSEMIDE
76695,HYDROCHLOROTHIAZIDE
76695,OMEPRAZOLE
76696,
76697,
76698,AMLODIPINE
76698,GLIMEPIRIDE
76698,HYDROCHLOROTHIAZIDE; LOSARTAN
76698,METOPROLOL
76698,TAMOXIFEN
76699,IBUPROFEN
76700,
76701,
76702,
76703,
76704,CARBAMAZEPINE
76704,CITALOPRAM
76704,MIRTAZAPINE
76704,OMEPRAZOLE
76704,PRAVASTATIN
76704,TRIHEXYPHENIDYL
76704,ZIPRASIDONE
76705,
76706,ARIPIPRAZOLE
76706,CLOZAPINE
76706,LAMOTRIGINE
76706,RANITIDINE
76706,SITAGLIPTIN
76706,TELMISARTAN
76707,
76708,
76709,
76710,
76711,
76712,
76713,
76714,ATORVASTATIN
76714,CITALOPRAM
76714,CLOPIDOGREL
76714,DILTIAZEM
76714,FUROSEMIDE
76714,GLIMEPIRIDE
76714,ISOSORBIDE MONONITRATE
76714,LISINOPRIL
76714,METFORMIN; SITAGLIPTIN
76714,MONTELUKAST
76714,POTASSIUM CHLORIDE
76714,ROFLUMILAST
76714,SIMVASTATIN
76714,THEOPHYLLINE
76715,ALLOPURINOL
76715,COLCHICINE
76715,FUROSEMIDE
76715,LISINOPRIL
76715,METOPROLOL
76715,NIACIN
76715,PANTOPRAZOLE
76715,VERAPAMIL
76716,CLONAZEPAM
76716,CLONIDINE
76716,CLONIDINE
76716,DIPHENHYDRAMINE
76716,LITHIUM
76716,MINOCYCLINE
76717,
76718,PENICILLIN V POTASSIUM
76719,
76720,
76721,
76722,ATORVASTATIN
76722,FINASTERIDE
76722,FLUTICASONE NASAL
76722,PANTOPRAZOLE
76722,SILDENAFIL
76722,TAMSULOSIN
76722,TRAZODONE
76722,VENLAFAXINE
76723,
76724,
76725,
76726,
76727,
76728,
76729,
76730,FLUTICASONE; SALMETEROL
76730,SIMVASTATIN
76730,TIOTROPIUM
76731,
76732,
76733,AMLODIPINE
76733,ASPIRIN
76733,BENAZEPRIL
76733,IBUPROFEN
76733,METOPROLOL
76733,ROSUVASTATIN
76733,SERTRALINE
76733,SOLIFENACIN
76733,TAMSULOSIN
76734,AMLODIPINE
76734,METOPROLOL
76734,ROSUVASTATIN
76734,VALSARTAN
76735,ALBUTEROL
76735,ALENDRONATE
76735,ALPRAZOLAM
76735,AMITRIPTYLINE
76735,AMLODIPINE
76735,BUDESONIDE; FORMOTEROL
76735,CYCLOBENZAPRINE
76735,FLUTICASONE NASAL
76735,LEVOTHYROXINE
76735,LORATADINE
76735,LOVASTATIN
76735,MELOXICAM
76735,MONTELUKAST
76735,OXYBUTYNIN
76735,RANITIDINE
76735,ROFLUMILAST
76735,SERTRALINE
76736,
76737,
76738,VALSARTAN
76739,AMITRIPTYLINE
76739,ATENOLOL; CHLORTHALIDONE
76739,LISINOPRIL
76739,LOVASTATIN
76739,NIFEDIPINE
76740,
76741,HYDROCHLOROTHIAZIDE; LISINOPRIL
76742,RANITIDINE
76743,
76744,
76745,HYDROCHLOROTHIAZIDE; TRIAMTERENE
76745,LISINOPRIL
76745,MELOXICAM
76745,OMEPRAZOLE
76745,SIMVASTATIN
76746,LEVOTHYROXINE
76747,AMLODIPINE
76747,AZILSARTAN
76747,FUROSEMIDE
76747,GABAPENTIN
76747,METOPROLOL
76747,POTASSIUM CHLORIDE
76747,SIMVASTATIN
76748,
76749,
76750,
76751,
76752,
76753,
76754,AMLODIPINE
76754,FLUTICASONE NASAL
76754,LISINOPRIL
76755,
76756,LISINOPRIL
76757,CLOPIDOGREL
76757,SIMVASTATIN
76758,ALBUTEROL
76759,RANITIDINE
76760,
76761,
76762,
76763,
76764,AMLODIPINE
76765,
76766,
76767,
76768,ATOMOXETINE
76768,CEFDINIR
76768,POLYMYXIN B SULFATE
76769,
76770,
76771,
76772,
76773,ALBUTEROL
76773,LISINOPRIL
76773,METFORMIN
76774,
76775,
76776,
76777,
76778,
76779,LOVASTATIN
76779,TAMOXIFEN
76780,METHYLPHENIDATE
76780,RISPERIDONE
76781,
76782,
76783,
76784,
76785,
76786,
76787,ALBUTEROL
76787,FLUTICASONE
76787,FLUTICASONE NASAL
76787,MONTELUKAST
76787,OSELTAMIVIR
76788,
76789,ALENDRONATE
76789,AMLODIPINE
76789,ANASTROZOLE
76789,FLUVOXAMINE
76789,HYDROCODONE
76789,LIOTHYRONINE
76789,LITHIUM
76789,ZIPRASIDONE
76790,
76791,
76792,ATENOLOL
76792,CITALOPRAM
76792,GABAPENTIN
76792,LOSARTAN
76792,NAPROXEN
76792,OMEPRAZOLE
76793,ATENOLOL
76793,ATROPINE; HYOSCYAMINE; PHENOBARBITAL; SCOPOLAMINE
76793,CYCLOBENZAPRINE
76793,HYDROCHLOROTHIAZIDE; LOSARTAN
76793,IBUPROFEN
76793,PREDNISONE
76794,
76795,
76796,CETIRIZINE
76796,CHOLESTYRAMINE
76796,CYCLOBENZAPRINE
76796,FLUTICASONE NASAL
76796,IBUPROFEN
76796,OMEPRAZOLE
76796,SIMVASTATIN
76796,THYROID DESICCATED
76797,
76798,
76799,ACETAMINOPHEN; HYDROCODONE
76799,AMLODIPINE
76799,LISINOPRIL
76800,
76801,AMOXICILLIN
76802,
76803,
76804,FLUOXETINE
76804,METHYLPHENIDATE
76805,FLUOXETINE
76805,LEVOTHYROXINE
76806,
76807,AMITRIPTYLINE
76807,HYDROCODONE
76807,LEVOTHYROXINE
76807,LISINOPRIL
76807,POTASSIUM CHLORIDE
76807,ROPINIROLE
76807,TRIAMTERENE
76808,
76809,ATORVASTATIN
76809,CARVEDILOL
76809,FINASTERIDE
76809,GLIPIZIDE
76809,HYDRALAZINE
76809,OMEPRAZOLE
76810,
76811,
76812,
76813,
76814,ATORVASTATIN
76814,LISINOPRIL
76814,METFORMIN
76815,ATENOLOL
76815,CLONAZEPAM
76815,CYCLOBENZAPRINE
76815,LISINOPRIL
76815,MIRTAZAPINE
76815,NAPROXEN
76815,QUETIAPINE
76816,ETHINYL ESTRADIOL; NORGESTIMATE
76817,
76818,CARVEDILOL
76818,DIGOXIN
76818,FUROSEMIDE
76818,LISINOPRIL
76818,OMEPRAZOLE
76818,ROSUVASTATIN
76818,WARFARIN
76819,
76820,ATAZANAVIR
76820,AZITHROMYCIN
76820,EMTRICITABINE; TENOFOVIR
76820,NAPROXEN
76820,PRAVASTATIN
76820,RITONAVIR
76820,SULFAMETHOXAZOLE; TRIMETHOPRIM
76821,
76822,
76823,CETIRIZINE
76823,FLUTICASONE
76824,ALPRAZOLAM
76824,LEVOTHYROXINE
76825,
76826,
76827,METOPROLOL
76827,WARFARIN
76828,
76829,
76830,
76831,ALPRAZOLAM
76831,ATORVASTATIN
76831,CITALOPRAM
76831,INSULIN GLARGINE
76831,INSULIN REGULAR
76831,LEVOTHYROXINE
76831,LINACLOTIDE
76831,LISINOPRIL
76831,OMEPRAZOLE; SODIUM BICARBONATE
76831,OXYCODONE
76831,TIZANIDINE
76831,ZOLPIDEM
76832,
76833,
76834,
76835,
76836,
76837,
76838,
76839,
76840,HYDROCHLOROTHIAZIDE
76840,QUINAPRIL
76840,RABEPRAZOLE
76841,
76842,
76843,INSULIN ASPART
76844,GRISEOFULVIN
76845,
76846,MICONAZOLE TOPICAL
76847,FAMOTIDINE
76848,
76849,AMOXICILLIN; CLAVULANATE
76850,
76851,LISINOPRIL
76852,
76853,ATORVASTATIN
76853,CARVEDILOL
76853,DIGOXIN
76853,FINASTERIDE
76853,FUROSEMIDE
76853,LEVOTHYROXINE
76853,OMEPRAZOLE
76853,TERAZOSIN
76853,WARFARIN
76854,FAMOTIDINE
76855,
76856,
76857,
76858,
76859,
76860,METFORMIN
76860,PRAVASTATIN
76861,
76862,
76863,
76864,FAMOTIDINE
76864,LISINOPRIL
76864,ROSUVASTATIN
76865,FLUOXETINE
76865,METHYLPHENIDATE
76866,
76867,
76868,RANITIDINE
76869,
76870,AMLODIPINE
76870,ESOMEPRAZOLE
76870,EZETIMIBE
76870,LEVOTHYROXINE
76870,LOSARTAN
76871,ALENDRONATE; CHOLECALCIFEROL
76871,AMLODIPINE
76871,BRIMONIDINE; TIMOLOL OPHTHALMIC
76871,BRINZOLAMIDE OPHTHALMIC
76871,LATANOPROST OPHTHALMIC
76871,LEVOTHYROXINE
76871,LOSARTAN
76871,METFORMIN
76871,RABEPRAZOLE
76872,INSULIN DETEMIR
76872,MECLIZINE
76872,SERTRALINE
76873,ALBUTEROL
76874,
76875,
76876,AMOXICILLIN
76877,ESOMEPRAZOLE
76877,METOPROLOL
76878,
76879,
76880,CARVEDILOL
76880,HYDROCHLOROTHIAZIDE; TRIAMTERENE
76880,THYROID DESICCATED
76881,
76882,BUPROPION
76882,CITALOPRAM
76882,CYCLOBENZAPRINE
76882,LORAZEPAM
76882,QUETIAPINE
76882,TRAZODONE
76883,
76884,BUSPIRONE
76884,ESCITALOPRAM
76884,FAMOTIDINE
76885,PITAVASTATIN
76886,TERAZOSIN
76887,AMPHETAMINE; DEXTROAMPHETAMINE
76887,CYPROHEPTADINE
76888,ATENOLOL
76888,SIMVASTATIN
76888,WARFARIN
76889,METFORMIN
76890,
76891,ETHINYL ESTRADIOL; NORGESTIMATE
76891,RIZATRIPTAN
76892,AMIODARONE
76892,DILTIAZEM
76892,OMEPRAZOLE
76892,SIMVASTATIN
76893,
76894,ARIPIPRAZOLE
76894,CARBAMAZEPINE
76894,ESCITALOPRAM
76895,
76896,
76897,
76898,
76899,AMLODIPINE
76899,ESCITALOPRAM
76900,
76901,ESTRADIOL
76901,HYDROCHLOROTHIAZIDE; TRIAMTERENE
76901,LISINOPRIL
76902,ATORVASTATIN
76902,HYDROCHLOROTHIAZIDE; LISINOPRIL
76903,ATORVASTATIN
76903,GABAPENTIN
76903,LEVOTHYROXINE
76903,LISINOPRIL
76903,PHENYTOIN
76904,
76905,
76906,
76907,
76908,ETHINYL ESTRADIOL; NORGESTIMATE
76909,
76910,
76911,ALPRAZOLAM
76911,BISOPROLOL; HYDROCHLOROTHIAZIDE
76911,LEVOTHYROXINE
76911,METOCLOPRAMIDE
76911,PANTOPRAZOLE
76911,PRAVASTATIN
76912,ACETAZOLAMIDE
76912,BIMATOPROST OPHTHALMIC
76912,BRIMONIDINE; TIMOLOL OPHTHALMIC
76912,BRINZOLAMIDE OPHTHALMIC
76912,ENALAPRIL
76912,HYDROCHLOROTHIAZIDE; TRIAMTERENE
76912,LOTEPREDNOL OPHTHALMIC
76913,
76914,
76915,EZETIMIBE
76915,FAMOTIDINE
76915,FLUTICASONE; SALMETEROL
76915,TIOTROPIUM
76916,
76917,ACETAMINOPHEN; HYDROCODONE
76917,AMIODARONE
76917,AMIODARONE
76917,ATORVASTATIN
76917,CYCLOBENZAPRINE
76917,FUROSEMIDE
76917,LANSOPRAZOLE
76917,MELOXICAM
76917,NAPROXEN
76917,NITROGLYCERIN
76917,POTASSIUM CHLORIDE
76918,MINOCYCLINE
76919,
76920,
76921,CARVEDILOL
76921,FUROSEMIDE
76921,ISOSORBIDE
76921,LISINOPRIL
76921,PANTOPRAZOLE
76921,PRAVASTATIN
76921,RIVAROXABAN
76921,SPIRONOLACTONE
76922,
76923,
76924,
76925,GLIMEPIRIDE
76925,LISINOPRIL
76925,LORAZEPAM
76925,METFORMIN
76925,METHOTREXATE
76925,METOPROLOL
76925,SITAGLIPTIN
76925,SULFAMETHOXAZOLE; TRIMETHOPRIM
76926,
76927,
76928,ACETAMINOPHEN; HYDROCODONE
76928,ATENOLOL
76928,BUPROPION
76928,INSULIN ASPART
76928,LISINOPRIL
76928,PRAVASTATIN
76928,TRAZODONE
76928,VERAPAMIL
76928,ZOLPIDEM
76929,
76930,
76931,ALBUTEROL
76931,ALBUTEROL; IPRATROPIUM
76931,FLUTICASONE NASAL
76931,FLUTICASONE; SALMETEROL
76931,NITROGLYCERIN
76931,SIMVASTATIN
76932,
76933,
76934,
76935,
76936,
76937,
76938,
76939,
76940,
76941,CLONAZEPAM
76941,HYDROCHLOROTHIAZIDE; LOSARTAN
76941,METOPROLOL
76941,OMEPRAZOLE
76941,POTASSIUM CHLORIDE
76941,SERTRALINE
76942,
76943,
76944,
76945,ACETAMINOPHEN; HYDROCODONE
76945,ALPRAZOLAM
76945,DEXLANSOPRAZOLE
76945,ESTRADIOL
76945,MECLIZINE
76945,MONTELUKAST
76945,OLMESARTAN
76945,PREGABALIN
76945,VILAZODONE
76945,ZOLPIDEM
76946,FLUTICASONE
76947,
76948,
76949,AMOXICILLIN
76949,IBUPROFEN
76950,FLUCONAZOLE
76951,ALBUTEROL
76951,AMLODIPINE
76951,ATENOLOL; CHLORTHALIDONE
76952,
76953,
76954,DOXYCYCLINE
76954,LAMOTRIGINE
76954,SERTRALINE
76954,TRAMADOL
76955,
76956,
76957,
76958,PANTOPRAZOLE
76959,
76960,
76961,
76962,
76963,
76964,
76965,
76966,
76967,
76968,
76969,
76970,
76971,
76972,
76973,DULOXETINE
76973,IBUPROFEN
76973,OMEPRAZOLE
76974,ALPRAZOLAM
76974,ZOLPIDEM
76975,LOSARTAN
76976,
76977,HYDROCHLOROTHIAZIDE
76978,
76979,
76980,
76981,
76982,
76983,
76984,ATORVASTATIN
76984,BUPROPION
76984,FLUOXETINE
76984,METFORMIN
76984,NAPROXEN
76984,TAMSULOSIN
76985,77777
76985,ATENOLOL
76985,ATORVASTATIN
76985,DABIGATRAN
76985,DONEPEZIL
76985,GABAPENTIN
76985,MEMANTINE
76985,VENLAFAXINE
76986,
76987,
76988,ATORVASTATIN
76988,FINASTERIDE
76988,METFORMIN
76988,SERTRALINE
76989,
76990,AMPHETAMINE; DEXTROAMPHETAMINE
76990,CYCLOBENZAPRINE
76991,ALENDRONATE
76991,EZETIMIBE; SIMVASTATIN
76991,METOPROLOL
76991,OMEPRAZOLE
76992,QUININE
76993,
76994,VERAPAMIL
76995,
76996,
76997,
76998,
76999,
77000,ALLOPURINOL
77000,ATENOLOL
77000,DICLOFENAC
77000,ESCITALOPRAM
77000,ESOMEPRAZOLE
77000,HYDROCHLOROTHIAZIDE
77000,METFORMIN
77000,SIMVASTATIN
77001,INSULIN ASPART
77001,INSULIN DETEMIR
77001,LEVOTHYROXINE
77001,NEBIVOLOL
77002,ALBUTEROL
77003,ACETAMINOPHEN; PSEUDOEPHEDRINE
77003,HYDROCHLOROTHIAZIDE; LOSARTAN
77004,LEVOTHYROXINE
77005,
77006,
77007,
77008,
77009,
77010,ESOMEPRAZOLE
77010,INSULIN GLARGINE
77011,
77012,HYDROCHLOROTHIAZIDE
77012,RANITIDINE
77013,QUETIAPINE
77014,FLUTICASONE NASAL
77014,PHENTERMINE
77015,AMLODIPINE
77015,DIAZEPAM
77015,METFORMIN
77015,OLMESARTAN
77016,
77017,AMLODIPINE
77017,LISINOPRIL
77018,
77019,ACETAMINOPHEN; HYDROCODONE
77020,
77021,
77022,
77023,LEVOTHYROXINE
77023,PANTOPRAZOLE
77024,
77025,
77026,
77027,
77028,ACETAMINOPHEN; OXYCODONE
77028,COLCHICINE
77028,SIMVASTATIN
77029,
77030,ACYCLOVIR
77031,LISDEXAMFETAMINE
77032,LEVOTHYROXINE
77032,LIOTHYRONINE
77032,SIMVASTATIN
77033,
77034,AMOXICILLIN
77035,AMLODIPINE
77035,METFORMIN
77035,SIMVASTATIN
77036,
77037,
77038,
77039,
77040,DONEPEZIL
77040,FENOFIBRATE
77040,HYOSCYAMINE
77040,LEVOTHYROXINE
77040,OLANZAPINE
77040,RALOXIFENE
77040,SIMVASTATIN
77040,SITAGLIPTIN
77041,LOSARTAN
77041,SIMVASTATIN
77042,
77043,ATENOLOL
77043,BENAZEPRIL
77043,CYCLOBENZAPRINE
77043,DICLOFENAC
77043,DULOXETINE
77043,FENOFIBRIC ACID
77043,METFORMIN
77044,
77045,CEFUROXIME
77045,CITALOPRAM
77045,DIAZEPAM
77045,LISINOPRIL
77046,AMLODIPINE
77046,BUPROPION
77046,GABAPENTIN
77046,OMEPRAZOLE
77046,PRAVASTATIN
77046,SERTRALINE
77047,
77048,
77049,METFORMIN
77050,ATOMOXETINE
77050,BUPROPION
77050,ESOMEPRAZOLE
77050,GABAPENTIN
77050,TIZANIDINE
77051,
77052,
77053,
77054,PRAVASTATIN
77055,CYCLOBENZAPRINE
77056,
77057,FLUTICASONE NASAL
77058,INSULIN LISPRO
77059,
77060,ACETAMINOPHEN; HYDROCODONE
77060,FUROSEMIDE
77060,LISINOPRIL
77060,METOCLOPRAMIDE
77060,RANITIDINE
77060,ROSUVASTATIN
77060,TRAMADOL
77061,
77062,
77063,
77064,
77065,
77066,ESOMEPRAZOLE
77066,IBUPROFEN
77067,ATORVASTATIN
77067,CLOPIDOGREL
77067,ESTRADIOL
77067,ETANERCEPT
77067,FORMOTEROL
77067,LEVOTHYROXINE
77067,LOSARTAN
77067,METHOTREXATE
77067,MOMETASONE
77068,LEVALBUTEROL
77069,
77070,
77071,
77072,LEVOTHYROXINE
77072,MELOXICAM
77073,GLIPIZIDE
77073,INSULIN GLARGINE
77073,LISINOPRIL
77073,NAPROXEN
77073,SIMVASTATIN
77074,
77075,
77076,
77077,
77078,
77079,
77080,
77081,DOCUSATE
77081,DOXYCYCLINE
77081,LISINOPRIL
77081,MESALAMINE
77081,METFORMIN
77081,SIMVASTATIN
77081,TRAZODONE
77081,VARDENAFIL
77081,ZOLPIDEM
77082,ETHINYL ESTRADIOL; NORETHINDRONE
77082,METHYLPREDNISOLONE
77082,METHYLPREDNISOLONE
77082,MOMETASONE NASAL
77082,MONTELUKAST
77083,ESOMEPRAZOLE
77083,LISINOPRIL
77083,NITROFURANTOIN
77083,ROPINIROLE
77083,SIMVASTATIN
77083,TOLTERODINE
77084,
77085,
77086,
77087,
77088,
77089,
77090,AMLODIPINE
77090,BENAZEPRIL; HYDROCHLOROTHIAZIDE
77090,METFORMIN
77091,
77092,
77093,
77094,CLONAZEPAM
77094,LACOSAMIDE
77094,LEVETIRACETAM
77094,PANTOPRAZOLE
77095,AMLODIPINE
77095,SIMVASTATIN
77096,
77097,
77098,
77099,
77100,
77101,HYDROCHLOROTHIAZIDE; TRIAMTERENE
77101,SIMVASTATIN
77102,
77103,PIROXICAM
77104,
77105,CITALOPRAM
77105,CYCLOBENZAPRINE
77105,FLUTICASONE NASAL
77105,HYDROCODONE
77105,SIMVASTATIN
77105,SUMATRIPTAN
77105,TERAZOSIN
77105,ZOLPIDEM
77106,ALBUTEROL
77107,
77108,
77109,
77110,
77111,ALBUTEROL; IPRATROPIUM
77111,AMLODIPINE
77111,DOCUSATE
77111,DORZOLAMIDE OPHTHALMIC
77111,FORMOTEROL
77111,GABAPENTIN
77111,GLIPIZIDE
77111,HYDROCHLOROTHIAZIDE
77111,INSULIN ISOPHANE; INSULIN REGULAR
77111,LATANOPROST OPHTHALMIC
77111,LEVOTHYROXINE
77111,LORATADINE
77111,LOSARTAN
77111,METFORMIN
77111,METOPROLOL
77111,OMEPRAZOLE
77111,OXYBUTYNIN
77111,OXYCODONE
77111,PRAZOSIN
77111,ROSUVASTATIN
77111,SERTRALINE
77111,TESTOSTERONE
77111,WARFARIN
77112,
77113,LATANOPROST OPHTHALMIC
77114,AMLODIPINE
77114,ATENOLOL
77114,BENAZEPRIL
77114,PIROXICAM
77115,
77116,
77117,
77118,
77119,
77120,LEVOTHYROXINE
77121,ESTRADIOL
77121,LAMOTRIGINE
77121,VENLAFAXINE
77122,
77123,CITALOPRAM
77123,PREDNISONE
77124,
77125,
77126,LEVOTHYROXINE
77127,LEVOTHYROXINE
77128,AMPHETAMINE
77128,ESCITALOPRAM
77128,LAMOTRIGINE
77129,
77130,
77131,
77132,
77133,
77134,
77135,ALBUTEROL
77136,
77137,METHYLPHENIDATE
77138,
77139,ASPIRIN
77139,LOSARTAN
77139,METFORMIN; SITAGLIPTIN
77139,SIMVASTATIN
77140,ENALAPRIL
77140,INSULIN ISOPHANE; INSULIN REGULAR
77140,LOVASTATIN
77140,METFORMIN
77140,NIFEDIPINE
77141,
77142,99999
77142,GLIPIZIDE
77142,METFORMIN
77143,
77144,
77145,OMEPRAZOLE
77146,
77147,BENAZEPRIL
77147,METFORMIN; PIOGLITAZONE
77147,SIMVASTATIN
77147,SITAGLIPTIN
77148,
77149,ALBUTEROL
77149,FLUTICASONE
77149,METHYLPHENIDATE
77150,LISINOPRIL
77151,
77152,
77153,LEVOTHYROXINE
77154,NEBIVOLOL
77155,
77156,
77157,FLUTICASONE NASAL
77157,LEVOTHYROXINE
77158,
77159,
77160,ATORVASTATIN
77160,INSULIN ASPART
77160,INSULIN DETEMIR
77160,LISINOPRIL
77160,METFORMIN
77160,WARFARIN
77161,LEVOTHYROXINE
77162,HYDROCHLOROTHIAZIDE; TRIAMTERENE
77162,OMEPRAZOLE
77162,PRAVASTATIN
77162,RAMIPRIL
77163,ASPIRIN
77163,ATORVASTATIN
77163,INSULIN DETEMIR
77163,LISINOPRIL
77163,METFORMIN
77163,OMEPRAZOLE
77164,LISINOPRIL
77165,
77166,
77167,MEDROXYPROGESTERONE
77168,AMITRIPTYLINE
77168,PRAVASTATIN
77169,
77170,
77171,
77172,
77173,
77174,OXYCODONE
77175,
77176,INSULIN ISOPHANE (NPH)
77176,INSULIN REGULAR
77177,FENOFIBRATE
77177,METOPROLOL
77177,VALSARTAN
77178,ATENOLOL
77178,ATORVASTATIN
77178,ESTRADIOL
77178,HYDROCHLOROTHIAZIDE
77178,LEVOTHYROXINE
77178,LOSARTAN
77178,POTASSIUM CHLORIDE
77179,CLONAZEPAM
77179,LEVOTHYROXINE
77179,LISINOPRIL
77180,
77181,
77182,
77183,
77184,
77185,
77186,
77187,ALLOPURINOL
77187,ENALAPRIL
77187,LEVOTHYROXINE
77187,METOPROLOL
77187,SERTRALINE
77187,SIMVASTATIN
77188,
77189,ASPIRIN
77189,CITALOPRAM
77189,DICYCLOMINE
77189,ESOMEPRAZOLE
77189,GABAPENTIN
77189,IBUPROFEN
77189,LISINOPRIL
77189,MECLIZINE
77189,TOPIRAMATE
77190,FLUTICASONE
77191,DICLOFENAC
77191,LISINOPRIL
77191,OMEPRAZOLE
77191,SIMVASTATIN
77192,CETIRIZINE
77192,CHLORTHALIDONE
77192,CITALOPRAM
77192,LISINOPRIL
77192,MELOXICAM
77192,SIMVASTATIN
77193,CLONIDINE
77194,
77195,METHOTREXATE
77196,
77197,AMLODIPINE; HYDROCHLOROTHIAZIDE; OLMESARTAN
77198,ATORVASTATIN
77198,WARFARIN
77199,ALBUTEROL
77199,AMITRIPTYLINE
77199,CLONAZEPAM
77199,ESOMEPRAZOLE
77199,FLUTICASONE; SALMETEROL
77199,LEVETIRACETAM
77199,LORATADINE
77199,METFORMIN
77199,ONDANSETRON
77199,TIOTROPIUM
77199,TRAZODONE
77200,AMLODIPINE
77200,HYDROCHLOROTHIAZIDE; LOSARTAN
77200,LABETALOL
77200,SIMVASTATIN
77201,
77202,
77203,
77204,
77205,ALLOPURINOL
77205,ARIPIPRAZOLE
77206,
77207,
77208,
77209,
77210,AMPHETAMINE; DEXTROAMPHETAMINE
77211,DILTIAZEM
77211,ESOMEPRAZOLE
77211,HYDROCHLOROTHIAZIDE
77211,SIMVASTATIN
77212,FINASTERIDE
77212,METOPROLOL
77212,OMEPRAZOLE
77212,SULFAMETHOXAZOLE; TRIMETHOPRIM
77213,
77214,FLUTICASONE NASAL
77214,METHYLPHENIDATE
77215,
77216,
77217,DIVALPROEX SODIUM
77218,AMOXICILLIN
77219,
77220,RESPIRATORY AGENTS - UNSPECIFIED
77221,CLOMIPHENE
77222,
77223,
77224,CIPROFLOXACIN
77225,
77226,
77227,
77228,RANITIDINE
77229,ANTI-INFECTIVES - UNSPECIFIED
77229,ASPIRIN
77229,HYDROCHLOROTHIAZIDE; LISINOPRIL
77230,ESOMEPRAZOLE
77231,
77232,ATORVASTATIN
77232,LISINOPRIL
77232,METFORMIN; SITAGLIPTIN
77232,TAMSULOSIN
77233,
77234,DOXYCYCLINE
77235,
77236,
77237,INSULIN GLARGINE
77237,METFORMIN
77238,FUROSEMIDE
77238,METHADONE
77238,NIFEDIPINE
77238,OMEPRAZOLE
77238,PROCHLORPERAZINE
77238,TERAZOSIN
77238,TRAZODONE
77239,
77240,
77241,
77242,
77243,
77244,
77245,AMLODIPINE
77245,ASPIRIN
77245,COLESTIPOL
77245,LOSARTAN
77245,RISEDRONATE
77246,METOPROLOL
77246,SIMVASTATIN
77246,VALSARTAN
77247,ATORVASTATIN
77247,FLUOXETINE
77247,INSULIN ASPART; INSULIN ASPART PROTAMINE
77247,POTASSIUM CHLORIDE
77247,RIVAROXABAN
77247,SPIRONOLACTONE
77248,
77249,
77250,AMLODIPINE
77250,ASPIRIN
77250,HYDROCHLOROTHIAZIDE
77250,METFORMIN
77250,SIMVASTATIN
77251,HYDROCHLOROTHIAZIDE
77251,METFORMIN
77251,METOPROLOL
77251,PRAVASTATIN
77252,
77253,
77254,
77255,ACETAMINOPHEN; HYDROCODONE
77255,ALBUTEROL
77255,FLUTICASONE; SALMETEROL
77255,GABAPENTIN
77255,HYDROCHLOROTHIAZIDE; TRIAMTERENE
77255,LISINOPRIL
77255,LOVASTATIN
77255,MORPHINE
77255,PANTOPRAZOLE
77255,SERTRALINE
77255,TIZANIDINE
77255,WARFARIN
77256,
77257,ATORVASTATIN
77257,SOTALOL
77258,
77259,
77260,
77261,
77262,CLINDAMYCIN TOPICAL
77262,TRETINOIN TOPICAL
77263,
77264,
77265,ZOLPIDEM
77266,
77267,
77268,
77269,
77270,
77271,ACETAMINOPHEN; OXYCODONE
77271,METFORMIN
77272,
77273,
77274,
77275,GEMFIBROZIL
77275,LEVOTHYROXINE
77276,AZITHROMYCIN
77277,ACETAMINOPHEN; OXYCODONE
77277,METOCLOPRAMIDE
77278,
77279,
77280,OMEPRAZOLE
77281,ESCITALOPRAM
77281,HYDROXYZINE
77281,QUETIAPINE
77282,
77283,
77284,ALPRAZOLAM
77284,MIRTAZAPINE
77285,
77286,AMOXICILLIN
77287,SEX HORMONES - UNSPECIFIED
77288,
77289,
77290,
77291,ACETAMINOPHEN; OXYCODONE
77291,ALPRAZOLAM
77291,ATORVASTATIN
77291,CYCLOBENZAPRINE
77291,LEVOTHYROXINE
77292,
77293,
77294,
77295,
77296,
77297,
77298,ASPIRIN
77298,ATORVASTATIN
77298,CARVEDILOL
77298,LISINOPRIL
77299,ALBUTEROL
77299,AMLODIPINE
77299,BUDESONIDE; FORMOTEROL
77299,FUROSEMIDE
77299,POTASSIUM CHLORIDE
77300,
77301,
77302,
77303,ATORVASTATIN
77303,EZETIMIBE
77303,HYDROCHLOROTHIAZIDE
77303,IBANDRONATE
77303,LETROZOLE
77303,METFORMIN
77303,VALSARTAN
77304,
77305,ALENDRONATE
77305,ATORVASTATIN
77305,BUPROPION
77305,DOCUSATE
77305,LORATADINE
77305,NORTRIPTYLINE
77306,
77307,
77308,ALPRAZOLAM
77308,CYCLOSPORINE OPHTHALMIC
77308,ESOMEPRAZOLE
77309,
77310,
77311,HYDROCHLOROTHIAZIDE
77311,LISINOPRIL
77311,METFORMIN
77311,NIFEDIPINE
77312,
77313,ASPIRIN
77313,BENAZEPRIL; HYDROCHLOROTHIAZIDE
77313,GLIPIZIDE
77313,METFORMIN
77314,HYDROCHLOROTHIAZIDE; OLMESARTAN
77315,AMOXICILLIN; CLAVULANATE
77315,NAPROXEN
77316,
77317,ATORVASTATIN
77317,LATANOPROST OPHTHALMIC
77318,AMLODIPINE
77318,BUPROPION
77318,ESCITALOPRAM
77318,ESCITALOPRAM
77318,GLIPIZIDE
77318,HYDROCHLOROTHIAZIDE
77318,HYDROXYZINE
77318,LEVOTHYROXINE
77318,LISINOPRIL
77318,METFORMIN
77318,OMEPRAZOLE
77318,PALIPERIDONE
77318,PRAVASTATIN
77318,PRIMIDONE
77318,TRAMADOL
77319,COLESEVELAM
77319,METFORMIN
77320,
77321,
77322,
77323,
77324,
77325,
77326,METHYLPHENIDATE
77327,
77328,
77329,
77330,
77331,ATORVASTATIN
77332,LISDEXAMFETAMINE
77333,ATORVASTATIN
77333,BISOPROLOL; HYDROCHLOROTHIAZIDE
77333,OMEPRAZOLE
77334,
77335,
77336,HYDROCHLOROTHIAZIDE; LISINOPRIL
77337,
77338,DEXTROMETHORPHAN; PSEUDOEPHEDRINE
77339,HYDROCODONE
77339,IBUPROFEN
77339,OMEPRAZOLE
77339,TRAMADOL
77340,HYDROCHLOROTHIAZIDE
77340,NAPROXEN
77341,LEVOTHYROXINE
77341,LISINOPRIL
77342,ESCITALOPRAM
77342,LAMOTRIGINE
77343,
77344,
77345,
77346,
77347,
77348,HYDROCHLOROTHIAZIDE; VALSARTAN
77348,LEVOBUNOLOL OPHTHALMIC
77348,TRAVOPROST OPHTHALMIC
77349,FLUTICASONE NASAL
77350,
77351,CYCLOSPORINE OPHTHALMIC
77351,DONEPEZIL
77351,DORZOLAMIDE; TIMOLOL OPHTHALMIC
77351,GLIMEPIRIDE
77351,PAROXETINE
77351,PIOGLITAZONE
77351,SIMVASTATIN
77351,SITAGLIPTIN
77352,
77353,
77354,AMLODIPINE
77354,CARVEDILOL
77354,CITALOPRAM
77354,FUROSEMIDE
77354,GABAPENTIN
77354,HYDRALAZINE
77354,INSULIN GLARGINE
77354,OMEPRAZOLE
77354,PRAVASTATIN
77355,CARVEDILOL
77355,CITALOPRAM
77355,FUROSEMIDE
77355,LEVOTHYROXINE
77355,METFORMIN
77355,SIMVASTATIN
77355,TRANDOLAPRIL
77356,AZITHROMYCIN
77357,
77358,
77359,
77360,
77361,
77362,ROSUVASTATIN
77362,SERTRALINE
77362,WARFARIN
77363,
77364,AMLODIPINE
77364,ATORVASTATIN
77364,CARVEDILOL
77364,CINACALCET
77364,PREDNISONE
77364,PREGABALIN
77364,SERTRALINE
77364,SEVELAMER
77364,VALSARTAN
77365,
77366,
77367,ACETAMINOPHEN; CODEINE
77367,LORATADINE
77368,
77369,
77370,ALBUTEROL
77371,AMLODIPINE
77371,CELECOXIB
77371,CYCLOBENZAPRINE
77371,ESTERIFIED ESTROGENS; METHYLTESTOSTERONE
77371,HYDROXYCHLOROQUINE
77371,PREDNISONE
77371,TOPIRAMATE
77371,TRAMADOL
77372,
77373,FLUTICASONE NASAL
77373,GEMFIBROZIL
77374,ATORVASTATIN
77374,DIGOXIN
77374,METOPROLOL
77374,SPIRONOLACTONE
77374,VALSARTAN
77374,WARFARIN
77375,
77376,LISINOPRIL
77376,METFORMIN
77376,SIMVASTATIN
77376,TRAZODONE
77377,
77378,
77379,GUANFACINE
77379,LISDEXAMFETAMINE
77380,
77381,
77382,MOUTH AND THROAT PRODUCTS - UNSPECIFIED
77383,DOXAZOSIN
77383,FINASTERIDE
77384,
77385,LISINOPRIL
77386,
77387,
77388,
77389,
77390,ALBUTEROL
77390,BUDESONIDE
77391,AMLODIPINE; BENAZEPRIL
77391,ATENOLOL
77391,HYDROXYZINE
77391,TRAZODONE
77391,VENLAFAXINE
77392,ALBUTEROL
77392,ATORVASTATIN
77392,GABAPENTIN
77392,INSULIN GLARGINE
77392,INSULIN LISPRO
77392,LEVOTHYROXINE
77392,OLMESARTAN
77393,
77394,AMLODIPINE
77394,HYDROCHLOROTHIAZIDE
77394,LEVOTHYROXINE
77395,ETHINYL ESTRADIOL; NORETHINDRONE
77396,
77397,ALBUTEROL
77397,BUDESONIDE
77398,
77399,EZETIMIBE
77399,FENOFIBRATE
77399,INSULIN ASPART
77399,INSULIN GLARGINE
77399,LEVETIRACETAM
77399,METFORMIN
77399,METOPROLOL
77400,DABIGATRAN
77400,DIGOXIN
77400,FINASTERIDE
77400,FLECAINIDE
77400,TAMSULOSIN
77400,VALSARTAN
77401,
77402,
77403,METHYLPHENIDATE
77404,OLOPATADINE OPHTHALMIC
77404,PIMECROLIMUS TOPICAL
77405,
77406,CETIRIZINE
77407,
77408,AMLODIPINE
77408,HYDROCHLOROTHIAZIDE
77408,IBANDRONATE
77408,LEVETIRACETAM
77408,PYRIDOSTIGMINE
77409,
77410,
77411,ISOSORBIDE MONONITRATE
77411,LEVOTHYROXINE
77412,
77413,
77414,
77415,AMLODIPINE
77415,ATORVASTATIN
77415,CALCIUM ACETATE
77415,CLOPIDOGREL
77415,LEVETIRACETAM
77415,METOPROLOL
77416,FLUTICASONE NASAL
77417,ALBUTEROL
77417,CLOBETASOL TOPICAL
77417,CLOPIDOGREL
77417,FINASTERIDE
77417,GABAPENTIN
77417,LISINOPRIL
77417,OMEPRAZOLE
77417,OXYGEN
77417,PRAVASTATIN
77417,TAMSULOSIN
77418,
77419,
77420,
77421,
77422,ATENOLOL
77422,DRONEDARONE
77422,OLMESARTAN
77422,TAMSULOSIN
77423,INSULIN GLARGINE
77423,LISINOPRIL
77423,METFORMIN
77423,REPAGLINIDE
77423,ZOLPIDEM
77424,METFORMIN
77425,
77426,AMPHETAMINE; DEXTROAMPHETAMINE
77426,MONTELUKAST
77427,
77428,ALBUTEROL
77428,ALBUTEROL
77428,ALPRAZOLAM
77428,FLUTICASONE; SALMETEROL
77428,HYDROCODONE
77428,MONTELUKAST
77429,DESMOPRESSIN
77429,HYDROCORTISONE
77429,LEVOTHYROXINE
77430,
77431,
77432,
77433,AMLODIPINE
77433,LOSARTAN
77433,SERTRALINE
77433,SIMVASTATIN
77434,
77435,
77436,
77437,
77438,RIZATRIPTAN
77439,
77440,METHYLPHENIDATE
77441,
77442,
77443,ALBUTEROL
77443,ALLOPURINOL
77443,AMLODIPINE
77443,CLOPIDOGREL
77443,DOCUSATE
77443,FLUOXETINE
77443,INSULIN ISOPHANE; INSULIN REGULAR
77443,IPRATROPIUM
77443,ISOSORBIDE MONONITRATE
77443,LISINOPRIL
77443,LORATADINE
77443,METOPROLOL
77443,PANTOPRAZOLE
77443,PRAZOSIN
77443,QUETIAPINE
77444,
77445,
77446,MELOXICAM
77446,METHOCARBAMOL
77446,MIRTAZAPINE
77446,SERTRALINE
77447,
77448,
77449,AMOXICILLIN
77450,AMLODIPINE
77450,NIFEDIPINE
77451,CYCLOBENZAPRINE
77451,METOPROLOL
77451,MIRTAZAPINE
77451,OMEPRAZOLE
77451,POLYETHYLENE GLYCOL 3350
77452,
77453,ACETAMINOPHEN; HYDROCODONE
77453,CITALOPRAM
77453,ZOLPIDEM
77454,
77455,
77456,ALPRAZOLAM
77456,CYCLOBENZAPRINE
77456,FENTANYL
77457,
77458,LISINOPRIL
77459,
77460,
77461,
77462,AMPHETAMINE; DEXTROAMPHETAMINE
77462,CLOBAZAM
77463,AMLODIPINE; OLMESARTAN
77464,LIRAGLUTIDE
77465,
77466,
77467,
77468,AMOXICILLIN
77468,NAPROXEN
77469,ATORVASTATIN
77469,CELECOXIB
77469,ESOMEPRAZOLE
77469,ESTERIFIED ESTROGENS; METHYLTESTOSTERONE
77469,METFORMIN
77469,RANITIDINE
77470,
77471,ALLOPURINOL
77471,DICLOFENAC
77472,
77473,
77474,
77475,LISINOPRIL
77475,ROSUVASTATIN
77476,
77477,
77478,IBUPROFEN
77479,
77480,
77481,99999
77482,
77483,
77484,
77485,
77486,
77487,
77488,DIGOXIN
77488,PAROXETINE
77488,PROPAFENONE
77488,RIVAROXABAN
77488,SIMVASTATIN
77489,HYDROCHLOROTHIAZIDE
77489,LISINOPRIL
77489,METFORMIN
77489,PRAVASTATIN
77490,
77491,LEVOTHYROXINE
77492,
77493,
77494,COLESEVELAM
77494,EZETIMIBE; SIMVASTATIN
77494,MIRABEGRON
77495,
77496,
77497,
77498,OLMESARTAN
77498,PRAVASTATIN
77499,DICYCLOMINE
77500,
77501,
77502,LEVOTHYROXINE
77503,
77504,ALBUTEROL
77504,BETAMETHASONE TOPICAL
77504,MOMETASONE TOPICAL
77505,
77506,AMOXICILLIN
77507,FENOFIBRATE
77507,LISINOPRIL
77508,
77509,
77510,
77511,ALBUTEROL
77511,ALLOPURINOL
77511,GLIPIZIDE
77511,IBUPROFEN
77511,METFORMIN
77511,NIFEDIPINE
77511,OMEPRAZOLE
77512,
77513,
77514,
77515,FLUTICASONE NASAL
77515,GABAPENTIN
77515,GLIPIZIDE
77515,LOSARTAN
77515,METFORMIN
77516,LORATADINE
77516,MOMETASONE NASAL
77517,AMITRIPTYLINE
77517,AMLODIPINE
77517,DICLOFENAC
77517,MONTELUKAST
77518,
77519,
77520,ALENDRONATE
77520,ASPIRIN
77520,CANDESARTAN
77520,CLOBETASOL TOPICAL
77520,DONEPEZIL
77520,NIACIN
77520,NIFEDIPINE
77520,SIMVASTATIN
77521,
77522,ALBUTEROL; IPRATROPIUM
77522,CARVEDILOL
77522,CLOPIDOGREL
77522,FLUOXETINE
77522,FLUTICASONE NASAL
77522,LEVOTHYROXINE
77522,PANTOPRAZOLE
77522,PREDNISONE
77522,SIMVASTATIN
77522,TAMSULOSIN
77523,GLIPIZIDE
77523,METFORMIN
77523,TELMISARTAN
77524,AMITRIPTYLINE
77524,AMLODIPINE
77524,BUPROPION
77524,LOSARTAN
77524,OXYBUTYNIN
77524,SIMVASTATIN
77524,TRAMADOL
77524,TRAZODONE
77525,
77526,
77527,
77528,
77529,ATORVASTATIN
77529,INDAPAMIDE
77529,LEVOTHYROXINE
77529,LIRAGLUTIDE
77529,LISINOPRIL
77529,NIFEDIPINE
77530,ALBUTEROL
77531,
77532,
77533,AMLODIPINE
77533,ATORVASTATIN
77533,BISOPROLOL
77533,CLONIDINE
77533,HYDRALAZINE
77533,HYDROCHLOROTHIAZIDE
77533,LEVOTHYROXINE
77533,OMEPRAZOLE
77534,
77535,BENAZEPRIL
77535,ENALAPRIL
77535,METFORMIN
77535,ROSUVASTATIN
77536,ATENOLOL
77536,ATORVASTATIN
77536,CLOPIDOGREL
77536,LOSARTAN
77536,OXYBUTYNIN
77536,TRAVOPROST OPHTHALMIC
77536,VERAPAMIL
77537,
77538,
77539,
77540,ATORVASTATIN
77540,LISINOPRIL
77541,TAMSULOSIN
77542,DICLOFENAC
77542,HYDROCODONE
77543,ATORVASTATIN
77543,OMEPRAZOLE
77544,IBUPROFEN
77545,
77546,
77547,
77548,FINASTERIDE
77548,FLUTICASONE NASAL
77548,HYDROCHLOROTHIAZIDE; TRIAMTERENE
77548,LISINOPRIL
77548,METFORMIN
77549,
77550,
77551,LEVOTHYROXINE
77551,METHOTREXATE
77552,AMLODIPINE
77552,FLUOXETINE
77552,HYDROCHLOROTHIAZIDE; LISINOPRIL
77552,METFORMIN
77552,METOPROLOL
77552,NAPROXEN
77552,PRAVASTATIN
77553,
77554,
77555,
77556,
77557,
77558,
77559,
77560,AMLODIPINE
77560,ATORVASTATIN
77560,HYDROCHLOROTHIAZIDE
77560,MELOXICAM
77560,PANTOPRAZOLE
77561,
77562,ALPRAZOLAM
77562,CLOMIPRAMINE
77562,GABAPENTIN
77562,LITHIUM
77562,MEDROXYPROGESTERONE
77562,VENLAFAXINE
77562,ZOLPIDEM
77563,
77564,
77565,AMOXICILLIN
77565,MOXIFLOXACIN OPHTHALMIC
77566,
77567,
77568,
77569,
77570,
77571,
77572,ATORVASTATIN
77572,CETIRIZINE
77572,FAMOTIDINE
77572,LISINOPRIL
77573,
77574,
77575,ALBUTEROL
77575,BUDESONIDE; FORMOTEROL
77575,RANITIDINE
77576,
77577,AMPHETAMINE; DEXTROAMPHETAMINE
77578,
77579,
77580,ATORVASTATIN
77580,LORATADINE
77580,LOSARTAN
77580,METOPROLOL
77580,WARFARIN
77581,
77582,
77583,
77584,
77585,
77586,COLCHICINE
77586,FLUTICASONE NASAL
77586,LISINOPRIL
77586,MELOXICAM
77586,OMEGA-3 POLYUNSATURATED FATTY ACIDS
77587,
77588,
77589,ALPRAZOLAM
77589,DULOXETINE
77589,HYDROCHLOROTHIAZIDE
77589,LEVOTHYROXINE
77589,MELOXICAM
77589,OMEPRAZOLE
77589,SIMVASTATIN
77589,SPIRONOLACTONE
77590,
77591,LANSOPRAZOLE
77591,METOPROLOL
77592,99999
77593,
77594,HYDROCORTISONE
77594,LEVOTHYROXINE
77594,SOMATROPIN
77595,DIPHENHYDRAMINE
77595,QUETIAPINE
77595,RISPERIDONE
77595,SERTRALINE
77596,METFORMIN
77597,ALLOPURINOL
77597,ATORVASTATIN
77597,LISINOPRIL
77598,ARFORMOTEROL
77598,BUDESONIDE
77598,DIPHENHYDRAMINE
77598,DONEPEZIL
77598,FUROSEMIDE
77598,MEMANTINE
77598,MONTELUKAST
77598,OMEPRAZOLE
77598,POTASSIUM CHLORIDE
77598,PREDNISONE
77598,SERTRALINE
77598,SOLIFENACIN
77598,THEOPHYLLINE
77598,TIOTROPIUM
77599,
77600,ALBUTEROL
77600,ATORVASTATIN
77600,BETAMETHASONE; CLOTRIMAZOLE TOPICAL
77600,ENALAPRIL
77600,FLUTICASONE NASAL
77600,GLIPIZIDE; METFORMIN
77600,INSULIN DETEMIR
77600,MONTELUKAST
77600,RANITIDINE
77601,CLOBETASOL TOPICAL
77601,COLESTIPOL
77601,FENOFIBRATE
77601,GLIMEPIRIDE
77601,LEVOCETIRIZINE
77601,METFORMIN
77601,MONTELUKAST
77602,
77603,EZETIMIBE; SIMVASTATIN
77603,FENOFIBRIC ACID
77604,ALBUTEROL
77605,CARVEDILOL
77605,FUROSEMIDE
77605,LANSOPRAZOLE
77605,LEVOTHYROXINE
77605,POTASSIUM CHLORIDE
77605,RAMIPRIL
77605,WARFARIN
77606,
77607,HYDROMORPHONE
77608,
77609,
77610,FLUOXETINE
77610,ZOLPIDEM
77611,
77612,
77613,
77614,
77615,
77616,
77617,
77618,LISDEXAMFETAMINE
77619,
77620,
77621,ALBUTEROL
77621,BACLOFEN
77621,CITALOPRAM
77621,CONJUGATED ESTROGENS
77621,ENALAPRIL
77621,HYDROCHLOROTHIAZIDE
77621,OXAPROZIN
77621,SIMVASTATIN
77622,ESCITALOPRAM
77622,LORAZEPAM
77622,PRIMIDONE
77622,PROPRANOLOL
77622,SIMVASTATIN
77623,LOVASTATIN
77623,METOPROLOL
77624,
77625,AMLODIPINE
77625,ESCITALOPRAM
77625,LANSOPRAZOLE
77625,LEVOTHYROXINE
77625,METOPROLOL
77625,ROSUVASTATIN
77625,TOLTERODINE
77626,
77627,
77628,
77629,
77630,ROSUVASTATIN
77631,
77632,
77633,
77634,
77635,
77636,
77637,
77638,
77639,ATENOLOL
77639,LEVOTHYROXINE
77640,
77641,NAPROXEN
77641,VERAPAMIL
77642,ADALIMUMAB
77642,HYDROCHLOROTHIAZIDE
77642,METHOTREXATE
77642,OMEPRAZOLE
77642,PAROXETINE
77642,SULINDAC
77643,
77644,
77645,
77646,
77647,ALLOPURINOL
77647,ATENOLOL
77647,HYDROCHLOROTHIAZIDE
77647,LISINOPRIL
77647,TAMSULOSIN
77648,
77649,BETAMETHASONE; CLOTRIMAZOLE TOPICAL
77650,
77651,
77652,
77653,
77654,AMLODIPINE
77654,ATENOLOL; CHLORTHALIDONE
77654,CLOPIDOGREL
77655,
77656,
77657,
77658,
77659,ALISKIREN
77659,LANSOPRAZOLE
77659,LEVOTHYROXINE
77659,LORAZEPAM
77659,METOPROLOL
77659,TRIAMTERENE
77660,ATENOLOL
77661,AMLODIPINE
77661,ATORVASTATIN
77661,CARVEDILOL
77661,ESTRADIOL TOPICAL
77661,GABAPENTIN
77661,INSULIN ISOPHANE; INSULIN REGULAR
77661,LATANOPROST OPHTHALMIC
77661,LOSARTAN
77662,
77663,HYDROCHLOROTHIAZIDE
77663,METOPROLOL
77663,TRAMADOL
77664,METRONIDAZOLE
77665,
77666,ALBUTEROL
77666,ALBUTEROL
77666,BUDESONIDE
77666,ETHACRYNIC ACID
77666,MOMETASONE
77666,MOMETASONE NASAL
77667,ATORVASTATIN
77668,
77669,
77670,OPHTHALMIC ANTI-INFECTIVES - UNSPECIFIED
77671,CONTRACEPTIVES - UNSPECIFIED
77672,
77673,
77674,AMLODIPINE
77674,ATORVASTATIN
77674,HYDROCHLOROTHIAZIDE; LOSARTAN
77675,
77676,
77677,BENAZEPRIL
77677,CITALOPRAM
77677,OXYCODONE
77677,OXYCODONE
77677,ROSUVASTATIN
77677,WARFARIN
77677,ZOLPIDEM
77678,PAROXETINE
77679,
77680,
77681,
77682,LISINOPRIL
77682,METFORMIN
77683,
77684,ATORVASTATIN
77684,IMIPRAMINE
77684,LISINOPRIL
77685,
77686,ADALIMUMAB
77686,FLUOXETINE
77687,
77688,ALBUTEROL
77688,BECLOMETHASONE
77689,FENOFIBRIC ACID
77689,LEVOTHYROXINE
77689,SIMVASTATIN
77690,FLUOXETINE
77690,FLUTICASONE NASAL
77690,LORATADINE
77690,SIMVASTATIN
77691,HYDROCODONE
77691,PREDNISONE
77692,
77693,LEVOTHYROXINE
77694,
77695,
77696,
77697,
77698,
77699,
77700,IBUPROFEN
77700,LOSARTAN
77701,
77702,
77703,
77704,BUTALBITAL
77704,DULOXETINE
77704,RANITIDINE
77705,OMEPRAZOLE
77706,
77707,AMITRIPTYLINE
77708,DILTIAZEM
77709,
77710,
77711,
77712,FLUTICASONE NASAL
77712,INSULIN LISPRO
77712,MONTELUKAST
77713,METHYLPHENIDATE
77714,METFORMIN
77715,
77716,
77717,ATORVASTATIN
77717,CLOPIDOGREL
77717,DILTIAZEM
77717,INSULIN ASPART
77717,INSULIN DETEMIR
77717,LOSARTAN
77717,METFORMIN
77717,SILDENAFIL
77718,
77719,
77720,METFORMIN
77721,PRAVASTATIN
77722,ALLOPURINOL
77722,FINASTERIDE
77722,FUROSEMIDE
77722,METOPROLOL
77722,POTASSIUM CHLORIDE
77722,WARFARIN
77723,
77724,
77725,
77726,
77727,GLIMEPIRIDE
77727,METFORMIN
77727,NORETHINDRONE
77728,DILTIAZEM
77728,FUROSEMIDE
77728,GLIPIZIDE
77728,METOPROLOL
77728,POTASSIUM CHLORIDE
77729,INSULIN GLARGINE
77729,LISINOPRIL
77729,METOPROLOL
77729,NIFEDIPINE
77729,SEVELAMER
77729,SIMVASTATIN
77730,DIPHENHYDRAMINE
77730,ENALAPRIL
77731,
77732,
77733,ENALAPRIL
77733,FENOFIBRATE
77733,ISOSORBIDE MONONITRATE
77733,LORAZEPAM
77733,METOPROLOL
77733,ROSUVASTATIN
77734,AMLODIPINE
77734,BENAZEPRIL
77734,HYDROCODONE
77734,MELOXICAM
77734,NORTRIPTYLINE
77734,OMEPRAZOLE
77734,SIMVASTATIN
77735,
77736,BACLOFEN
77736,LISINOPRIL
77736,OXCARBAZEPINE
77736,PRAVASTATIN
77736,SILDENAFIL
77736,VERAPAMIL
77737,
77738,
77739,
77740,ALPRAZOLAM
77740,AMPHETAMINE; DEXTROAMPHETAMINE
77740,CITALOPRAM
77741,DILTIAZEM
77741,FLUTICASONE NASAL
77741,MOMETASONE
77741,OMEPRAZOLE
77742,
77743,ETHINYL ESTRADIOL; LEVONORGESTREL
77744,
77745,LISDEXAMFETAMINE
77746,
77747,
77748,FINASTERIDE
77748,LEVOTHYROXINE
77748,WARFARIN
77749,
77750,HYDROCHLOROTHIAZIDE; LISINOPRIL
77750,OMEGA-3 POLYUNSATURATED FATTY ACIDS
77750,SIMVASTATIN
77751,
77752,
77753,RANITIDINE
77754,
77755,MONTELUKAST
77756,
77757,
77758,ATENOLOL
77758,CITALOPRAM
77758,LOSARTAN
77758,MECLIZINE
77759,AMPHETAMINE; DEXTROAMPHETAMINE
77760,BUPROPION
77760,CETIRIZINE
77760,GABAPENTIN
77760,METOPROLOL
77760,OMEPRAZOLE
77760,SIMVASTATIN
77760,TAMSULOSIN
77761,
77762,
77763,AMLODIPINE
77763,ESTERIFIED ESTROGENS; METHYLTESTOSTERONE
77763,FUROSEMIDE
77763,HYDROCHLOROTHIAZIDE
77763,IMIPRAMINE
77763,LOSARTAN
77763,MONTELUKAST
77763,NORETHINDRONE
77763,OMEPRAZOLE
77763,SIMVASTATIN
77764,
77765,
77766,ALBUTEROL
77766,ETHINYL ESTRADIOL; NORETHINDRONE
77766,FLUOXETINE
77767,AMOXICILLIN
77768,AMLODIPINE; OLMESARTAN
77769,ALPRAZOLAM
77770,POLYETHYLENE GLYCOL 3350
77771,AMPHETAMINE
77771,BUPROPION
77772,ACETAMINOPHEN; HYDROCODONE
77772,AMLODIPINE; BENAZEPRIL
77772,INSULIN GLARGINE
77772,INSULIN LISPRO
77772,METFORMIN
77772,SERTRALINE
77772,SUMATRIPTAN
77773,CARVEDILOL
77773,FUROSEMIDE
77773,INSULIN ASPART
77773,ISOSORBIDE MONONITRATE
77773,SOLIFENACIN
77774,
77775,HYDROXYZINE
77775,MINOCYCLINE
77775,MONTELUKAST
77776,
77777,ATORVASTATIN
77777,PIOGLITAZONE
77778,BUPROPION
77778,CITALOPRAM
77778,LOVASTATIN
77778,METFORMIN
77778,VALSARTAN
77779,
77780,CYCLOBENZAPRINE
77780,PREDNISONE
77781,
77782,ASPIRIN
77782,ATORVASTATIN
77782,CLONAZEPAM
77782,DULOXETINE
77782,GLIPIZIDE
77782,LISINOPRIL
77782,METFORMIN
77782,QUETIAPINE
77782,VENLAFAXINE
77783,
77784,
77785,
77786,
77787,FLUTICASONE; SALMETEROL
77787,OMEPRAZOLE
77787,OXYCODONE
77788,
77789,ALLOPURINOL
77789,ATORVASTATIN
77789,FUROSEMIDE
77789,METOPROLOL
77789,POTASSIUM CHLORIDE
77789,SPIRONOLACTONE
77790,CEFDINIR
77791,
77792,ALBUTEROL
77792,BUDESONIDE
77793,
77794,
77795,
77796,
77797,OXYCODONE
77798,
77799,LISDEXAMFETAMINE
77800,
77801,
77802,DONEPEZIL
77803,
77804,
77805,ETHINYL ESTRADIOL; NORGESTIMATE
77805,MONTELUKAST
77806,
77807,
77808,AMLODIPINE
77808,HYDROCHLOROTHIAZIDE
77809,
77810,
77811,
77812,
77813,
77814,
77815,ACETAMINOPHEN; HYDROCODONE
77815,ATENOLOL
77815,CYCLOBENZAPRINE
77815,DOXAZOSIN
77815,FINASTERIDE
77815,METFORMIN
77815,PRAVASTATIN
77816,FLUTICASONE NASAL
77816,ISOTRETINOIN
77816,LORATADINE
77817,AMPHETAMINE; DEXTROAMPHETAMINE
77818,
77819,
77820,
77821,
77822,BUDESONIDE; FORMOTEROL
77822,DILTIAZEM
77822,FUROSEMIDE
77822,HYDROCHLOROTHIAZIDE; LISINOPRIL
77822,METFORMIN
77822,PRAVASTATIN
77823,METFORMIN
77824,AMLODIPINE
77824,CARVEDILOL
77824,ENALAPRIL
77824,GLIPIZIDE
77824,ROSUVASTATIN
77825,
77826,
77827,CLONAZEPAM
77827,GABAPENTIN
77827,LEVOTHYROXINE
77827,METFORMIN
77827,PRAVASTATIN
77827,VILAZODONE
77828,
77829,
77830,HYDROCHLOROTHIAZIDE
77830,METOPROLOL
77831,
77832,
77833,
77834,CIPROFLOXACIN; DEXAMETHASONE OTIC
77834,FEXOFENADINE
77834,FLUTICASONE
77835,ACETAMINOPHEN; CODEINE
77835,ATORVASTATIN
77835,BUDESONIDE NASAL
77835,DICYCLOMINE
77835,DILTIAZEM
77835,ESTRADIOL; NORETHINDRONE
77835,LEVOTHYROXINE
77835,MELOXICAM
77835,OMEPRAZOLE
77836,
77837,ETHINYL ESTRADIOL; NORGESTIMATE
77838,
77839,
77840,
77841,
77842,ALBUTEROL
77842,CETIRIZINE
77842,MONTELUKAST
77843,99999
77844,
77845,FAMOTIDINE
77845,VENLAFAXINE
77846,
77847,HYDROCHLOROTHIAZIDE; LISINOPRIL
77847,METFORMIN
77847,METHOCARBAMOL
77847,MONTELUKAST
77847,POTASSIUM CHLORIDE
77847,WARFARIN
77848,
77849,
77850,LANSOPRAZOLE
77851,IBUPROFEN
77852,FAMOTIDINE
77852,GEMFIBROZIL
77852,GLIPIZIDE
77852,INSULIN ASPART; INSULIN ASPART PROTAMINE
77852,LISINOPRIL
77852,METFORMIN
77852,OMEPRAZOLE
77853,
77854,
77855,
77856,PHENYTOIN
77857,CLONIDINE
77857,LISDEXAMFETAMINE
77857,MONTELUKAST
77858,
77859,
77860,
77861,LISINOPRIL
77861,METFORMIN
77861,NAPROXEN
77861,PREDNISOLONE
77862,
77863,
77864,
77865,ACETAMINOPHEN; OXYCODONE
77865,GABAPENTIN
77866,TRIAMTERENE
77867,99999
77867,ACETAMINOPHEN; HYDROCODONE
77867,AMLODIPINE; BENAZEPRIL
77867,FINASTERIDE
77867,FLUTICASONE
77867,LORATADINE
77867,TAMSULOSIN
77867,TIOTROPIUM
77868,ALBUTEROL
77868,BUDESONIDE
77868,PREDNISONE
77869,
77870,ATORVASTATIN
77870,LOSARTAN
77870,METOPROLOL
77871,
77872,ALBUTEROL
77873,
77874,99999
77874,INSULIN DETEMIR
77874,METOPROLOL
77875,ALBUTEROL
77875,ALBUTEROL
77875,ALBUTEROL; IPRATROPIUM
77875,BENZONATATE
77875,FLUTICASONE NASAL
77875,FLUTICASONE; SALMETEROL
77875,HYDROXYCHLOROQUINE
77875,MONTELUKAST
77875,OMEPRAZOLE
77875,PREDNISONE
77875,SIMVASTATIN
77876,ALBUTEROL
77876,AMIODARONE
77876,ATENOLOL
77876,CITALOPRAM
77876,ESOMEPRAZOLE
77876,FLUTICASONE; SALMETEROL
77876,SIMVASTATIN
77876,SITAGLIPTIN
77876,TOLTERODINE
77876,TORSEMIDE
77877,
77878,FLUOXETINE
77878,GABAPENTIN
77878,LOSARTAN
77878,TRAMADOL
77879,
77880,CETIRIZINE; PSEUDOEPHEDRINE
77880,LISINOPRIL
77881,
77882,CETIRIZINE
77883,
77884,
77885,
77886,HYDROXYZINE
77886,LANSOPRAZOLE
77886,MONTELUKAST
77887,
77888,ATORVASTATIN
77888,EZETIMIBE
77888,FENOFIBRIC ACID
77888,METOPROLOL
77888,SPIRONOLACTONE
77889,
77890,
77891,ACETAMINOPHEN; CODEINE
77891,ATENOLOL
77891,CYCLOBENZAPRINE
77891,LISINOPRIL
77891,METFORMIN
77891,PAROXETINE
77892,ALBUTEROL
77892,ALENDRONATE
77892,BUDESONIDE; FORMOTEROL
77892,EZETIMIBE
77892,FUROSEMIDE
77892,IPRATROPIUM
77892,LISINOPRIL
77892,METOPROLOL
77892,NITROGLYCERIN
77892,OXYGEN
77892,SIMVASTATIN
77892,SPIRONOLACTONE
77892,TAMSULOSIN
77893,
77894,ACARBOSE
77894,ASPIRIN
77894,HYDROCHLOROTHIAZIDE; LISINOPRIL
77894,LATANOPROST OPHTHALMIC
77894,METFORMIN
77894,SITAGLIPTIN
77895,
77896,ALBUTEROL
77896,BUPROPION
77896,ESTRADIOL
77896,IBUPROFEN
77896,LANSOPRAZOLE
77896,METOPROLOL
77896,TRAZODONE
77897,GLIPIZIDE
77897,METFORMIN
77897,NAPROXEN
77898,LISINOPRIL
77898,LOVASTATIN
77899,ALBUTEROL
77899,TRIAMCINOLONE TOPICAL
77900,CITALOPRAM
77900,FLUTICASONE NASAL
77900,LISINOPRIL
77900,PRAVASTATIN
77901,
77902,HYDROCHLOROTHIAZIDE
77902,IRBESARTAN
77902,METOPROLOL
77902,OMEPRAZOLE
77903,IBUPROFEN
77903,OMEPRAZOLE
77904,
77905,ALBUTEROL
77905,AMLODIPINE
77905,HYDRALAZINE
77905,INSULIN GLARGINE
77905,LORATADINE
77905,LOSARTAN
77905,METOPROLOL
77905,OMEPRAZOLE
77905,PRAVASTATIN
77906,ACETAMINOPHEN; HYDROCODONE
77906,ALLOPURINOL
77906,AMLODIPINE
77906,ATROPINE; DIPHENOXYLATE
77906,BACLOFEN
77906,CLONAZEPAM
77906,ESOMEPRAZOLE
77906,PANCRELIPASE
77906,TIOTROPIUM
77906,ZOLPIDEM
77907,AMITRIPTYLINE
77907,KETOCONAZOLE TOPICAL
77908,
77909,BISOPROLOL
77909,CONJUGATED ESTROGENS
77909,DILTIAZEM
77909,DILTIAZEM
77909,ESCITALOPRAM
77909,GABAPENTIN
77909,HYDROCHLOROTHIAZIDE
77909,HYOSCYAMINE
77909,PRAVASTATIN
77909,TRAMADOL
77910,ATENOLOL
77910,HYDROCHLOROTHIAZIDE
77911,
77912,
77913,
77914,
77915,ACETAMINOPHEN; HYDROCODONE
77916,
77917,AMLODIPINE
77917,ATENOLOL
77917,ENALAPRIL
77918,
77919,
77920,
77921,
77922,55555
77922,ATORVASTATIN
77922,CARVEDILOL
77922,CLOPIDOGREL
77922,LISINOPRIL
77923,RANITIDINE
77924,
77925,CETIRIZINE
77926,
77927,
77928,
77929,
77930,
77931,
77932,
77933,
77934,ALBUTEROL
77934,BUDESONIDE; FORMOTEROL
77934,FLUTICASONE NASAL
77934,MONTELUKAST
77934,OMEPRAZOLE
77935,
77936,
77937,
77938,ALFUZOSIN
77938,INSULIN GLARGINE
77938,INSULIN LISPRO
77938,LOSARTAN
77938,METOPROLOL
77938,OMEGA-3 POLYUNSATURATED FATTY ACIDS
77938,OXYBUTYNIN
77938,ROSUVASTATIN
77939,FUROSEMIDE
77939,GLIPIZIDE
77939,LISINOPRIL
77939,METFORMIN; SITAGLIPTIN
77940,
77941,
77942,BUPROPION
77942,FLUOXETINE
77942,MECLIZINE
77943,
77944,
77945,ACETAMINOPHEN; HYDROCODONE
77945,ALENDRONATE
77945,DIAZEPAM
77945,HYDROCHLOROTHIAZIDE
77945,SIMVASTATIN
77946,
77947,SERTRALINE
77948,ETHINYL ESTRADIOL; NORETHINDRONE
77949,AMLODIPINE
77949,METOPROLOL
77950,HYDROCHLOROTHIAZIDE; LISINOPRIL
77950,OMEPRAZOLE
77950,PRAVASTATIN
77951,
77952,
77953,
77954,
77955,
77956,
77957,ALBUTEROL
77957,HOMATROPINE; HYDROCODONE
77957,PREDNISONE
77958,
77959,
77960,
77961,
77962,
77963,ALBUTEROL
77963,CETIRIZINE
77963,GEMFIBROZIL
77964,
77965,GLYBURIDE
77965,HYDROCHLOROTHIAZIDE; LISINOPRIL
77965,LIOTHYRONINE
77966,
77967,
77968,AZITHROMYCIN
77969,HYDROXYZINE
77970,
77971,
77972,
77973,
77974,
77975,
77976,AMLODIPINE
77976,ATENOLOL
77976,FLUTICASONE NASAL
77976,OXCARBAZEPINE
77977,ETHINYL ESTRADIOL; NORGESTIMATE
77977,ETHINYL ESTRADIOL; NORGESTIMATE
77978,
77979,ATORVASTATIN
77979,IBANDRONATE
77979,METOPROLOL
77980,
77981,CEPHALEXIN
77981,OXYBUTYNIN
77982,
77983,GLIPIZIDE
77983,LEVOTHYROXINE
77983,LISINOPRIL
77983,METFORMIN; SITAGLIPTIN
77983,SAXAGLIPTIN
77984,
77985,SULFAMETHOXAZOLE; TRIMETHOPRIM
77986,
77987,
77988,
77989,ASENAPINE
77989,CLONAZEPAM
77989,DULOXETINE
77989,MODAFINIL
77989,OXCARBAZEPINE
77989,TRAZODONE
77990,
77991,
77992,
77993,
77994,LOSARTAN
77994,PRAVASTATIN
77995,FLUTICASONE NASAL
77996,
77997,LISINOPRIL
77998,
77999,ACETAMINOPHEN; HYDROCODONE
77999,AMOXICILLIN
77999,FAMOTIDINE
77999,IBUPROFEN
77999,INSULIN ISOPHANE (NPH)
77999,PRAVASTATIN
78000,ESCITALOPRAM
78001,NORETHINDRONE
78002,
78003,FLUTICASONE NASAL
78004,
78005,AMOXICILLIN
78006,
78007,ATENOLOL
78007,ENALAPRIL
78007,FUROSEMIDE
78007,ISOSORBIDE
78007,OMEPRAZOLE
78007,PHENYTOIN
78008,ETHINYL ESTRADIOL; NORGESTIMATE
78009,BRIMONIDINE OPHTHALMIC
78010,HYDROCODONE
78011,
78012,
78013,MINOCYCLINE
78014,FLUTICASONE
78015,
78016,
78017,
78018,
78019,CETIRIZINE
78019,CLONIDINE
78019,DICYCLOMINE
78019,FINASTERIDE
78019,NAPROXEN
78019,POVIDONE IODINE OPHTHALMIC
78019,QUINAPRIL
78019,TERAZOSIN
78020,
78021,EZETIMIBE; SIMVASTATIN
78021,METOPROLOL
78021,RANITIDINE BISMUTH CITRATE
78021,SERTRALINE
78021,SOLIFENACIN
78022,
78023,
78024,
78025,
78026,FLUTICASONE
78027,SULFAMETHOXAZOLE; TRIMETHOPRIM
78028,ATENOLOL
78028,ATORVASTATIN
78028,FELODIPINE
78028,LISINOPRIL
78028,METFORMIN
78028,OMEPRAZOLE
78029,
78030,ALBUTEROL
78031,ALPRAZOLAM
78031,CYCLOSPORINE OPHTHALMIC
78031,DEXLANSOPRAZOLE
78031,FLUTICASONE NASAL
78031,HYDROCHLOROTHIAZIDE; VALSARTAN
78031,METOPROLOL
78031,SIMVASTATIN
78032,
78033,
78034,
78035,
78036,
78037,CARVEDILOL
78037,DICLOFENAC TOPICAL
78037,GLIPIZIDE
78037,LEVOTHYROXINE
78037,METFORMIN
78037,OMEPRAZOLE
78037,SITAGLIPTIN
78038,
78039,
78040,BUPROPION
78040,DICLOFENAC
78040,FLUOXETINE
78040,LEVOTHYROXINE
78040,OMEPRAZOLE
78041,
78042,LISINOPRIL
78043,ACETAMINOPHEN; HYDROCODONE
78043,ALBUTEROL; IPRATROPIUM
78043,AMITRIPTYLINE
78043,AMLODIPINE
78043,CITALOPRAM
78043,CLONIDINE
78043,DOMPERIDONE
78043,GLIMEPIRIDE
78043,LORAZEPAM
78043,METFORMIN
78043,MIRTAZAPINE
78043,MORPHINE
78043,NEBIVOLOL
78043,OLMESARTAN
78043,OMEPRAZOLE
78043,PREGABALIN
78043,SIMVASTATIN
78043,TAMSULOSIN
78043,THEOPHYLLINE
78043,TIZANIDINE
78044,
78045,
78046,
78047,ESOMEPRAZOLE
78047,LOSARTAN
78048,
78049,
78050,
78051,PAROXETINE
78052,ESTRADIOL
78052,PROGESTERONE
78053,
78054,99999
78055,
78056,ACETAMINOPHEN; CODEINE
78056,ALBUTEROL
78056,ATORVASTATIN
78056,CAPECITABINE
78056,HYDROCHLOROTHIAZIDE; OLMESARTAN
78056,NIFEDIPINE
78057,
78058,ESOMEPRAZOLE
78058,EZETIMIBE; SIMVASTATIN
78058,FLUOXETINE
78058,FUROSEMIDE
78058,HYDROCODONE
78058,IBUPROFEN
78058,ISOSORBIDE MONONITRATE
78058,LISINOPRIL
78058,LORAZEPAM
78058,METFORMIN
78058,METOCLOPRAMIDE
78058,METOPROLOL
78058,OXYCODONE
78058,PIOGLITAZONE
78058,POTASSIUM CHLORIDE
78058,SITAGLIPTIN
78059,
78060,
78061,ANTI-INFECTIVES - UNSPECIFIED
78061,TAMSULOSIN
78062,LANSOPRAZOLE
78063,HYDROCHLOROTHIAZIDE; LISINOPRIL
78063,RANITIDINE
78064,
78065,
78066,
78067,
78068,
78069,
78070,ALPRAZOLAM
78070,RANITIDINE
78071,
78072,ATORVASTATIN
78072,GABAPENTIN
78072,LEVOTHYROXINE
78072,PANTOPRAZOLE
78072,REPAGLINIDE
78072,SITAGLIPTIN
78073,
78074,ACETAMINOPHEN; HYDROCODONE
78074,ORPHENADRINE
78075,CARVEDILOL
78075,HYDROCHLOROTHIAZIDE
78075,WARFARIN
78076,ALPRAZOLAM
78076,BACLOFEN
78076,DIAZEPAM
78076,GABAPENTIN
78076,HYDROCHLOROTHIAZIDE; OLMESARTAN
78076,IBUPROFEN
78076,METHOCARBAMOL
78076,MORPHINE
78076,OXYCODONE
78077,ALBUTEROL
78077,FLUTICASONE NASAL
78077,LORATADINE
78077,MONTELUKAST
78078,
78079,ACETAMINOPHEN; HYDROCODONE
78079,BENAZEPRIL
78079,CLONAZEPAM
78079,FUROSEMIDE
78079,GENTAMICIN OPHTHALMIC
78079,IBUPROFEN
78079,METOCLOPRAMIDE
78079,PENICILLIN
78080,LISINOPRIL
78081,ALPRAZOLAM
78081,ESOMEPRAZOLE
78081,ROSUVASTATIN
78082,SILDENAFIL
78082,TRAZODONE
78083,
78084,ALBUTEROL
78084,CLOPIDOGREL
78084,CLOPIDOGREL
78084,OLANZAPINE
78084,OXYCODONE
78085,
78086,GATIFLOXACIN OPHTHALMIC
78086,INSULIN ISOPHANE; INSULIN REGULAR
78086,LISINOPRIL
78087,
78088,FINASTERIDE
78088,FOSINOPRIL
78088,FUROSEMIDE
78088,INSULIN GLARGINE
78088,NIFEDIPINE
78089,
78090,ALBUTEROL
78091,OXYCODONE
78092,
78093,
78094,
78095,METFORMIN
78096,
78097,
78098,
78099,FLUTICASONE; SALMETEROL
78100,FINASTERIDE
78100,HYDROCHLOROTHIAZIDE
78100,POTASSIUM CHLORIDE
78100,TERAZOSIN
78100,TRAMADOL
78101,GLYBURIDE; METFORMIN
78101,ISOSORBIDE MONONITRATE
78101,LEVOTHYROXINE
78101,LISINOPRIL
78101,PRAVASTATIN
78102,
78103,DEXLANSOPRAZOLE
78103,IBUPROFEN
78103,TAMSULOSIN
78104,ATORVASTATIN
78104,CARVEDILOL
78104,GEMFIBROZIL
78104,INSULIN GLARGINE
78104,LISINOPRIL
78104,METFORMIN
78105,
78106,
78107,ALBUTEROL
78107,ESOMEPRAZOLE
78107,HYDROCHLOROTHIAZIDE
78107,LOVASTATIN
78108,
78109,
78110,AZITHROMYCIN
78111,
78112,ALBUTEROL
78113,
78114,ACETAMINOPHEN; OXYCODONE
78114,ALPRAZOLAM
78114,RANITIDINE
78115,
78116,
78117,
78118,
78119,ATENOLOL
78119,ATORVASTATIN
78120,
78121,
78122,ATENOLOL; CHLORTHALIDONE
78122,CITALOPRAM
78122,LACTULOSE
78122,METFORMIN
78122,POTASSIUM CHLORIDE
78122,SIMVASTATIN
78122,TRAMADOL
78122,TRAZODONE
78123,
78124,CYCLOBENZAPRINE
78124,HYDROCODONE
78124,IBUPROFEN
78124,MORPHINE
78124,TESTOSTERONE
78125,
78126,
78127,ATORVASTATIN
78127,HYDROCHLOROTHIAZIDE; TELMISARTAN
78127,METFORMIN; SITAGLIPTIN
78128,
78129,
78130,
78131,ALLOPURINOL
78131,AMLODIPINE
78131,HYDROCHLOROTHIAZIDE
78131,LOSARTAN
78131,METOPROLOL
78131,POTASSIUM CHLORIDE
78131,TRIAMCINOLONE NASAL
78132,
78133,
78134,ALBUTEROL
78134,DIPHENHYDRAMINE
78134,GABAPENTIN
78134,HYDROCHLOROTHIAZIDE
78134,INSULIN ISOPHANE; INSULIN REGULAR
78134,LEVOTHYROXINE
78134,LISINOPRIL
78134,OMEPRAZOLE
78134,SITAGLIPTIN
78135,
78136,
78137,
78138,GLIMEPIRIDE
78138,METFORMIN
78138,SIMVASTATIN
78139,FENOFIBRATE
78139,LEVOTHYROXINE
78139,LISINOPRIL
78139,METFORMIN
78140,PROGESTERONE
78140,SEX HORMONES - UNSPECIFIED
78141,
78142,
78143,TOBRAMYCIN OPHTHALMIC
78144,BENZTROPINE
78144,CARBIDOPA; LEVODOPA
78144,DIAZEPAM
78144,DIVALPROEX SODIUM
78144,FUROSEMIDE
78144,OMEPRAZOLE
78144,ONDANSETRON
78144,SERTRALINE
78144,TIZANIDINE
78144,TRAMADOL
78145,HYDROCHLOROTHIAZIDE; LISINOPRIL
78145,IBUPROFEN
78145,INSULIN GLARGINE
78145,INSULIN REGULAR
78146,
78147,
78148,
78149,
78150,
78151,ASPIRIN
78151,GLIPIZIDE
78151,LINAGLIPTIN
78151,LOSARTAN
78151,METFORMIN
78151,NIACIN
78151,SIMVASTATIN
78151,TAMSULOSIN
78152,ERYTHROMYCIN
78152,FUROSEMIDE
78153,ETHINYL ESTRADIOL; NORETHINDRONE
78154,
78155,
78156,
78157,MUPIROCIN TOPICAL
78157,SULFAMETHOXAZOLE; TRIMETHOPRIM
78158,
78159,ALBUTEROL
78160,ALBUTEROL
78161,
78162,
78163,
78164,
78165,
78166,
78167,LISINOPRIL
78167,SIMVASTATIN
78167,TAMSULOSIN
78168,ETONOGESTREL
78169,
78170,
78171,
78172,
78173,
78174,OMEPRAZOLE
78175,HYDROCHLOROTHIAZIDE; LOSARTAN
78176,ATENOLOL
78176,LEVOTHYROXINE
78177,
78178,
78179,ETHINYL ESTRADIOL; NORGESTREL
78179,PANTOPRAZOLE
78179,VENLAFAXINE
78180,ALBUTEROL
78180,ATORVASTATIN
78180,FEXOFENADINE
78180,HYDROCHLOROTHIAZIDE
78180,LISINOPRIL
78181,AZITHROMYCIN
78181,RIFAMPIN
78182,CETIRIZINE
78183,
78184,AMOXICILLIN; CLAVULANATE
78185,HYDROCHLOROTHIAZIDE
78185,IRBESARTAN
78185,LEVOTHYROXINE
78185,VENLAFAXINE
78186,LOSARTAN
78187,
78188,
78189,
78190,ALBUTEROL
78191,CLONIDINE
78191,LISDEXAMFETAMINE
78192,FINASTERIDE
78192,METFORMIN
78192,OLMESARTAN
78192,ROSUVASTATIN
78192,TADALAFIL
78193,
78194,
78195,CARVEDILOL
78195,CILOSTAZOL
78195,CLOPIDOGREL
78195,ESOMEPRAZOLE
78195,FAMOTIDINE
78195,FUROSEMIDE
78195,INSULIN ASPART
78195,POTASSIUM CHLORIDE
78195,SIMVASTATIN
78196,HYDROCHLOROTHIAZIDE
78196,LEVOTHYROXINE
78196,SIMVASTATIN
78197,
78198,CELECOXIB
78198,DULOXETINE
78199,BUPROPION
78200,CLOPIDOGREL
78200,MONTELUKAST
78200,MORPHINE
78200,MORPHINE
78200,PREGABALIN
78200,TIZANIDINE
78201,ATROPINE; DIPHENOXYLATE
78201,BUDESONIDE
78201,LEVOTHYROXINE
78201,OMEPRAZOLE
78201,RANITIDINE
78201,TOLTERODINE
78202,
78203,
78204,
78205,FLUTICASONE
78206,
78207,
78208,ARIPIPRAZOLE
78208,OLANZAPINE
78209,
78210,
78211,ALLOPURINOL
78211,LOSARTAN
78211,METOPROLOL
78212,
78213,
78214,
78215,
78216,AMLODIPINE
78216,HYDRALAZINE
78216,LISINOPRIL
78216,METOPROLOL
78216,OXYCODONE
78216,TRAZODONE
78217,
78218,AMLODIPINE
78218,ATORVASTATIN
78218,OMEPRAZOLE
78218,POTASSIUM CHLORIDE
78219,
78220,
78221,
78222,
78223,
78224,
78225,
78226,
78227,ASPIRIN
78227,ATORVASTATIN
78227,CLOPIDOGREL
78227,GLIPIZIDE
78227,HYDROCHLOROTHIAZIDE; LOSARTAN
78227,LISINOPRIL
78227,SITAGLIPTIN
78227,VERAPAMIL
78228,
78229,
78230,ONDANSETRON
78231,ALPRAZOLAM
78231,CITALOPRAM
78231,LAMOTRIGINE
78232,
78233,AMOXICILLIN
78234,
78235,AMLODIPINE
78235,ATORVASTATIN
78236,ATORVASTATIN
78237,
78238,AMLODIPINE
78238,METFORMIN
78239,ALBUTEROL
78239,BUDESONIDE; FORMOTEROL
78239,ETHINYL ESTRADIOL; NORGESTIMATE
78239,LOVASTATIN
78239,NAPROXEN
78239,PIOGLITAZONE
78239,VERAPAMIL
78240,
78241,
78242,AMLODIPINE
78242,LOSARTAN
78242,SITAGLIPTIN
78243,
78244,
78245,CLOPIDOGREL
78245,DAPAGLIFLOZIN
78245,GLIMEPIRIDE
78245,INSULIN DETEMIR
78245,METFORMIN
78245,METOPROLOL
78245,ROSUVASTATIN
78245,TELMISARTAN
78246,CETIRIZINE
78247,
78248,
78249,
78250,
78251,ATORVASTATIN
78251,LISINOPRIL
78251,METFORMIN
78251,ROSUVASTATIN
78252,
78253,
78254,
78255,
78256,FLUTICASONE
78257,77777
78258,ALBUTEROL
78258,BECLOMETHASONE
78259,CETIRIZINE
78260,
78261,
78262,BUDESONIDE; FORMOTEROL
78262,DULOXETINE
78262,GABAPENTIN
78262,METOPROLOL
78262,PREDNISONE
78262,ZOLPIDEM
78263,AMLODIPINE
78263,CLOTRIMAZOLE TOPICAL
78264,
78265,
78266,
78267,
78268,CYCLOBENZAPRINE
78268,MELOXICAM
78268,METHYLPREDNISOLONE
78269,
78270,ALLOPURINOL
78270,ATENOLOL
78270,GEMFIBROZIL
78270,LOSARTAN
78271,
78272,
78273,
78274,ESOMEPRAZOLE
78274,EZETIMIBE; SIMVASTATIN
78274,HYDROCHLOROTHIAZIDE; LOSARTAN
78274,LEVOTHYROXINE
78275,
78276,
78277,LEVOTHYROXINE
78277,LISINOPRIL
78277,OMEPRAZOLE
78277,RISEDRONATE
78278,AMOXICILLIN
78279,
78280,CETIRIZINE; PSEUDOEPHEDRINE
78280,OLOPATADINE NASAL
78280,TRIAMCINOLONE NASAL
78281,ALBUTEROL
78281,FLUTICASONE
78282,
78283,
78284,RANITIDINE
78285,
78286,
78287,
78288,ALPRAZOLAM
78288,BUPROPION
78288,CONJUGATED ESTROGENS
78288,FLUOXETINE
78288,GABAPENTIN
78288,HYDROCHLOROTHIAZIDE; TRIAMTERENE
78288,LEVOTHYROXINE
78288,OMEPRAZOLE
78288,OXYBUTYNIN
78288,PRAVASTATIN
78289,MEMANTINE
78289,RIVASTIGMINE
78289,ROSUVASTATIN
78290,
78291,
78292,ETHINYL ESTRADIOL; LEVONORGESTREL
78292,LEVOTHYROXINE
78292,MONTELUKAST
78293,99999
78294,
78295,ALBUTEROL
78296,
78297,
78298,
78299,
78300,
78301,AMLODIPINE
78301,CORTICOTROPIN
78301,FUROSEMIDE
78301,GLYBURIDE
78301,LOSARTAN
78301,POTASSIUM CHLORIDE
78301,RAMIPRIL
78301,SIMVASTATIN
78301,SOTALOL
78301,WARFARIN
78302,
78303,
78304,ALBUTEROL
78304,ASPIRIN
78304,CARVEDILOL
78304,DIGOXIN
78304,GABAPENTIN
78304,LISINOPRIL
78304,NITROGLYCERIN
78304,OXYCODONE
78304,POTASSIUM CHLORIDE
78304,RANITIDINE
78304,SIMVASTATIN
78305,
78306,AMLODIPINE
78306,ATROPINE; DIPHENOXYLATE
78306,ETANERCEPT
78306,GABAPENTIN
78306,GLIPIZIDE
78306,IBUPROFEN
78306,LISINOPRIL
78306,LOVASTATIN
78306,OMEPRAZOLE
78306,TEMAZEPAM
78307,
78308,
78309,
78310,
78311,
78312,BENZONATATE
78312,CYCLOBENZAPRINE
78312,ESOMEPRAZOLE
78312,ETODOLAC
78312,TIZANIDINE
78313,BUPROPION
78313,ESCITALOPRAM
78314,
78315,
78316,
78317,AMLODIPINE
78317,CETIRIZINE
78317,DOXYCYCLINE
78317,FLUNISOLIDE NASAL
78317,METOPROLOL
78317,MIRTAZAPINE
78317,PANTOPRAZOLE
78317,TRAMADOL
78317,VALSARTAN
78318,
78319,AMLODIPINE
78319,CARVEDILOL
78320,
78321,LISINOPRIL
78321,PRAVASTATIN
78322,
78323,
78324,
78325,
78326,
78327,VALACYCLOVIR
78328,LISINOPRIL
78329,ALPRAZOLAM
78330,DULOXETINE
78330,LAMOTRIGINE
78330,LEVETIRACETAM
78331,
78332,
78333,
78334,
78335,
78336,
78337,
78338,99999
78339,
78340,
78341,ETHINYL ESTRADIOL; NORETHINDRONE
78342,
78343,
78344,
78345,
78346,ACETAMINOPHEN; HYDROCODONE
78347,ALBUTEROL
78347,FEXOFENADINE
78347,MONTELUKAST
78348,AMPHETAMINE; DEXTROAMPHETAMINE
78349,DIAZEPAM
78349,GABAPENTIN
78349,OFLOXACIN OPHTHALMIC
78349,PREDNISOLONE OPHTHALMIC
78350,
78351,
78352,
78353,
78354,
78355,ACETAMINOPHEN; BUTALBITAL; CAFFEINE
78355,ACETAMINOPHEN; OXYCODONE
78355,AMITRIPTYLINE
78355,PROMETHAZINE
78355,SERTRALINE
78356,
78357,
78358,
78359,
78360,ATENOLOL
78360,METHIMAZOLE
78361,
78362,ATENOLOL
78362,GLYBURIDE
78362,LISINOPRIL
78362,METFORMIN
78362,PRAVASTATIN
78363,
78364,
78365,ALBUTEROL
78365,PREDNISONE
78366,OMEPRAZOLE
78367,
78368,CLONAZEPAM
78368,DORZOLAMIDE; TIMOLOL OPHTHALMIC
78368,DULOXETINE
78368,LAMOTRIGINE
78368,LATANOPROST OPHTHALMIC
78368,PREGABALIN
78368,ZOLPIDEM
78369,HYDROXYZINE
78369,TRIAMCINOLONE TOPICAL
78370,
78371,
78372,CITALOPRAM
78372,DONEPEZIL
78372,PSEUDOEPHEDRINE
78373,
78374,AMPHETAMINE; DEXTROAMPHETAMINE
78374,LISINOPRIL
78374,RANITIDINE
78375,
78376,AMIODARONE
78376,CARVEDILOL
78376,FUROSEMIDE
78376,LISINOPRIL
78376,METOLAZONE
78376,POTASSIUM CHLORIDE
78376,PRAVASTATIN
78376,SPIRONOLACTONE
78376,WARFARIN
78377,ATORVASTATIN
78377,CHLORTHALIDONE
78377,CLOPIDOGREL
78377,DIAZEPAM
78377,PANTOPRAZOLE
78377,PROGESTERONE
78377,THYROID DESICCATED
78378,
78379,ACETAMINOPHEN; CODEINE
78380,
78381,
78382,
78383,
78384,
78385,
78386,
78387,
78388,
78389,
78390,
78391,
78392,FLUOXETINE
78392,METOPROLOL
78392,OMEPRAZOLE
78392,TIOTROPIUM
78393,
78394,GEMFIBROZIL
78394,GLIMEPIRIDE
78394,LEVOTHYROXINE
78394,METFORMIN
78394,OMEPRAZOLE
78394,SIMVASTATIN
78394,SITAGLIPTIN
78394,TRAMADOL
78395,ETHINYL ESTRADIOL; NORGESTIMATE
78396,
78397,
78398,TRAMADOL
78399,
78400,
78401,
78402,ATENOLOL
78402,ATORVASTATIN
78402,DOXAZOSIN
78402,LISINOPRIL
78402,MELOXICAM
78402,METFORMIN
78402,PENTOXIFYLLINE
78403,LEVOTHYROXINE
78403,LOSARTAN
78403,METOPROLOL
78403,PRAVASTATIN
78403,SERTRALINE
78404,
78405,
78406,
78407,
78408,ALBUTEROL
78408,CETIRIZINE
78408,FLUTICASONE
78409,
78410,BUSPIRONE
78410,FUROSEMIDE
78410,HYDROCHLOROTHIAZIDE
78410,METOPROLOL
78410,OLMESARTAN
78410,POTASSIUM CHLORIDE
78410,ZOLPIDEM
78411,
78412,
78413,
78414,
78415,
78416,
78417,
78418,
78419,
78420,HYDROCODONE
78420,NAPROXEN
78421,
78422,
78423,HYDROCHLOROTHIAZIDE
78423,LOSARTAN
78423,METOPROLOL
78424,BUPROPION
78424,LEVOTHYROXINE
78424,OXCARBAZEPINE
78425,
78426,
78427,
78428,ACETAMINOPHEN; HYDROCODONE
78428,ATROPINE; DIPHENOXYLATE
78428,CARISOPRODOL
78428,CARVEDILOL
78428,FUROSEMIDE
78428,LISINOPRIL
78428,LORAZEPAM
78428,NITROFURANTOIN
78428,PANTOPRAZOLE
78428,POTASSIUM CHLORIDE
78428,PROCHLORPERAZINE
78428,SUCRALFATE
78428,TRAZODONE
78428,ZOLPIDEM
78429,
78430,
78431,AMLODIPINE
78431,METOPROLOL
78432,
78433,DUTASTERIDE
78433,OMEPRAZOLE
78433,TAMSULOSIN
78434,
78435,
78436,
78437,ANTI-INFECTIVES - UNSPECIFIED
78438,
78439,CYCLOBENZAPRINE
78439,FLUCONAZOLE
78439,OSELTAMIVIR
78440,
78441,AMOXICILLIN; CLAVULANATE
78442,
78443,LOSARTAN
78443,TRIAMTERENE
78444,PAROXETINE
78445,ALBUTEROL
78445,ALBUTEROL; IPRATROPIUM
78445,FAMOTIDINE
78445,FLUTICASONE; SALMETEROL
78445,TIOTROPIUM
78446,
78447,
78448,IBUPROFEN
78449,
78450,
78451,
78452,
78453,
78454,
78455,
78456,
78457,ETHINYL ESTRADIOL; LEVONORGESTREL
78458,
78459,
78460,
78461,PENICILLIN V POTASSIUM
78462,FLUTICASONE NASAL
78462,NAPROXEN
78462,OMEPRAZOLE
78462,TAMSULOSIN
78463,SIMVASTATIN
78463,WARFARIN
78464,ETHINYL ESTRADIOL; NORETHINDRONE
78465,IBUPROFEN
78465,LOSARTAN
78465,SIMVASTATIN
78465,TRAZODONE
78465,WARFARIN
78466,
78467,DILTIAZEM
78467,EPLERENONE
78467,METFORMIN
78467,PRAVASTATIN
78468,
78469,
78470,MOMETASONE NASAL
78470,MONTELUKAST
78471,AMOXICILLIN
78472,
78473,
78474,GUAIFENESIN
78474,LISINOPRIL
78474,OMEPRAZOLE
78474,PREDNISONE
78475,AMITRIPTYLINE
78475,DONEPEZIL
78475,FLUTICASONE NASAL
78475,FLUTICASONE; SALMETEROL
78475,GABAPENTIN
78475,OMEPRAZOLE
78476,
78477,
78478,
78479,
78480,
78481,BIMATOPROST OPHTHALMIC
78482,
78483,
78484,ASPIRIN
78484,CETIRIZINE
78484,CILOSTAZOL
78484,HYDROCHLOROTHIAZIDE
78484,ISOSORBIDE MONONITRATE
78484,METOPROLOL
78484,OMEPRAZOLE
78485,
78486,AMANTADINE
78486,CARBIDOPA; ENTACAPONE; LEVODOPA
78486,CARBIDOPA; LEVODOPA
78486,CARBIDOPA; LEVODOPA
78486,CLONAZEPAM
78486,CONJUGATED ESTROGENS; MEDROXYPROGESTERONE
78486,ONABOTULINUMTOXINA
78486,RASAGILINE
78486,ROTIGOTINE
78487,CELECOXIB
78487,EZETIMIBE
78487,OMEPRAZOLE
78487,PRAVASTATIN
78487,VALSARTAN
78488,
78489,
78490,
78491,
78492,ONDANSETRON
78493,CLINDAMYCIN TOPICAL
78494,
78495,
78496,
78497,ATORVASTATIN
78497,GLIMEPIRIDE
78497,METFORMIN; SITAGLIPTIN
78497,METOPROLOL
78497,RAMIPRIL
78498,ALBUTEROL
78498,ATENOLOL
78498,CHLORTHALIDONE
78498,LEVOTHYROXINE
78498,MELOXICAM
78498,OMEPRAZOLE
78498,OXYBUTYNIN
78498,POTASSIUM CHLORIDE
78498,ROSUVASTATIN
78499,
78500,
78501,
78502,
78503,ALENDRONATE
78503,ALLOPURINOL
78503,AMLODIPINE; OLMESARTAN
78503,GEMFIBROZIL
78503,GLYBURIDE
78503,METFORMIN
78503,OMEPRAZOLE
78504,AMLODIPINE
78504,LISINOPRIL
78504,OMEPRAZOLE
78504,SEVELAMER
78505,
78506,AZELASTINE OPHTHALMIC
78506,DIAZEPAM
78506,DIVALPROEX SODIUM
78506,HYDROCODONE
78506,IBUPROFEN
78506,LISINOPRIL
78506,LORATADINE; PSEUDOEPHEDRINE
78506,OMEPRAZOLE
78506,PHENYTOIN
78507,
78508,
78509,CYPROHEPTADINE
78510,
78511,
78512,CARBAMAZEPINE
78512,LAMOTRIGINE
78512,LEVETIRACETAM
78512,LISINOPRIL
78513,
78514,
78515,LORAZEPAM
78515,MIRTAZAPINE
78515,SENNA
78515,WARFARIN
78516,
78517,GUANFACINE
78517,QUETIAPINE
78518,MINOCYCLINE
78519,
78520,
78521,ATORVASTATIN
78521,FINASTERIDE
78521,TAMSULOSIN
78522,CARVEDILOL
78522,PRAVASTATIN
78522,RANITIDINE
78523,OMEGA-3 POLYUNSATURATED FATTY ACIDS
78524,
78525,AMPHETAMINE
78526,
78527,AMLODIPINE; BENAZEPRIL
78527,ATORVASTATIN
78527,CARVEDILOL
78527,CONJUGATED ESTROGENS
78527,FUROSEMIDE
78527,LEVOTHYROXINE
78527,MOMETASONE NASAL
78528,ANASTROZOLE
78528,PANCRELIPASE
78528,TESTOSTERONE
78529,
78530,
78531,HYDROCHLOROTHIAZIDE; LISINOPRIL
78531,PANTOPRAZOLE
78531,RANITIDINE
78532,
78533,PROGESTERONE
78534,IBUPROFEN
78534,OMEPRAZOLE
78534,SIMVASTATIN
78535,ATENOLOL
78535,ATORVASTATIN
78535,LISINOPRIL
78535,OMEPRAZOLE
78535,TRIAMTERENE
78536,
78537,
78538,
78539,
78540,
78541,
78542,
78543,
78544,
78545,BROMPHENIRAMINE; PSEUDOEPHEDRINE
78546,
78547,
78548,DESOGESTREL; ETHINYL ESTRADIOL
78548,METFORMIN
78549,AMOXICILLIN
78549,DESLORATADINE; PSEUDOEPHEDRINE
78549,TOPIRAMATE
78550,
78551,
78552,ACETAMINOPHEN; CODEINE
78553,
78554,
78555,
78556,CHLORHEXIDINE TOPICAL
78556,MIRTAZAPINE
78556,QUETIAPINE
78556,ZOLPIDEM
78557,ATORVASTATIN
78557,CARVEDILOL
78557,CLOPIDOGREL
78557,EZETIMIBE
78557,LISINOPRIL
78558,
78559,
78560,
78561,AMIODARONE
78561,ATENOLOL
78561,CITALOPRAM
78561,DIGOXIN
78561,EZETIMIBE
78561,FENOFIBRATE
78561,FINASTERIDE
78561,LEVETIRACETAM
78561,LEVOTHYROXINE
78561,MIRTAZAPINE
78561,OMEPRAZOLE
78561,QUINIDINE
78561,SIMVASTATIN
78561,TIOTROPIUM
78562,
78563,
78564,
78565,BECLOMETHASONE
78565,GRISEOFULVIN
78566,
78567,
78568,
78569,AMPHETAMINE
78570,
78571,
78572,
78573,
78574,
78575,
78576,
78577,
78578,
78579,HYDROCHLOROTHIAZIDE
78579,LISINOPRIL
78579,METOPROLOL
78579,MONTELUKAST
78579,OMEPRAZOLE
78579,WARFARIN
78580,ALPRAZOLAM
78580,CLONIDINE
78580,FUROSEMIDE
78580,GLIMEPIRIDE
78580,HYDRALAZINE
78580,LISINOPRIL
78580,METOPROLOL
78580,PAROXETINE
78580,POTASSIUM CHLORIDE
78580,PRAVASTATIN
78581,
78582,
78583,ALLOPURINOL
78583,AMLODIPINE
78583,GLIPIZIDE
78583,LISINOPRIL
78584,
78585,
78586,
78587,AMLODIPINE
78587,ATENOLOL
78587,ENALAPRIL
78587,METFORMIN
78587,SIMVASTATIN
78588,
78589,
78590,
78591,LEVOTHYROXINE
78591,LOSARTAN
78591,PAROXETINE
78591,TRIAMTERENE
78592,
78593,
78594,
78595,
78596,
78597,GLYBURIDE
78597,METFORMIN
78598,55555
78598,AMLODIPINE
78598,ATORVASTATIN
78598,FUROSEMIDE
78598,GLIPIZIDE
78598,HYDRALAZINE
78598,LISINOPRIL
78598,METOPROLOL
78599,
78600,ALBUTEROL
78600,CETIRIZINE
78600,FORMOTEROL; MOMETASONE
78601,IBUPROFEN
78602,
78603,
78604,
78605,
78606,
78607,
78608,TRAZODONE
78609,
78610,ALBUTEROL
78611,
78612,LISINOPRIL
78613,ETHINYL ESTRADIOL; NORGESTIMATE
78614,
78615,
78616,
78617,
78618,
78619,
78620,CANDESARTAN
78621,
78622,
78623,AZITHROMYCIN
78624,BUDESONIDE
78624,CETIRIZINE
78624,ERYTHROMYCIN
78624,LACOSAMIDE
78624,LACTULOSE
78624,LANSOPRAZOLE
78624,LEVALBUTEROL
78624,MONTELUKAST
78624,NITROFURANTOIN
78624,ONDANSETRON
78624,POLYETHYLENE GLYCOL 3350
78624,TOPIRAMATE
78624,VALPROIC ACID
78625,
78626,
78627,FINASTERIDE
78628,
78629,
78630,BUDESONIDE; FORMOTEROL
78631,ACETAMINOPHEN; OXYCODONE
78631,CYCLOBENZAPRINE
78631,IBUPROFEN
78631,PREDNISONE
78631,TRAMADOL
78631,ZOLPIDEM
78632,
78633,
78634,ALBUTEROL
78634,CITALOPRAM
78634,HYDROCHLOROTHIAZIDE
78634,LEVOTHYROXINE
78634,LOVASTATIN
78634,TRAZODONE
78635,
78636,
78637,
78638,
78639,
78640,ATENOLOL
78640,HYDROCHLOROTHIAZIDE
78640,LISINOPRIL
78640,SIMVASTATIN
78640,TAMSULOSIN
78641,
78642,MOMETASONE NASAL
78643,
78644,
78645,
78646,FLUTICASONE
78646,MOMETASONE NASAL
78646,MONTELUKAST
78647,
78648,
78649,TIZANIDINE
78650,
78651,
78652,ATENOLOL
78652,WARFARIN
78653,
78654,
78655,
78656,AMLODIPINE
78656,ATORVASTATIN
78656,CYCLOBENZAPRINE
78656,HYDROXYZINE
78656,RISPERIDONE
78656,TRAZODONE
78657,
78658,
78659,
78660,
78661,
78662,
78663,
78664,
78665,GLIPIZIDE
78665,LISINOPRIL
78666,
78667,AMLODIPINE
78667,AMOXICILLIN
78667,ATENOLOL
78667,ATORVASTATIN
78667,CELECOXIB
78667,CILOSTAZOL
78667,CILOSTAZOL
78667,CLOPIDOGREL
78667,FENOFIBRATE
78667,LEVOTHYROXINE
78667,QUINAPRIL
78667,SERTRALINE
78668,
78669,
78670,
78671,CIMETIDINE
78671,HYDROCHLOROTHIAZIDE; LISINOPRIL
78671,LOVASTATIN
78671,MELOXICAM
78671,POTASSIUM CHLORIDE
78672,LISINOPRIL
78672,PHENTERMINE
78673,
78674,BUPROPION
78674,CONJUGATED ESTROGENS
78674,CONJUGATED ESTROGENS
78674,ESTERIFIED ESTROGENS; METHYLTESTOSTERONE
78674,FLUCONAZOLE
78674,FLUTICASONE NASAL
78674,GABAPENTIN
78674,LEVOTHYROXINE
78674,LIOTHYRONINE
78674,NITROFURANTOIN
78674,SUMATRIPTAN
78674,TIZANIDINE
78674,TRAZODONE
78675,
78676,BROMOCRIPTINE
78676,LORATADINE
78676,METFORMIN
78676,PHENTERMINE
78676,PREDNISONE
78676,TRAZODONE
78677,
78678,
78679,NAPROXEN
78679,OMEPRAZOLE
78680,
78681,
78682,
78683,
78684,
78685,MEMANTINE
78685,METFORMIN
78685,RISPERIDONE
78685,SERTRALINE
78685,SIMVASTATIN
78686,
78687,
78688,ACETAMINOPHEN; HYDROCODONE
78688,ALLOPURINOL
78688,COLCHICINE
78688,OXCARBAZEPINE
78689,
78690,
78691,QUETIAPINE
78692,DROSPIRENONE; ETHINYL ESTRADIOL
78693,
78694,
78695,ALBUTEROL
78696,
78697,
78698,OXYCODONE
78698,PREGABALIN
78699,
78700,SIMVASTATIN
78701,
78702,ALENDRONATE
78702,AMLODIPINE
78702,FLUTICASONE; SALMETEROL
78702,LORAZEPAM
78702,METOPROLOL
78702,METOPROLOL
78703,OMEPRAZOLE
78703,SILDENAFIL
78703,SIMVASTATIN
78703,ZOLPIDEM
78704,ALBUTEROL
78704,ATENOLOL
78704,BENZTROPINE
78704,HALOPERIDOL
78704,LORAZEPAM
78704,PERPHENAZINE
78704,SEVELAMER
78704,SIMVASTATIN
78704,TAMSULOSIN
78704,VALPROIC ACID
78704,ZOLPIDEM
78705,FLUTICASONE
78706,ACETAMINOPHEN; BUTALBITAL; CAFFEINE; CODEINE
78706,GABAPENTIN
78706,HYDROCHLOROTHIAZIDE
78706,NAPROXEN
78707,LEVOTHYROXINE
78707,PRAVASTATIN
78708,
78709,
78710,ACETAMINOPHEN; HYDROCODONE
78710,AMOXICILLIN
78710,BUPROPION
78710,CITALOPRAM
78710,CLONAZEPAM
78710,DIAZEPAM
78710,DICLOFENAC
78710,PROMETHAZINE
78710,ROSUVASTATIN
78711,
78712,AZELASTINE NASAL
78712,CLOMIPRAMINE
78712,FLUTICASONE
78712,LAMOTRIGINE
78712,LEVOTHYROXINE
78712,LOXAPINE
78712,SIMVASTATIN
78712,ZOLPIDEM
78713,ARIPIPRAZOLE
78713,ESCITALOPRAM
78714,HYDROCHLOROTHIAZIDE; LISINOPRIL
78714,LOVASTATIN
78714,METFORMIN
78714,METOPROLOL
78714,POTASSIUM CHLORIDE
78714,VENLAFAXINE
78715,
78716,ATORVASTATIN
78717,
78718,
78719,
78720,CEPHALEXIN
78720,ONDANSETRON
78721,
78722,
78723,LEVOTHYROXINE
78724,
78725,
78726,
78727,ATORVASTATIN
78727,LOSARTAN
78727,METOPROLOL
78728,
78729,
78730,
78731,
78732,
78733,
78734,
78735,
78736,
78737,ALLOPURINOL
78737,CLONIDINE
78737,DILTIAZEM
78737,GLIPIZIDE
78737,HYDRALAZINE
78737,LORATADINE
78737,RIVAROXABAN
78737,SPIRONOLACTONE
78737,TORSEMIDE
78738,
78739,CITALOPRAM
78739,OMEPRAZOLE
78740,
78741,
78742,SIMVASTATIN
78742,TRAMADOL
78743,
78744,ALPRAZOLAM
78744,PRAMIPEXOLE
78745,
78746,SERTRALINE
78747,ASPIRIN
78747,GLIMEPIRIDE
78747,INSULIN ASPART
78747,INSULIN GLARGINE
78747,LEVOTHYROXINE
78747,METFORMIN
78747,RAMIPRIL
78747,SIMVASTATIN
78748,HYDROCHLOROTHIAZIDE
78749,
78750,ALBUTEROL
78750,ETHINYL ESTRADIOL; NORETHINDRONE
78751,
78752,ALLOPURINOL
78752,AMLODIPINE
78752,SIMVASTATIN
78753,
78754,BENAZEPRIL
78754,CARVEDILOL
78754,TOLTERODINE
78755,LISINOPRIL
78755,PANTOPRAZOLE
78756,
78757,
78758,
78759,GLIPIZIDE
78759,GLYBURIDE
78759,ISOSORBIDE MONONITRATE
78759,LISINOPRIL
78759,METFORMIN
78759,METOPROLOL
78759,NAPROXEN
78759,NIACIN
78759,OMEPRAZOLE
78760,
78761,
78762,
78763,
78764,ESTRADIOL
78764,FENOFIBRATE
78764,NADOLOL
78764,PROGESTERONE
78764,SERTRALINE
78764,THYROID DESICCATED
78765,
78766,
78767,
78768,NIFEDIPINE
78769,GENTAMICIN OPHTHALMIC
78770,
78771,CARVEDILOL
78771,PRAVASTATIN
78771,QUINAPRIL
78772,ALBUTEROL
78772,BECLOMETHASONE
78772,ETHINYL ESTRADIOL; NORGESTIMATE
78772,IBUPROFEN
78772,MONTELUKAST
78773,
78774,BUDESONIDE
78774,LEVALBUTEROL
78775,
78776,
78777,
78778,
78779,
78780,
78781,ACETAMINOPHEN; HYDROCODONE
78781,GABAPENTIN
78782,
78783,
78784,
78785,LISDEXAMFETAMINE
78786,AMLODIPINE
78786,LISINOPRIL
78786,NITROFURANTOIN
78787,
78788,
78789,LEVOTHYROXINE
78789,LISINOPRIL
78789,NITROGLYCERIN
78789,OMEPRAZOLE
78790,
78791,
78792,
78793,
78794,AMLODIPINE
78794,ROSUVASTATIN
78795,
78796,AMLODIPINE
78796,ATORVASTATIN
78796,HYDROCHLOROTHIAZIDE
78796,LISINOPRIL
78796,METOPROLOL
78797,
78798,
78799,
78800,
78801,
78802,
78803,
78804,ATENOLOL
78804,NIFEDIPINE
78805,
78806,METRONIDAZOLE
78807,DEXMETHYLPHENIDATE
78807,GUANFACINE
78807,RISPERIDONE
78808,MOMETASONE NASAL
78808,MONTELUKAST
78808,OLOPATADINE OPHTHALMIC
78809,ATENOLOL
78809,DEXLANSOPRAZOLE
78809,LEVOTHYROXINE
78809,POTASSIUM CHLORIDE
78809,PROPAFENONE
78809,QUINAPRIL
78809,TORSEMIDE
78809,WARFARIN
78810,ALLOPURINOL
78810,ASPIRIN
78810,BISOPROLOL
78810,DICLOFENAC
78810,FLUOXETINE
78810,FLUTICASONE NASAL
78810,LOSARTAN
78810,OMEPRAZOLE
78810,SIMVASTATIN
78810,SPIRONOLACTONE
78810,TORSEMIDE
78811,
78812,ALLOPURINOL
78812,CINACALCET
78812,CYCLOSPORINE
78812,MYCOPHENOLATE MOFETIL
78812,NIFEDIPINE
78812,PREDNISONE
78812,RANITIDINE
78813,ESOMEPRAZOLE
78813,HYDROCORTISONE TOPICAL
78813,LIDOCAINE; PRILOCAINE TOPICAL
78813,MEGESTROL
78813,ONDANSETRON
78813,PEGFILGRASTIM
78813,SORAFENIB
78813,SULFAMETHOXAZOLE; TRIMETHOPRIM
78813,TRIAMCINOLONE TOPICAL
78814,CIPROFLOXACIN
78814,PHENAZOPYRIDINE
78815,
78816,
78817,
78818,
78819,
78820,
78821,
78822,ALBUTEROL
78822,ATORVASTATIN
78822,ESCITALOPRAM
78822,LEVALBUTEROL
78822,OMEPRAZOLE
78822,TAMSULOSIN
78823,
78824,AMPHETAMINE; DEXTROAMPHETAMINE
78824,AMPHETAMINE; DEXTROAMPHETAMINE
78824,CLONIDINE
78825,AMLODIPINE
78825,CONJUGATED ESTROGENS
78825,FENOFIBRATE
78825,GABAPENTIN
78825,HYDROCHLOROTHIAZIDE
78825,LOSARTAN
78826,MONTELUKAST
78827,
78828,ALBUTEROL
78828,AMPHETAMINE; DEXTROAMPHETAMINE
78828,FLUTICASONE; SALMETEROL
78829,
78830,
78831,
78832,
78833,
78834,ESTRADIOL; NORETHINDRONE
78835,
78836,
78837,
78838,FUROSEMIDE
78838,LABETALOL
78838,LISINOPRIL
78838,ROSUVASTATIN
78839,
78840,
78841,CEFDINIR
78842,CLONIDINE
78842,LISDEXAMFETAMINE
78843,
78844,ALPRAZOLAM
78844,AMLODIPINE
78844,ATENOLOL
78844,CIMETIDINE
78844,OMEPRAZOLE
78844,SIMVASTATIN
78845,ERYTHROMYCIN
78845,ESOMEPRAZOLE
78845,MIRTAZAPINE
78845,ONDANSETRON
78845,POLYETHYLENE GLYCOL 3350
78845,PROPRANOLOL
78845,SERTRALINE
78846,
78847,HYDROCHLOROTHIAZIDE
78848,
78849,
78850,
78851,
78852,
78853,FLUTICASONE NASAL
78853,LISINOPRIL
78853,LUBIPROSTONE
78853,SIMVASTATIN
78854,LISINOPRIL
78855,
78856,
78857,LEVOTHYROXINE
78858,ATORVASTATIN
78858,CARVEDILOL
78858,LOSARTAN
78858,METFORMIN
78859,
78860,
78861,
78862,HYDROCHLOROTHIAZIDE
78862,NEBIVOLOL
78863,
78864,
78865,
78866,
78867,
78868,
78869,
78870,CLONIDINE
78871,
78872,
78873,
78874,ALPRAZOLAM
78874,AMLODIPINE; BENAZEPRIL
78874,ESOMEPRAZOLE
78874,FLECAINIDE
78874,MELOXICAM
78874,TRAZODONE
78874,VENLAFAXINE
78875,INTERFERON BETA-1A
78876,HYDROCHLOROTHIAZIDE; LISINOPRIL
78876,PAROXETINE
78877,
78878,
78879,RANITIDINE
78880,
78881,
78882,RALOXIFENE
78883,
78884,
78885,
78886,SULFAMETHOXAZOLE; TRIMETHOPRIM
78887,
78888,
78889,
78890,
78891,
78892,ALLOPURINOL
78892,AMLODIPINE; BENAZEPRIL
78892,COLCHICINE
78892,LORATADINE
78893,
78894,
78895,
78896,BACLOFEN
78896,TRAMADOL
78897,HYDROCHLOROTHIAZIDE; LOSARTAN
78898,
78899,DIGOXIN
78899,WARFARIN
78900,
78901,
78902,ALPRAZOLAM
78902,AMLODIPINE
78902,FUROSEMIDE
78902,GEMFIBROZIL
78902,GLIPIZIDE
78902,HYDRALAZINE
78902,INSULIN ISOPHANE (NPH)
78902,LOSARTAN
78902,METOPROLOL
78902,OMEPRAZOLE
78902,WARFARIN
78903,
78904,
78905,HYDROCHLOROTHIAZIDE; LISINOPRIL
78905,OMEPRAZOLE
78906,LISINOPRIL
78906,MONTELUKAST
78907,AMOXICILLIN
78907,CEPHALEXIN
78907,PREDNISONE
78908,
78909,ACETAMINOPHEN; BUTALBITAL; CAFFEINE
78909,AMLODIPINE
78909,ESTRADIOL
78909,LORAZEPAM
78909,OMEPRAZOLE
78909,PROGESTERONE
78909,SERTRALINE
78910,
78911,
78912,IPRATROPIUM
78913,
78914,
78915,
78916,CARVEDILOL
78917,AMPHETAMINE; DEXTROAMPHETAMINE
78918,
78919,LEVOTHYROXINE
78919,PENTOSAN POLYSULFATE SODIUM
78920,
78921,ATORVASTATIN
78921,CLOPIDOGREL
78921,ENALAPRIL
78921,ISOSORBIDE MONONITRATE
78921,METOPROLOL
78922,
78923,
78924,METFORMIN
78925,
78926,
78927,
78928,AMLODIPINE
78928,ATORVASTATIN
78928,CLONIDINE
78928,DORZOLAMIDE OPHTHALMIC
78928,FUROSEMIDE
78928,ISOSORBIDE
78928,LATANOPROST OPHTHALMIC
78928,METOPROLOL
78928,OMEPRAZOLE
78928,POTASSIUM CHLORIDE
78928,SERTRALINE
78929,ACETAMINOPHEN; HYDROCODONE
78929,ALENDRONATE
78929,ATORVASTATIN
78929,CITALOPRAM
78929,CLONAZEPAM
78929,LEVOTHYROXINE
78929,LISINOPRIL
78930,
78931,
78932,
78933,
78934,
78935,
78936,
78937,AMLODIPINE
78937,BACLOFEN
78937,CLINDAMYCIN TOPICAL
78937,FLUOXETINE
78937,FUROSEMIDE
78937,HYDROCHLOROTHIAZIDE; LISINOPRIL
78937,POTASSIUM CHLORIDE
78937,PRAVASTATIN
78937,TRAMADOL
78937,TRAZODONE
78937,TRIAMCINOLONE TOPICAL
78938,CELECOXIB
78938,HYDROXYZINE
78938,NIFEDIPINE
78938,SIMVASTATIN
78939,
78940,LEVOTHYROXINE
78941,DESONIDE TOPICAL
78942,AMLODIPINE
78942,HYDROCHLOROTHIAZIDE
78943,
78944,CYCLOBENZAPRINE
78944,ESOMEPRAZOLE
78944,HYDROCODONE
78944,LORATADINE
78945,
78946,
78947,CARVEDILOL
78947,DABIGATRAN
78947,DIGOXIN
78947,ENALAPRIL
78947,FUROSEMIDE
78947,METFORMIN
78947,MYCOPHENOLATE MOFETIL
78947,SIMVASTATIN
78947,SPIRONOLACTONE
78948,
78949,
78950,ACETAMINOPHEN; HYDROCODONE
78950,CLOPIDOGREL
78950,DILTIAZEM
78950,INSULIN ASPART
78950,INSULIN GLARGINE
78950,METFORMIN
78950,ROSUVASTATIN
78951,ACETAMINOPHEN; HYDROCODONE
78951,AMITRIPTYLINE
78951,AMLODIPINE; BENAZEPRIL
78951,ATENOLOL
78951,CYCLOBENZAPRINE
78951,FLUOXETINE
78951,HYDROCHLOROTHIAZIDE
78951,LOVASTATIN
78951,OMEPRAZOLE
78951,POTASSIUM CHLORIDE
78951,TRAMADOL
78952,INSULIN ASPART
78952,INSULIN GLARGINE
78952,LEVOTHYROXINE
78953,AMLODIPINE
78953,LISINOPRIL
78953,SIMVASTATIN
78954,
78955,
78956,
78957,
78958,
78959,
78960,
78961,
78962,TAMOXIFEN
78963,ATORVASTATIN
78963,DIVALPROEX SODIUM
78963,ISONIAZID
78963,METFORMIN
78963,QUETIAPINE
78963,RABEPRAZOLE
78964,
78965,
78966,
78967,
78968,DILTIAZEM
78968,ERYTHROMYCIN OPHTHALMIC
78968,GABAPENTIN
78968,LIDOCAINE TOPICAL
78968,LOVASTATIN
78968,METFORMIN
78968,PREDNISOLONE
78969,
78970,ELETRIPTAN
78971,
78972,
78973,ETHINYL ESTRADIOL; NORETHINDRONE
78974,AMLODIPINE
78974,DOXAZOSIN
78974,HYDROCHLOROTHIAZIDE; LISINOPRIL
78974,INSULIN ASPART
78974,INSULIN GLARGINE
78974,PROPRANOLOL
78975,
78976,
78977,
78978,ATENOLOL
78978,ATORVASTATIN
78978,FENOFIBRATE
78978,LEVOTHYROXINE
78979,
78980,CLOPIDOGREL
78980,HYDROCHLOROTHIAZIDE
78980,INSULIN GLARGINE
78980,LISINOPRIL
78980,METFORMIN
78980,METOPROLOL
78980,SIMVASTATIN
78981,ESOMEPRAZOLE
78981,HYDROCHLOROTHIAZIDE; VALSARTAN
78981,SIMVASTATIN
78982,
78983,CELECOXIB
78984,
78985,OSELTAMIVIR
78986,
78987,
78988,
78989,FEXOFENADINE
78989,HYDROCHLOROTHIAZIDE; LOSARTAN
78989,INSULIN ASPART
78990,ALBUTEROL
78990,DONEPEZIL
78990,FLUTICASONE; SALMETEROL
78990,ISOSORBIDE
78990,SIMVASTATIN
78990,TIOTROPIUM
78991,ATORVASTATIN
78992,
78993,
78994,AMLODIPINE
78994,ATORVASTATIN
78994,HYDROCHLOROTHIAZIDE
78994,LAMOTRIGINE
78994,TOPIRAMATE
78995,
78996,LORATADINE
78997,CARISOPRODOL
78997,LOSARTAN
78997,METFORMIN
78997,METOPROLOL
78997,MIRTAZAPINE
78997,NIFEDIPINE
78997,PHENYTOIN
78997,PRAVASTATIN
78998,AMPHETAMINE
78999,
79000,IBUPROFEN
79001,ATORVASTATIN
79001,BUSPIRONE
79001,CITALOPRAM
79001,DIVALPROEX SODIUM
79001,HALOPERIDOL
79001,LITHIUM
79001,METFORMIN
79002,AMLODIPINE
79002,AMPHETAMINE; DEXTROAMPHETAMINE
79002,LISINOPRIL
79002,METOPROLOL
79003,
79004,
79005,
79006,ENALAPRIL
79006,ESTRADIOL
79006,FUROSEMIDE
79006,NEBIVOLOL
79006,OXYCODONE
79006,PITAVASTATIN
79006,RANITIDINE
79006,TEMAZEPAM
79007,AMLODIPINE
79008,DESLORATADINE
79009,
79010,
79011,AMLODIPINE
79011,ATORVASTATIN
79011,ESOMEPRAZOLE
79011,METFORMIN
79011,METOPROLOL
79011,NAPROXEN
79012,
79013,GLYBURIDE
79013,LISINOPRIL
79013,METFORMIN
79013,METHADONE
79014,ACETAMINOPHEN; HYDROCODONE
79014,CARBAMAZEPINE
79014,CLONAZEPAM
79014,FENOFIBRIC ACID
79014,ROSUVASTATIN
79014,TIZANIDINE
79015,GLIPIZIDE
79015,IBUPROFEN
79015,LISINOPRIL
79015,METFORMIN
79015,SIMVASTATIN
79015,TERAZOSIN
79016,ESOMEPRAZOLE
79016,GLYBURIDE
79016,INSULIN GLARGINE
79016,LISINOPRIL
79016,MONTELUKAST
79016,PIOGLITAZONE
79017,
79018,ACETAMINOPHEN; HYDROCODONE
79018,ACETAMINOPHEN; OXYCODONE
79018,AMOXICILLIN; CLAVULANATE
79018,SILVER SULFADIAZINE TOPICAL
79019,CLONIDINE
79019,HYDROCHLOROTHIAZIDE
79020,RANITIDINE
79021,
79022,
79023,
79024,
79025,ALBUTEROL
79025,ALPRAZOLAM
79025,BUPROPION
79025,DOMPERIDONE
79025,HYDROCHLOROTHIAZIDE
79025,LUBIPROSTONE
79025,OMEPRAZOLE
79025,POTASSIUM CHLORIDE
79025,SUMATRIPTAN
79025,VERAPAMIL
79026,
79027,ALBUTEROL
79027,ALBUTEROL
79027,BUDESONIDE
79027,CYANOCOBALAMIN
79028,
79029,
79030,
79031,FOSINOPRIL; HYDROCHLOROTHIAZIDE
79031,LEVOTHYROXINE
79032,
79033,
79034,AMLODIPINE
79034,BISOPROLOL
79035,
79036,
79037,BUSPIRONE
79037,RISPERIDONE
79037,TOPIRAMATE
79037,VENLAFAXINE
79038,FLUTICASONE NASAL
79038,FORMOTEROL; MOMETASONE
79039,ETHINYL ESTRADIOL; NORETHINDRONE
79039,METFORMIN
79040,LEVOTHYROXINE
79040,NORTRIPTYLINE
79040,PAROXETINE
79041,TAMOXIFEN
79042,HYDROCHLOROTHIAZIDE
79042,RAMIPRIL
79042,TRAVOPROST OPHTHALMIC
79043,
79044,
79045,
79046,
79047,
79048,ESOMEPRAZOLE
79048,FENOFIBRATE
79048,FINASTERIDE
79048,FLUTICASONE; SALMETEROL
79048,FUROSEMIDE
79048,GLYBURIDE
79048,INSULIN DETEMIR
79048,IRBESARTAN
79048,MONTELUKAST
79048,POTASSIUM CHLORIDE
79048,PREDNISOLONE OPHTHALMIC
79048,PREDNISONE
79048,ROSUVASTATIN
79048,SERTRALINE
79048,TAMSULOSIN
79048,TRAZODONE
79048,WARFARIN
79049,
79050,ATENOLOL
79050,DIFLUPREDNATE OPHTHALMIC
79050,DONEPEZIL
79050,EZETIMIBE; SIMVASTATIN
79050,FUROSEMIDE
79050,INSULIN DETEMIR
79050,RALOXIFENE
79050,VALSARTAN
79051,
79052,PREDNISOLONE
79053,
79054,
79055,
79056,
79057,
79058,
79059,
79060,LEVOTHYROXINE
79061,
79062,
79063,ATORVASTATIN
79063,GLYBURIDE
79063,HYDROCHLOROTHIAZIDE
79063,LOSARTAN
79063,METFORMIN
79063,OMEPRAZOLE
79064,AMLODIPINE
79064,ASPIRIN
79064,ATORVASTATIN
79064,METFORMIN
79064,METOPROLOL
79064,PANTOPRAZOLE
79064,PRASUGREL
79065,
79066,
79067,
79068,LEVOTHYROXINE
79069,
79070,KETOROLAC
79070,LEVALBUTEROL
79070,MOMETASONE
79070,PHENYTOIN
79070,SUMATRIPTAN
79071,BISOPROLOL
79071,DILTIAZEM
79071,DUTASTERIDE
79071,ESCITALOPRAM
79071,RIVAROXABAN
79071,SIMVASTATIN
79071,TIOTROPIUM
79071,TORSEMIDE
79072,AMLODIPINE; BENAZEPRIL
79072,HYDROCHLOROTHIAZIDE
79073,
79074,ALBUTEROL
79074,FEXOFENADINE
79075,
79076,
79077,LISINOPRIL
79077,SIMVASTATIN
79078,LEVOTHYROXINE
79078,LISINOPRIL
79078,METFORMIN
79078,PANTOPRAZOLE
79078,PRAVASTATIN
79079,
79080,LISINOPRIL
79080,LOVASTATIN
79080,OMEPRAZOLE
79081,
79082,
79083,
79084,CARISOPRODOL
79084,ENALAPRIL
79084,METFORMIN
79084,OMEPRAZOLE
79084,TRAMADOL
79085,AMOXICILLIN
79085,CHLORPHENIRAMINE; DEXTROMETHORPHAN; PSEUDOEPHEDRINE
79086,LEVOTHYROXINE
79086,OMEPRAZOLE
79086,PHENTERMINE
79087,
79088,CEFUROXIME
79088,LEVOTHYROXINE
79088,SPIRONOLACTONE
79089,AMLODIPINE
79090,ALBUTEROL
79091,
79092,
79093,
79094,
79095,NAPROXEN
79095,RISEDRONATE
79096,
79097,
79098,
79099,
79100,
79101,ACETAMINOPHEN; HYDROCODONE
79101,METOPROLOL
79101,PANTOPRAZOLE
79101,PHENOBARBITAL
79101,WARFARIN
79102,
79103,AMLODIPINE
79103,DABIGATRAN
79103,DICLOFENAC
79103,OMEPRAZOLE
79103,QUETIAPINE
79103,ROSUVASTATIN
79104,
79105,ALBUTEROL
79105,ALBUTEROL
79106,BISOPROLOL; HYDROCHLOROTHIAZIDE
79107,
79108,ALBUTEROL
79108,BECLOMETHASONE
79108,CEPHALEXIN
79108,IBUPROFEN
79109,
79110,ESCITALOPRAM
79111,
79112,
79113,DICLOFENAC
79113,HYDROCODONE
79113,METOPROLOL
79113,PRAVASTATIN
79114,
79115,
79116,
79117,
79118,
79119,CARVEDILOL
79119,INSULIN GLULISINE
79119,IPRATROPIUM NASAL
79120,ALBUTEROL
79120,ATOMOXETINE
79120,LORATADINE
79120,METHYLPHENIDATE
79120,METHYLPHENIDATE
79120,QUETIAPINE
79120,RISPERIDONE
79121,
79122,
79123,
79124,
79125,AMLODIPINE; OLMESARTAN
79126,
79127,
79128,AMLODIPINE; HYDROCHLOROTHIAZIDE; VALSARTAN
79129,
79130,LISINOPRIL
79131,
79132,
79133,
79134,ALBUTEROL
79134,AMLODIPINE
79134,AMMONIUM LACTATE TOPICAL
79134,ASPIRIN; DIPYRIDAMOLE
79134,ATORVASTATIN
79134,DOCUSATE
79134,FUROSEMIDE
79134,HYDROCHLOROTHIAZIDE
79134,INSULIN ASPART
79134,INSULIN GLARGINE
79134,LINAGLIPTIN
79134,NITROGLYCERIN
79134,OMEPRAZOLE
79134,TAMSULOSIN
79134,TERBINAFINE
79135,
79136,ASPIRIN
79136,ATORVASTATIN
79136,LISINOPRIL
79136,METFORMIN
79136,PIOGLITAZONE
79137,
79138,AMLODIPINE; BENAZEPRIL
79138,EXENATIDE
79138,GLIPIZIDE
79138,HYDROCHLOROTHIAZIDE
79138,INSULIN DETEMIR
79138,METFORMIN
79138,METOPROLOL
79138,RANITIDINE
79139,
79140,
79141,
79142,
79143,
79144,
79145,
79146,
79147,ALPRAZOLAM
79147,CHLORTHALIDONE
79148,
79149,
79150,
79151,CITALOPRAM
79151,CLONAZEPAM
79151,DICLOFENAC TOPICAL
79151,LAMOTRIGINE
79151,TRAZODONE
79152,AMLODIPINE
79152,ATORVASTATIN
79152,LOSARTAN
79153,
79154,HYDROCHLOROTHIAZIDE; LOSARTAN
79154,POTASSIUM CITRATE
79155,
79156,
79157,
79158,
79159,
79160,
79161,
79162,AMLODIPINE
79162,ATORVASTATIN
79162,HYDROCHLOROTHIAZIDE
79162,LOSARTAN
79162,METOPROLOL
79162,OMEPRAZOLE
79162,POTASSIUM CHLORIDE
79163,
79164,LOSARTAN
79165,
79166,
79167,
79168,
79169,ACETAMINOPHEN; OXYCODONE
79169,DIPHENHYDRAMINE
79170,
79171,ATENOLOL
79171,HYDROCHLOROTHIAZIDE
79172,
79173,HYDROCHLOROTHIAZIDE; LISINOPRIL
79173,OMEPRAZOLE
79174,
79175,
79176,AMOXICILLIN
79176,IBUPROFEN
79177,
79178,55555
79178,COLESEVELAM
79178,ICOSAPENT
79178,LEVOTHYROXINE
79178,LINAGLIPTIN; METFORMIN
79179,CHLORHEXIDINE TOPICAL
79179,LEVOTHYROXINE
79179,RANITIDINE
79179,SIMVASTATIN
79179,ZOLEDRONIC ACID
79180,AZATHIOPRINE
79180,ESOMEPRAZOLE
79180,HYDROCODONE
79180,IRBESARTAN
79180,LEVOTHYROXINE
79180,METHOTREXATE
79181,
79182,HYDROCODONE
79183,
79184,AMLODIPINE
79184,ATENOLOL
79184,TERAZOSIN
79185,ACETAMINOPHEN; HYDROCODONE
79185,AMOXICILLIN
79185,CEPHALEXIN
79185,DONEPEZIL
79185,HYDROXYZINE
79185,LISINOPRIL
79185,LOVASTATIN
79185,MEGESTROL
79185,MEMANTINE
79186,DIGOXIN
79186,DILTIAZEM
79186,FAMOTIDINE
79186,HYDROCHLOROTHIAZIDE; VALSARTAN
79186,LEVOTHYROXINE
79186,METFORMIN
79186,SIMVASTATIN
79187,ESZOPICLONE
79187,ETHINYL ESTRADIOL; NORETHINDRONE
79187,LUBIPROSTONE
79187,PRAMIPEXOLE
79187,PRIMIDONE
79187,SERTRALINE
79188,ESTRADIOL
79188,SOTALOL
79189,99999
79189,LISINOPRIL
79190,
79191,FLUTICASONE NASAL
79191,FLUTICASONE; SALMETEROL
79191,VENLAFAXINE
79192,
79193,FLUTICASONE; SALMETEROL
79193,MONTELUKAST
79194,AMOXICILLIN
79195,ATORVASTATIN
79195,CLONIDINE
79195,LISINOPRIL
79196,
79197,
79198,
79199,ALLOPURINOL
79199,CARVEDILOL
79199,FUROSEMIDE
79199,LISINOPRIL
79199,NITROGLYCERIN
79199,OMEPRAZOLE
79200,HYDROCHLOROTHIAZIDE
79200,LEVOTHYROXINE
79201,AMLODIPINE
79201,DOXYCYCLINE
79201,ESCITALOPRAM
79201,LEVOTHYROXINE
79202,CITALOPRAM
79202,ETHINYL ESTRADIOL; NORETHINDRONE
79203,
79204,
79205,
79206,ALLOPURINOL
79206,AMLODIPINE
79206,CALCIUM ACETATE
79206,INSULIN GLARGINE
79206,LEVOTHYROXINE
79206,LOSARTAN
79206,METOPROLOL
79206,OMEPRAZOLE
79206,ROSUVASTATIN
79207,
79208,DULOXETINE
79208,IBUPROFEN
79209,MONTELUKAST
79210,
79211,
79212,
79213,
79214,AMLODIPINE
79214,CARVEDILOL
79214,CINACALCET
79214,LINAGLIPTIN
79214,WARFARIN
79215,LABETALOL
79216,ALBUTEROL
79216,ALPRAZOLAM
79216,AMLODIPINE
79216,BACLOFEN
79216,CLOPIDOGREL
79216,FORMOTEROL; MOMETASONE
79216,ONDANSETRON
79216,SPIRONOLACTONE
79217,
79218,
79219,FLUOXETINE
79220,CLONAZEPAM
79220,FENTANYL
79220,FLUOXETINE
79220,FLUTICASONE NASAL
79221,
79222,
79223,ETHINYL ESTRADIOL; NORGESTIMATE
79224,
79225,AMLODIPINE
79225,ASPIRIN; DIPYRIDAMOLE
79225,HYDROCHLOROTHIAZIDE
79225,LISINOPRIL
79225,ROSUVASTATIN
79225,SERTRALINE
79225,ZOLPIDEM
79226,
79227,
79228,
79229,
79230,
79231,ALLOPURINOL
79231,ATORVASTATIN
79231,RANITIDINE
79232,
79233,
79234,
79235,LANSOPRAZOLE
79236,
79237,
79238,
79239,
79240,AMLODIPINE
79240,METFORMIN
79241,
79242,
79243,ALBUTEROL
79244,
79245,AMLODIPINE
79245,ENALAPRIL
79245,GLYBURIDE
79245,LANSOPRAZOLE
79245,METFORMIN
79245,METOPROLOL
79245,ROSUVASTATIN
79246,
79247,
79248,
79249,
79250,
79251,
79252,
79253,
79254,ESOMEPRAZOLE
79254,RANITIDINE
79255,
79256,
79257,
79258,ACETAMINOPHEN; HYDROCODONE
79258,ALBUTEROL
79258,BENAZEPRIL
79258,BUDESONIDE; FORMOTEROL
79258,CITALOPRAM
79258,ECONAZOLE TOPICAL
79258,EPINEPHRINE
79258,ESCITALOPRAM
79258,GABAPENTIN
79258,HYDROXYZINE
79258,LEVOTHYROXINE
79258,METFORMIN
79258,PREDNISONE
79258,PREGABALIN
79258,ROSUVASTATIN
79258,TIZANIDINE
79258,TRAMADOL
79259,
79260,
79261,
79262,
79263,99999
79263,ANTIHYPERTENSIVE AGENTS - UNSPECIFIED
79264,
79265,
79266,GLIPIZIDE
79266,LISINOPRIL
79266,METFORMIN
79266,METOPROLOL
79267,ALBUTEROL; IPRATROPIUM
79267,ALBUTEROL; IPRATROPIUM
79267,ATENOLOL
79267,BIMATOPROST OPHTHALMIC
79267,BRIMONIDINE; TIMOLOL OPHTHALMIC
79267,CEPHALEXIN
79267,DIAZEPAM
79267,FENOFIBRATE
79267,FINASTERIDE
79267,FLUOXETINE
79267,GLIPIZIDE
79267,HYDROMORPHONE
79267,INSULIN
79267,LIRAGLUTIDE
79267,LOSARTAN
79267,OMEPRAZOLE
79267,ROSUVASTATIN
79267,TIOTROPIUM
79267,VERAPAMIL
79267,WARFARIN
79268,
79269,
79270,ALBUTEROL; IPRATROPIUM
79270,CARVEDILOL
79270,CHLORPROPAMIDE
79270,DIFLUPREDNATE OPHTHALMIC
79270,FLUTICASONE; SALMETEROL
79270,FUROSEMIDE
79270,METFORMIN
79270,OMEPRAZOLE
79270,PEGINTERFERON ALFA-2A
79270,POTASSIUM CHLORIDE
79270,RIBAVIRIN
79270,ROSUVASTATIN
79270,VALSARTAN
79271,ATORVASTATIN
79272,
79273,
79274,LEVOTHYROXINE
79274,PHENTERMINE
79274,TOPIRAMATE
79275,ATORVASTATIN
79275,HYDROCHLOROTHIAZIDE; LISINOPRIL
79276,
79277,
79278,
79279,CYCLOBENZAPRINE
79279,HYDROCODONE
79279,TRAZODONE
79280,
79281,
79282,INSULIN ASPART
79282,INSULIN GLARGINE
79283,
79284,HYDROCODONE
79284,IBUPROFEN
79284,LAMOTRIGINE
79284,LEVOTHYROXINE
79284,SERTRALINE
79284,SIMVASTATIN
79284,TIZANIDINE
79285,PERMETHRIN TOPICAL
79286,AMLODIPINE
79286,ASPIRIN
79286,ATORVASTATIN
79286,BENAZEPRIL
79286,CLOPIDOGREL
79286,METOPROLOL
79286,SILODOSIN
79287,
79288,ATENOLOL; CHLORTHALIDONE
79288,CELECOXIB
79289,
79290,CETIRIZINE
79290,OMEPRAZOLE
79291,AMLODIPINE; BENAZEPRIL
79291,ATORVASTATIN
79291,DULOXETINE
79291,HYDROCHLOROTHIAZIDE
79291,INSULIN DETEMIR
79291,LIRAGLUTIDE
79291,NADOLOL
79292,ALBUTEROL
79292,ALBUTEROL
79292,FLUTICASONE; SALMETEROL
79292,LISINOPRIL
79293,
79294,
79295,
79296,
79297,RANITIDINE
79298,ATORVASTATIN
79299,
79300,CITALOPRAM
79300,LISINOPRIL
79300,LOVASTATIN
79301,
79302,ALBUTEROL
79303,
79304,AMPHETAMINE
79304,DULOXETINE
79305,FLUTICASONE NASAL
79305,HYDROCHLOROTHIAZIDE; LOSARTAN
79306,
79307,
79308,ALBUTEROL
79309,ETHINYL ESTRADIOL; NORELGESTROMIN
79309,HYOSCYAMINE
79309,LISINOPRIL
79309,MOMETASONE NASAL
79310,ALLOPURINOL
79310,AMLODIPINE
79310,ATORVASTATIN
79310,CITALOPRAM
79310,CLOPIDOGREL
79310,CYCLOBENZAPRINE
79310,ISOSORBIDE MONONITRATE
79310,TAMSULOSIN
79311,
79312,
79313,
79314,ATORVASTATIN
79314,GABAPENTIN
79314,LAMOTRIGINE
79315,
79316,
79317,
79318,ENALAPRIL
79319,GABAPENTIN
79319,HYDROCHLOROTHIAZIDE
79319,LISINOPRIL
79319,METFORMIN
79320,
79321,
79322,ALBUTEROL
79322,ALBUTEROL; IPRATROPIUM
79322,FUROSEMIDE
79322,GABAPENTIN
79322,LANSOPRAZOLE
79322,ROSUVASTATIN
79322,SPIRONOLACTONE
79322,TERAZOSIN
79322,TIOTROPIUM
79322,TRAMADOL
79322,WARFARIN
79323,LISINOPRIL
79323,POTASSIUM CHLORIDE
79323,SIMVASTATIN
79324,
79325,AMLODIPINE
79325,HYDROCHLOROTHIAZIDE
79325,LEVOTHYROXINE
79325,LISINOPRIL
79326,
79327,
79328,ATORVASTATIN
79328,CYANOCOBALAMIN
79328,FENOFIBRATE
79328,FUROSEMIDE
79328,LEVOTHYROXINE
79328,NEBIVOLOL
79328,OMEPRAZOLE
79328,TRAZODONE
79328,VERAPAMIL
79329,
79330,
79331,ALBUTEROL
79331,ETHAMBUTOL
79332,
79333,BISOPROLOL
79333,CITALOPRAM
79333,OLMESARTAN
79334,
79335,CEPHALEXIN
79335,TRAMADOL
79336,DEXMETHYLPHENIDATE
79337,AMLODIPINE
79338,
79339,ATENOLOL
79339,COLCHICINE
79339,DOCUSATE
79339,LISINOPRIL
79339,METFORMIN
79339,PAROXETINE
79339,PRAVASTATIN
79339,RANITIDINE
79340,AMOXICILLIN
79340,INSULIN GLULISINE
79341,
79342,OXYCODONE
79343,LISDEXAMFETAMINE
79344,FLUTICASONE; SALMETEROL
79345,
79346,BACLOFEN
79346,CITALOPRAM
79346,DICLOFENAC
79346,RANITIDINE
79347,
79348,AMOXICILLIN
79348,ARIPIPRAZOLE
79349,
79350,
79351,
79352,
79353,DIVALPROEX SODIUM
79353,OXCARBAZEPINE
79353,RISPERIDONE
79354,
79355,
79356,
79357,HYDROCODONE
79358,
79359,AMLODIPINE; BENAZEPRIL
79360,LOTEPREDNOL OPHTHALMIC
79361,
79362,DIAZEPAM
79363,
79364,
79365,FINASTERIDE
79366,
79367,
79368,
79369,
79370,
79371,HYDROCHLOROTHIAZIDE; LISINOPRIL
79372,
79373,ATOMOXETINE
79373,COLESEVELAM
79373,ESCITALOPRAM
79373,ROSUVASTATIN
79373,ZOLPIDEM
79374,
79375,ACETAMINOPHEN; HYDROCODONE
79375,ESTRADIOL
79375,TRAMADOL
79376,ALLOPURINOL
79376,LISINOPRIL
79376,SIMVASTATIN
79377,AMLODIPINE
79377,DILTIAZEM
79377,GLIMEPIRIDE
79377,LEVOTHYROXINE
79377,LISINOPRIL
79377,OMEPRAZOLE
79377,TESTOSTERONE
79378,HYDROCODONE
79379,
79380,99999
79381,
79382,
79383,
79384,
79385,
79386,ACETAMINOPHEN; OXYCODONE
79386,AMANTADINE
79386,AMPHETAMINE
79386,BENZTROPINE
79386,CHLORPROMAZINE
79386,HYDROXYZINE
79386,LISINOPRIL
79386,LORAZEPAM
79386,OLANZAPINE
79386,QUETIAPINE
79386,SIMVASTATIN
79386,TAMSULOSIN
79387,
79388,AMLODIPINE
79389,
79390,
79391,CICLESONIDE NASAL
79391,DICLOFENAC
79391,ETHINYL ESTRADIOL; LEVONORGESTREL
79391,LEVOCETIRIZINE
79392,METHYLPHENIDATE
79393,
79394,
79395,PROPRANOLOL
79396,
79397,
79398,
79399,
79400,
79401,
79402,ARIPIPRAZOLE
79402,GUANFACINE
79402,RANITIDINE
79403,
79404,
79405,NATALIZUMAB
79406,ALBUTEROL
79406,ALPRAZOLAM
79406,ATORVASTATIN
79406,BENAZEPRIL
79406,ESOMEPRAZOLE
79406,GABAPENTIN
79406,HYDROCHLOROTHIAZIDE
79406,IBUPROFEN
79406,METOPROLOL
79406,RISEDRONATE
79407,
79408,ATORVASTATIN
79409,ETHINYL ESTRADIOL; NORGESTIMATE
79410,
79411,GABAPENTIN
79411,GLYBURIDE; METFORMIN
79411,INSULIN GLARGINE
79411,LISINOPRIL
79411,LORAZEPAM
79411,PHENYTOIN
79411,SITAGLIPTIN
79411,WARFARIN
79412,
79413,
79414,
79415,VALSARTAN
79416,ATORVASTATIN
79416,EZETIMIBE
79417,AMLODIPINE; BENAZEPRIL
79417,ATORVASTATIN
79417,BRIMONIDINE; TIMOLOL OPHTHALMIC
79417,DORZOLAMIDE OPHTHALMIC
79417,DUTASTERIDE
79417,TAMSULOSIN
79418,
79419,AMLODIPINE
79419,ESOMEPRAZOLE
79419,EZETIMIBE
79419,METFORMIN
79419,METOPROLOL
79419,PAROXETINE
79419,PENTOSAN POLYSULFATE SODIUM
79419,RAMIPRIL
79419,ROSUVASTATIN
79419,SOTALOL
79419,WARFARIN
79420,
79421,ESCITALOPRAM
79422,
79423,
79424,
79425,ENTECAVIR
79426,
79427,
79428,
79429,
79430,
79431,
79432,ALLOPURINOL
79432,AMLODIPINE
79432,ATORVASTATIN
79432,GLIPIZIDE
79432,LOSARTAN
79432,METOPROLOL
79432,TERAZOSIN
79433,AMOXICILLIN
79434,
79435,
79436,
79437,AMLODIPINE
79437,CLOPIDOGREL
79437,DEXLANSOPRAZOLE
79437,FOSINOPRIL
79437,GABAPENTIN
79437,INSULIN GLARGINE
79437,PRAVASTATIN
79438,LEVOTHYROXINE
79439,
79440,ACETAMINOPHEN; HYDROCODONE
79440,ADALIMUMAB
79440,HYDROCHLOROTHIAZIDE; OLMESARTAN
79440,MELOXICAM
79440,PREDNISONE
79441,CLOPIDOGREL
79441,METOPROLOL
79441,NIFEDIPINE
79442,CITALOPRAM
79443,AMLODIPINE
79443,HYDROCHLOROTHIAZIDE
79443,LISINOPRIL
79444,
79445,ALBUTEROL
79445,FORMOTEROL; MOMETASONE
79445,MONTELUKAST
79446,
79447,ALBUTEROL
79447,FEXOFENADINE
79447,MONTELUKAST
79448,RANITIDINE
79449,
79450,
79451,AMLODIPINE; BENAZEPRIL
79451,ATENOLOL
79451,HYDROCHLOROTHIAZIDE
79451,LEVOTHYROXINE
79452,METFORMIN; SITAGLIPTIN
79452,OLMESARTAN
79453,CAMPHOR TOPICAL
79453,CYCLOBENZAPRINE
79453,GABAPENTIN
79453,HYDROCODONE
79453,HYDROXYZINE
79453,LOPERAMIDE
79453,METHOCARBAMOL
79453,NAPROXEN
79453,OMEPRAZOLE
79453,PANTOPRAZOLE
79453,SERTRALINE
79453,SIMVASTATIN
79453,SODIUM CHLORIDE
79453,TRAMADOL
79453,TRAZODONE
79454,PROPRANOLOL
79454,SUMATRIPTAN
79455,
79456,
79457,ATORVASTATIN
79457,LORAZEPAM
79457,METFORMIN
79458,
79459,
79460,
79461,CIPROFLOXACIN
79461,MEMANTINE
79461,TRAZODONE
79462,
79463,
79464,
79465,
79466,
79467,
79468,
79469,
79470,
79471,OMEPRAZOLE
79471,TAZAROTENE TOPICAL
79472,
79473,
79474,LISINOPRIL
79475,
79476,DILTIAZEM
79476,HYDROCHLOROTHIAZIDE
79477,IBUPROFEN
79477,LISINOPRIL
79478,
79479,ETHINYL ESTRADIOL; NORGESTIMATE
79480,
79481,AMLODIPINE
79481,SIMVASTATIN
79482,
79483,
79484,ATORVASTATIN
79484,LISINOPRIL
79484,METFORMIN
79484,SIMVASTATIN
79484,ZOLPIDEM
79485,
79486,CLOBETASOL TOPICAL
79487,ALBUTEROL
79487,BUDESONIDE; FORMOTEROL
79487,THYROID DESICCATED
79488,
79489,
79490,DILTIAZEM
79490,ETANERCEPT
79490,LOSARTAN
79490,METHOTREXATE
79491,
79492,
79493,
79494,
79495,
79496,
79497,
79498,
79499,ALPRAZOLAM
79499,ATORVASTATIN
79499,CITALOPRAM
79499,CLOPIDOGREL
79499,METOPROLOL
79499,NITROGLYCERIN
79499,NORTRIPTYLINE
79499,PANTOPRAZOLE
79500,
79501,LEVOTHYROXINE
79502,
79503,ALENDRONATE
79503,GLIMEPIRIDE
79503,LOSARTAN
79503,METFORMIN
79503,NADOLOL
79503,SAXAGLIPTIN
79504,
79505,INSULIN LISPRO
79506,
79507,
79508,
79509,
79510,
79511,
79512,
79513,
79514,
79515,HYDROCHLOROTHIAZIDE; LOSARTAN
79516,
79517,
79518,
79519,METHYLPHENIDATE
79520,
79521,AMLODIPINE
79521,FENOFIBRATE
79521,POTASSIUM CITRATE
79521,RAMIPRIL
79522,
79523,DULOXETINE
79523,HYDROXYCHLOROQUINE
79523,LEVOCETIRIZINE
79523,SPIRONOLACTONE
79523,SULINDAC
79523,ZOLPIDEM
79524,
79525,AMLODIPINE
79525,GLIPIZIDE
79525,HYDROCHLOROTHIAZIDE
79525,METFORMIN
79525,METOPROLOL
79525,PRAVASTATIN
79525,QUINAPRIL
79526,
79527,
79528,ALBUTEROL
79529,
79530,
79531,FLUTICASONE; SALMETEROL
79531,LEVALBUTEROL
79532,
79533,LOSARTAN
79533,PRAVASTATIN
79534,
79535,
79536,
79537,INSULIN ASPART
79537,INSULIN GLARGINE
79538,
79539,
79540,
79541,ATORVASTATIN
79541,CITALOPRAM
79541,GABAPENTIN
79541,LOSARTAN
79542,
79543,
79544,LEVOTHYROXINE
79544,METFORMIN
79544,PANTOPRAZOLE
79544,SIMVASTATIN
79545,
79546,GABAPENTIN
79546,HYDROCHLOROTHIAZIDE; LOSARTAN
79546,LIDOCAINE TOPICAL
79546,METOPROLOL
79546,METOPROLOL
79546,OXYCODONE
79546,OXYCODONE
79546,PANTOPRAZOLE
79546,SIMVASTATIN
79547,
79548,ESTRADIOL
79548,LEVOTHYROXINE
79548,LORAZEPAM
79549,LEVOTHYROXINE
79550,
79551,
79552,
79553,INSULIN GLARGINE
79553,LISINOPRIL
79553,METFORMIN
79553,ROSUVASTATIN
79554,LEVALBUTEROL
79555,ALBUTEROL
79555,PREDNISONE
79556,
79557,CARVEDILOL
79557,LISINOPRIL
79557,METFORMIN
79558,
79559,
79560,
79561,
79562,
79563,HYDROCODONE; IBUPROFEN
79564,
79565,
79566,
79567,GLIPIZIDE
79567,HYDROCHLOROTHIAZIDE; LOSARTAN
79567,METFORMIN; SITAGLIPTIN
79567,SIMVASTATIN
79568,99999
79569,
79570,
79571,
79572,
79573,
79574,
79575,OXYCODONE
79576,FLUTICASONE NASAL
79576,LISINOPRIL
79577,AMITRIPTYLINE
79577,HYDROCHLOROTHIAZIDE; TRIAMTERENE
79577,PRAVASTATIN
79577,VERAPAMIL
79578,
79579,AMLODIPINE
79579,OMEPRAZOLE
79580,
79581,
79582,
79583,
79584,
79585,
79586,HYDROCHLOROTHIAZIDE
79586,NAPROXEN
79586,SERTRALINE
79586,TRAZODONE
79587,
79588,
79589,
79590,
79591,
79592,
79593,BUPROPION
79593,FLUPHENAZINE
79593,OMEPRAZOLE
79594,AMLODIPINE
79594,DICLOFENAC
79594,LEVOTHYROXINE
79594,LISINOPRIL
79594,METFORMIN
79594,METOPROLOL
79594,OMEPRAZOLE
79594,TRAZODONE
79595,MONTELUKAST
79596,
79597,ACETAMINOPHEN; HYDROCODONE
79597,GLIPIZIDE
79597,METFORMIN
79597,PAROXETINE
79597,SIMVASTATIN
79597,TIZANIDINE
79597,TRANDOLAPRIL
79598,
79599,ATORVASTATIN
79599,CETIRIZINE
79599,LEVOTHYROXINE
79600,ALBUTEROL
79600,AMOXICILLIN
79601,
79602,ACETAMINOPHEN; HYDROCODONE
79602,NORTRIPTYLINE
79603,
79604,
79605,
79606,
79607,
79608,MELOXICAM
79609,
79610,ALBUTEROL
79610,CELECOXIB
79610,FLUOXETINE
79610,FLUTICASONE NASAL
79610,GABAPENTIN
79610,HYDROCHLOROTHIAZIDE; LISINOPRIL
79610,HYOSCYAMINE
79610,MONTELUKAST
79610,OMEPRAZOLE
79610,PRAMIPEXOLE
79611,
79612,
79613,ATORVASTATIN
79613,CLONIDINE
79613,CLOPIDOGREL
79613,FUROSEMIDE
79613,METOPROLOL
79613,MINOXIDIL
79613,NIFEDIPINE
79613,POTASSIUM CHLORIDE
79613,TERAZOSIN
79614,
79615,
79616,AMOXICILLIN
79617,CLONIDINE
79618,FEXOFENADINE
79619,
79620,
79621,ACARBOSE
79621,AMLODIPINE
79621,ATORVASTATIN
79621,DOXAZOSIN
79621,GLYBURIDE
79621,INSULIN GLARGINE
79621,LISINOPRIL
79621,METOPROLOL
79621,PIOGLITAZONE
79622,
79623,ALENDRONATE
79623,ATORVASTATIN
79623,TRAZODONE
79624,
79625,CETIRIZINE
79625,NAPROXEN
79626,FLUTICASONE NASAL
79627,ALPRAZOLAM
79627,LISINOPRIL
79628,
79629,BRIMONIDINE OPHTHALMIC
79629,DORZOLAMIDE; TIMOLOL OPHTHALMIC
79629,FINASTERIDE
79629,LATANOPROST OPHTHALMIC
79629,TERAZOSIN
79630,
79631,
79632,ALENDRONATE
79632,AMLODIPINE
79632,ATORVASTATIN
79632,CILOSTAZOL
79632,DICLOFENAC
79632,FUROSEMIDE
79632,GABAPENTIN
79632,IRBESARTAN
79632,LANSOPRAZOLE
79632,METFORMIN
79632,METOPROLOL
79633,
79634,LISINOPRIL
79634,METFORMIN
79635,RANITIDINE
79636,
79637,ATORVASTATIN
79637,DUTASTERIDE
79637,FLUTICASONE; SALMETEROL
79637,TAMSULOSIN
79638,
79639,ACETAMINOPHEN; HYDROCODONE
79639,LEVOTHYROXINE
79639,OMEPRAZOLE
79639,ZOLPIDEM
79640,
79641,LISINOPRIL
79642,
79643,
79644,
79645,NORETHINDRONE
79646,
79647,
79648,ALBUTEROL
79648,ALLOPURINOL
79648,ATORVASTATIN
79648,CARVEDILOL
79648,CLOPIDOGREL
79648,CYCLOBENZAPRINE
79648,FESOTERODINE
79648,HYDROCHLOROTHIAZIDE
79648,METFORMIN
79648,MOMETASONE NASAL
79648,NEBIVOLOL
79648,NITROGLYCERIN
79648,TAMSULOSIN
79649,
79650,ALLOPURINOL
79650,ATENOLOL
79650,BUPROPION
79650,CLONAZEPAM
79650,FAMOTIDINE
79650,FENOFIBRIC ACID
79651,
79652,
79653,
79654,
79655,CETIRIZINE
79656,AMLODIPINE
79656,RANITIDINE
79657,
79658,AMLODIPINE
79658,ATORVASTATIN
79658,HYDROCHLOROTHIAZIDE
79658,METOPROLOL
79659,DROSPIRENONE; ETHINYL ESTRADIOL
79660,OMEPRAZOLE
79661,
79662,
79663,
79664,
79665,FEXOFENADINE
79665,FLUOXETINE
79665,LEVOTHYROXINE
79665,PANTOPRAZOLE
79666,
79667,AMOXICILLIN
79668,HYDROCHLOROTHIAZIDE
79669,
79670,
79671,
79672,ATENOLOL
79672,LANSOPRAZOLE
79672,ROSUVASTATIN
79673,
79674,
79675,
79676,
79677,AMLODIPINE
79677,METOPROLOL
79677,OMEPRAZOLE
79677,PRAVASTATIN
79677,QUINAPRIL
79678,
79679,
79680,
79681,
79682,
79683,ATORVASTATIN
79683,GABAPENTIN
79683,INSULIN GLARGINE
79683,METFORMIN
79683,PIOGLITAZONE
79683,QUINAPRIL
79684,
79685,AMLODIPINE
79686,
79687,
79688,ATENOLOL
79688,ATORVASTATIN
79688,DICLOFENAC
79688,FLUOXETINE
79688,GALANTAMINE
79688,MEMANTINE
79688,OMEPRAZOLE
79688,TOLTERODINE
79689,
79690,ATORVASTATIN
79690,ESOMEPRAZOLE
79690,EZETIMIBE
79690,HYDROCHLOROTHIAZIDE; LISINOPRIL
79690,LEVOTHYROXINE
79691,MESALAMINE
79692,BECLOMETHASONE
79693,ATORVASTATIN
79693,GLIPIZIDE
79693,LISINOPRIL
79693,PIOGLITAZONE
79694,
79695,
79696,
79697,
79698,DIAZEPAM
79699,
79700,
79701,
79702,
79703,
79704,
79705,ALFUZOSIN
79705,DORZOLAMIDE; TIMOLOL OPHTHALMIC
79705,SIMVASTATIN
79706,
79707,ETHINYL ESTRADIOL; NORETHINDRONE
79707,FLUTICASONE NASAL
79707,MONTELUKAST
79707,SERTRALINE
79708,FLUTICASONE NASAL
79708,LORATADINE
79709,ALLOPURINOL
79709,TAMSULOSIN
79710,
79711,
79712,BUDESONIDE; FORMOTEROL
79712,TRAZODONE
79712,VENLAFAXINE
79713,
79714,CHLORTHALIDONE
79714,LISINOPRIL
79714,METFORMIN
79715,ACETAMINOPHEN; HYDROCODONE
79715,INDOMETHACIN
79716,
79717,CIMETIDINE
79718,MOMETASONE
79718,MONTELUKAST
79719,DROSPIRENONE; ETHINYL ESTRADIOL
79719,PROPRANOLOL
79719,SUMATRIPTAN
79720,
79721,RIZATRIPTAN
79722,
79723,
79724,
79725,
79726,ALBUTEROL
79727,
79728,
79729,AMLODIPINE; BENAZEPRIL
79729,BISOPROLOL; HYDROCHLOROTHIAZIDE
79729,DABIGATRAN
79729,SOTALOL
79730,
79731,
79732,AMOXICILLIN
79733,
79734,BUPROPION
79734,ESCITALOPRAM
79734,FAMOTIDINE
79734,LEVOTHYROXINE
79735,
79736,
79737,
79738,
79739,
79740,AMLODIPINE
79740,ASPIRIN; DIPYRIDAMOLE
79740,BRIMONIDINE OPHTHALMIC
79740,CLONIDINE
79740,FAMOTIDINE
79740,GLIPIZIDE
79740,LISINOPRIL
79740,PIOGLITAZONE
79740,ROSUVASTATIN
79740,SITAGLIPTIN
79741,
79742,ACETAMINOPHEN; HYDROCODONE
79742,ALBUTEROL
79742,BETAMETHASONE TOPICAL
79742,IBUPROFEN
79742,TRIAMCINOLONE TOPICAL
79743,
79744,GLIPIZIDE
79744,HYDROCHLOROTHIAZIDE
79744,LISINOPRIL
79744,METFORMIN
79744,SIMVASTATIN
79745,
79746,
79747,ALBUTEROL
79748,
79749,
79750,LEVOTHYROXINE
79750,OXYBUTYNIN
79750,SERTRALINE
79750,SIMVASTATIN
79751,BETAMETHASONE; CLOTRIMAZOLE TOPICAL
79751,FLUTICASONE NASAL
79751,LISINOPRIL
79751,OMEPRAZOLE
79752,
79753,
79754,
79755,
79756,
79757,ESCITALOPRAM
79758,
79759,ALBUTEROL
79759,MONTELUKAST
79760,
79761,IBUPROFEN
79761,PENICILLIN V POTASSIUM
79762,ASPIRIN
79762,ATORVASTATIN
79762,CARVEDILOL
79762,LISINOPRIL
79763,
79764,ALENDRONATE
79764,ETODOLAC
79764,FUROSEMIDE
79764,LOSARTAN
79764,NYSTATIN TOPICAL
79764,PANTOPRAZOLE
79764,SUCRALFATE
79765,
79766,
79767,
79768,METFORMIN
79769,
79770,
79771,
79772,
79773,ESTROGENS - UNSPECIFIED
79773,LITHIUM
79773,PANTOPRAZOLE
79773,SERTRALINE
79773,ZIPRASIDONE
79774,HYDROCHLOROTHIAZIDE; LOSARTAN
79774,METFORMIN
79774,METOPROLOL
79775,
79776,ATORVASTATIN
79776,INSULIN GLARGINE
79776,METFORMIN
79776,NAPROXEN
79776,OMEPRAZOLE
79777,
79778,ACETAMINOPHEN; HYDROCODONE
79778,ALBUTEROL
79778,ALBUTEROL
79778,DESVENLAFAXINE
79779,
79780,METHYLPHENIDATE
79781,
79782,DIAZEPAM
79782,DICYCLOMINE
79782,HYDROCODONE; IBUPROFEN
79782,PREGABALIN
79783,
79784,
79785,
79786,
79787,
79788,
79789,
79790,
79791,ATOMOXETINE
79791,CLONIDINE
79791,CYPROHEPTADINE
79791,RISPERIDONE
79792,
79793,
79794,
79795,ETANERCEPT
79795,LOSARTAN
79795,PANTOPRAZOLE
79795,SIMVASTATIN
79796,
79797,
79798,
79799,
79800,ACETAMINOPHEN; HYDROCODONE
79800,ALPRAZOLAM
79800,ATORVASTATIN
79800,GLYBURIDE
79800,LISINOPRIL
79800,METFORMIN
79800,SERTRALINE
79800,THEOPHYLLINE
79801,
79802,
79803,
79804,
79805,LEVOTHYROXINE
79805,MODAFINIL
79806,
79807,AMOXICILLIN
79808,
79809,
79810,
79811,
79812,AMLODIPINE
79812,ATORVASTATIN
79812,CLOPIDOGREL
79812,ESOMEPRAZOLE
79812,FUROSEMIDE
79812,GLIPIZIDE
79812,INSULIN ASPART
79812,INSULIN GLARGINE
79812,LISINOPRIL
79812,METFORMIN
79812,METOPROLOL
79812,NITROGLYCERIN
79813,ESCITALOPRAM
79813,METFORMIN
79813,PROMETHAZINE
79814,AMIODARONE
79814,AMLODIPINE
79814,METOPROLOL
79814,OMEPRAZOLE
79814,POTASSIUM CHLORIDE
79814,PRAVASTATIN
79814,WARFARIN
79815,HYDROCHLOROTHIAZIDE
79815,LISINOPRIL
79816,FLUTICASONE NASAL
79816,LOVASTATIN
79817,
79818,
79819,ESOMEPRAZOLE
79819,LEVOTHYROXINE
79819,QUETIAPINE
79820,
79821,OMEPRAZOLE
79822,IBUPROFEN
79823,
79824,ALBUTEROL
79824,ESOMEPRAZOLE
79825,AMLODIPINE
79825,HYDROCHLOROTHIAZIDE
79825,METOPROLOL
79826,
79827,
79828,
79829,
79830,
79831,
79832,ACETAMINOPHEN; HYDROCODONE
79832,ALPRAZOLAM
79832,EMTRICITABINE; RILPIVIRINE; TENOFOVIR
79833,MESALAMINE
79833,METFORMIN
79834,GLIPIZIDE
79834,LISINOPRIL
79834,METFORMIN
79835,
79836,
79837,
79838,DIVALPROEX SODIUM
79838,GABAPENTIN
79838,HYDROCHLOROTHIAZIDE
79838,LISINOPRIL
79838,METOPROLOL
79838,OMEPRAZOLE
79838,PRAZOSIN
79838,ROPINIROLE
79838,ZIPRASIDONE
79839,
79840,BETAXOLOL OPHTHALMIC
79840,FLUNISOLIDE NASAL
79840,ISOSORBIDE MONONITRATE
79840,LISINOPRIL
79840,LOVASTATIN
79840,METOPROLOL
79840,OMEPRAZOLE
79840,RIVAROXABAN
79840,SERTRALINE
79841,TAMSULOSIN
79842,
79843,ETHINYL ESTRADIOL; LEVONORGESTREL
79844,
79845,
79846,
79847,CLOBETASOL TOPICAL
79847,ETHINYL ESTRADIOL; NORGESTIMATE
79847,FENOFIBRATE
79847,HOMATROPINE; HYDROCODONE
79848,
79849,CELECOXIB
79849,DICLOFENAC
79849,ESOMEPRAZOLE
79849,GABAPENTIN
79849,HYDROCODONE
79849,LEVOTHYROXINE
79849,LOVASTATIN
79850,TOPIRAMATE
79851,
79852,
79853,
79854,ACETAMINOPHEN; HYDROCODONE
79854,IBUPROFEN
79854,LORATADINE
79854,SIMVASTATIN; SITAGLIPTIN
79854,TOLTERODINE
79855,
79856,ALBUTEROL
79856,BECLOMETHASONE
79856,FLUTICASONE NASAL
79857,CITALOPRAM
79857,LISINOPRIL
79857,METFORMIN
79858,
79859,ANTI-INFECTIVES - UNSPECIFIED
79859,HYDROCORTISONE TOPICAL
79860,
79861,
79862,
79863,
79864,DICYCLOMINE
79864,HYDROXYZINE
79864,NABUMETONE
79864,PIMECROLIMUS TOPICAL
79864,RANITIDINE
79865,
79866,
79867,
79868,AMOXICILLIN
79869,
79870,
79871,ATORVASTATIN
79871,DULOXETINE
79871,HYDROCHLOROTHIAZIDE; OLMESARTAN
79871,PREGABALIN
79872,
79873,LORATADINE; PSEUDOEPHEDRINE
79874,
79875,GRISEOFULVIN
79876,
79877,
79878,ALBUTEROL
79878,DILTIAZEM
79878,EZETIMIBE
79878,FLUTICASONE; SALMETEROL
79878,WARFARIN
79879,
79880,AMOXICILLIN
79881,AMLODIPINE
79881,CLOPIDOGREL
79881,GABAPENTIN
79881,LISINOPRIL
79881,METOPROLOL
79881,POTASSIUM CHLORIDE
79881,SIMVASTATIN
79881,TRIAMTERENE
79882,AMPHETAMINE; DEXTROAMPHETAMINE
79883,
79884,ACETAMINOPHEN; BUTALBITAL; CAFFEINE
79884,ALPRAZOLAM
79884,CITALOPRAM
79884,MORPHINE
79884,PANTOPRAZOLE
79885,
79886,
79887,ATORVASTATIN
79887,ROSUVASTATIN
79887,SITAGLIPTIN
79888,
79889,ACETAMINOPHEN; HYDROCODONE
79889,LABETALOL
79889,LISINOPRIL
79889,METFORMIN
79889,SIMVASTATIN
79889,TOLTERODINE
79890,OMEPRAZOLE
79891,BACLOFEN
79891,TERAZOSIN
79892,ENALAPRIL
79893,
79894,ATORVASTATIN
79894,LISINOPRIL
79895,
79896,ASENAPINE
79896,CLONAZEPAM
79896,LITHIUM
79896,TOPIRAMATE
79897,AZELASTINE NASAL
79897,SIMVASTATIN
79898,
79899,
79900,ATORVASTATIN
79901,
79902,
79903,ALBUTEROL
79904,AMLODIPINE
79904,AMLODIPINE; OLMESARTAN
79904,DORZOLAMIDE; TIMOLOL OPHTHALMIC
79904,HYDROCHLOROTHIAZIDE
79904,METFORMIN
79904,POTASSIUM CHLORIDE
79904,PRAVASTATIN
79904,TRAVOPROST OPHTHALMIC
79905,
79906,HYDROCHLOROTHIAZIDE; LOSARTAN
79906,METFORMIN
79907,
79908,
79909,
79910,CETIRIZINE
79910,FLUTICASONE NASAL
79910,MONTELUKAST
79911,
79912,AMITRIPTYLINE
79912,SERTRALINE
79913,AMOXICILLIN
79914,
79915,ASPIRIN
79915,GABAPENTIN
79915,GLYBURIDE; METFORMIN
79915,INSULIN GLARGINE
79915,LISINOPRIL
79915,SIMVASTATIN
79916,AMLODIPINE
79916,CHLORTHALIDONE
79916,MELOXICAM
79916,MONTELUKAST
79916,NABUMETONE
79916,TRAMADOL
79917,AMLODIPINE
79917,BENAZEPRIL
79917,ESCITALOPRAM
79917,METFORMIN
79918,CARVEDILOL
79918,FORMOTEROL
79918,FUROSEMIDE
79918,HYDROCORTISONE
79918,LOSARTAN
79918,METOCLOPRAMIDE
79918,MOMETASONE
79918,NAPROXEN
79918,POTASSIUM CHLORIDE
79918,SIMVASTATIN
79918,TEMAZEPAM
79918,TIOTROPIUM
79919,
79920,AMLODIPINE
79921,FEXOFENADINE
79921,FLUTICASONE NASAL
79922,AMOXICILLIN
79922,TRIAMCINOLONE TOPICAL
79923,MINOCYCLINE
79924,
79925,
79926,ETHINYL ESTRADIOL; NORETHINDRONE
79927,
79928,AMLODIPINE
79928,PRAVASTATIN
79928,RALOXIFENE
79928,TRAZODONE
79929,ACETAMINOPHEN; HYDROCODONE
79929,AMLODIPINE
79929,LISINOPRIL
79929,METAXALONE
79929,METOPROLOL
79929,PANTOPRAZOLE
79929,RANITIDINE
79930,
79931,
79932,
79933,CAPTOPRIL
79933,GLYBURIDE; METFORMIN
79934,IBUPROFEN
79935,BUDESONIDE
79935,ESOMEPRAZOLE
79935,METRONIDAZOLE
79935,MONTELUKAST
79935,MULTIVITAMIN
79935,SULFAMETHOXAZOLE; TRIMETHOPRIM
79936,AMLODIPINE
79937,ALLOPURINOL
79937,FUROSEMIDE
79937,METOPROLOL
79937,POTASSIUM CHLORIDE
79937,SIMVASTATIN
79938,CLINDAMYCIN
79938,HYDROCODONE
79939,
79940,
79941,
79942,DILTIAZEM
79942,HYDROCHLOROTHIAZIDE
79942,LEVOTHYROXINE
79942,LISINOPRIL
79942,OMEPRAZOLE
79942,SIMVASTATIN
79943,
79944,BENZONATATE
79944,EXEMESTANE
79944,FUROSEMIDE
79944,LEVOTHYROXINE
79944,LISINOPRIL
79944,METOPROLOL
79944,POTASSIUM CHLORIDE
79944,TRAMADOL
79944,VENLAFAXINE
79945,
79946,
79947,
79948,
79949,ATORVASTATIN
79949,GLIMEPIRIDE
79949,LOSARTAN
79949,METFORMIN
79949,SAXAGLIPTIN
79950,
79951,CETIRIZINE
79951,FUROSEMIDE
79951,LEVOTHYROXINE
79951,METHYCLOTHIAZIDE
79951,METOCLOPRAMIDE
79951,METOPROLOL
79952,BENAZEPRIL
79953,
79954,ATORVASTATIN
79954,BETHANECHOL
79954,CLOPIDOGREL
79954,DEXLANSOPRAZOLE
79954,ISOSORBIDE MONONITRATE
79954,METOPROLOL
79954,ZOLPIDEM
79955,
79956,ALBUTEROL
79956,ATENOLOL
79956,ATORVASTATIN
79956,FORMOTEROL; MOMETASONE
79956,METFORMIN
79957,DIAZEPAM
79958,AFLIBERCEPT OPHTHALMIC
79958,BUPROPION
79958,CELECOXIB
79958,DENOSUMAB
79959,
79960,AMOXICILLIN
79961,
79962,CLONAZEPAM
79963,
79964,ALBUTEROL
79965,ALPRAZOLAM
79965,FLUOXETINE
79965,HYDROCODONE
79966,RANITIDINE
79967,ALBUTEROL
79967,ATORVASTATIN
79967,ATROPINE; DIPHENOXYLATE
79967,BECLOMETHASONE
79967,CYCLOSPORINE OPHTHALMIC
79967,GABAPENTIN
79967,GABAPENTIN
79967,INSULIN ASPART
79967,INSULIN GLARGINE
79967,LEVOTHYROXINE
79967,LOSARTAN
79967,METFORMIN; SAXAGLIPTIN
79967,MIRTAZAPINE
79967,TOPIRAMATE
79967,VENLAFAXINE
79968,
79969,CHLORTHALIDONE
79969,DILTIAZEM
79969,GLIMEPIRIDE
79969,LOSARTAN
79969,METFORMIN
79969,OMEPRAZOLE
79969,PRAVASTATIN
79969,SERTRALINE
79970,
79971,AMOXICILLIN
79972,
79973,ETHINYL ESTRADIOL; NORETHINDRONE
79974,
79975,FLUTICASONE NASAL
79976,
79977,METOPROLOL
79977,NIACIN
79977,PRAVASTATIN
79977,RAMIPRIL
79978,
79979,CARVEDILOL
79979,INSULIN ASPART
79979,PROMETHAZINE
79980,BECLOMETHASONE
79980,BUDESONIDE; FORMOTEROL
79980,FENOFIBRATE
79980,FUROSEMIDE
79980,GABAPENTIN
79980,GEMFIBROZIL
79980,LORATADINE
79980,MONTELUKAST
79980,OLMESARTAN
79980,OMEPRAZOLE
79980,TIOTROPIUM
79981,
79982,ACYCLOVIR
79982,OMEPRAZOLE
79983,
79984,AMOXICILLIN
79985,LOSARTAN
79985,PRAVASTATIN
79986,
79987,
79988,AMLODIPINE
79988,ATORVASTATIN
79988,HYDROCHLOROTHIAZIDE
79988,NORTRIPTYLINE
79988,OMEPRAZOLE
79989,
79990,
79991,
79992,
79993,
79994,
79995,ETHINYL ESTRADIOL; LEVONORGESTREL
79996,
79997,
79998,ACETAMINOPHEN; HYDROCODONE
79998,CARISOPRODOL
79999,
80000,
80001,
80002,AMLODIPINE
80003,
80004,
80005,
80006,
80007,ACETAMINOPHEN; HYDROCODONE
80007,BACLOFEN
80008,GLIMEPIRIDE
80008,HYDROCHLOROTHIAZIDE
80008,HYDROXYCHLOROQUINE
80008,LOSARTAN
80009,BUPROPION
80009,LEVOTHYROXINE
80009,THYROID DESICCATED
80010,
80011,
80012,
80013,ATENOLOL
80013,ATORVASTATIN
80013,BUPROPION
80013,FUROSEMIDE
80013,HYDROCODONE
80013,IBUPROFEN
80013,LISINOPRIL
80013,METFORMIN
80013,POTASSIUM CHLORIDE
80014,ACYCLOVIR
80014,ATORVASTATIN
80014,METHAZOLAMIDE
80014,TOLTERODINE
80014,WARFARIN
80015,
80016,
80017,
80018,
80019,
80020,
80021,METFORMIN
80022,
80023,LEVOTHYROXINE
80023,LOSARTAN
80024,AMLODIPINE
80024,BENAZEPRIL
80024,CLONIDINE
80024,METOPROLOL
80025,
80026,CANDESARTAN
80026,FLUTICASONE NASAL
80026,LANSOPRAZOLE
80026,ROSUVASTATIN
80027,
80028,ETANERCEPT
80028,LEVOTHYROXINE
80028,ROSUVASTATIN
80029,
80030,TAMSULOSIN
80031,
80032,
80033,METHADONE
80034,
80035,
80036,
80037,CELECOXIB
80037,CITALOPRAM
80037,CYCLOBENZAPRINE
80037,GABAPENTIN
80037,HYDROCODONE
80037,KETOCONAZOLE TOPICAL
80037,LORATADINE
80037,NAPROXEN
80037,PREGABALIN
80037,RANITIDINE
80037,TERAZOSIN
80037,TRIAMCINOLONE
80038,
80039,PREDNISOLONE
80040,LISINOPRIL
80040,SIMVASTATIN
80041,
80042,
80043,FLUTICASONE NASAL
80044,LOSARTAN
80044,SIMVASTATIN
80045,
80046,
80047,
80048,ACYCLOVIR
80049,
80050,
80051,ETHINYL ESTRADIOL; ETONOGESTREL
80051,NAPROXEN
80052,CETIRIZINE
80052,LISINOPRIL
80053,FLUOXETINE
80054,
80055,
80056,
80057,ETHINYL ESTRADIOL; NORGESTIMATE
80058,
80059,
80060,
80061,AMLODIPINE
80061,BENAZEPRIL; HYDROCHLOROTHIAZIDE
80062,
80063,HYDROCHLOROTHIAZIDE
80063,POTASSIUM CHLORIDE
80063,VERAPAMIL
80064,
80065,
80066,
80067,ACETAMINOPHEN; CODEINE
80067,GLIPIZIDE
80067,IBUPROFEN
80067,LISINOPRIL
80067,METFORMIN
80067,SITAGLIPTIN
80068,
80069,
80070,
80071,AMLODIPINE
80071,AMOXICILLIN
80071,ATENOLOL; CHLORTHALIDONE
80072,HYDROCHLOROTHIAZIDE
80072,METOPROLOL
80073,
80074,
80075,
80076,
80077,
80078,ATORVASTATIN
80078,INSULIN GLARGINE
80078,INSULIN LISPRO
80078,VALSARTAN
80079,CEFUROXIME
80079,CODEINE; GUAIFENESIN
80080,EXEMESTANE
80080,SIMVASTATIN
80081,AMOXICILLIN
80082,LEVOTHYROXINE
80083,
80084,ISOSORBIDE MONONITRATE
80084,LANSOPRAZOLE
80084,LISINOPRIL
80084,NITROGLYCERIN
80084,SIMVASTATIN
80085,BROMPHENIRAMINE; DEXTROMETHORPHAN; PSEUDOEPHEDRINE
80086,
80087,
80088,RANITIDINE
80089,BUPRENORPHINE; NALOXONE
80089,BUPROPION
80089,IBUPROFEN
80089,MECLIZINE
80089,MIRTAZAPINE
80089,PROCHLORPERAZINE
80089,TRAZODONE
80090,
80091,BENAZEPRIL
80091,SIMVASTATIN
80092,DILTIAZEM
80092,HYDROCHLOROTHIAZIDE; VALSARTAN
80092,MOMETASONE
80092,MOMETASONE NASAL
80092,RISEDRONATE
80093,
80094,ALENDRONATE
80094,GLIPIZIDE
80094,HYDROCHLOROTHIAZIDE; LISINOPRIL
80094,SIMVASTATIN
80095,ETHINYL ESTRADIOL; NORGESTIMATE
80096,
80097,
80098,
80099,METOPROLOL
80099,NIACIN
80099,SOLIFENACIN
80100,CYCLOBENZAPRINE
80100,NAPROXEN
80101,
80102,LEVOTHYROXINE
80103,
80104,
80105,FLUOXETINE
80105,ZOLPIDEM
80106,
80107,CITALOPRAM
80108,
80109,LEVOTHYROXINE
80110,DESOGESTREL; ETHINYL ESTRADIOL
80111,
80112,AMLODIPINE; HYDROCHLOROTHIAZIDE; OLMESARTAN
80113,
80114,FLUTICASONE NASAL
80114,HYDROCHLOROTHIAZIDE
80115,AMLODIPINE
80115,BUDESONIDE; FORMOTEROL
80115,FUROSEMIDE
80115,INSULIN GLARGINE
80115,LOSARTAN
80115,POTASSIUM CHLORIDE
80116,AMLODIPINE
80116,HYDROCHLOROTHIAZIDE
80116,ROSUVASTATIN
80117,
80118,ONDANSETRON
80119,CITALOPRAM
80119,CLONAZEPAM
80119,LEVOTHYROXINE
80119,LORAZEPAM
80119,ZOLPIDEM
80120,ATORVASTATIN
80120,CARVEDILOL
80120,INSULIN GLARGINE
80120,LEVOTHYROXINE
80120,LISINOPRIL
80120,MELOXICAM
80120,METFORMIN
80120,VALACYCLOVIR
80121,ACETAMINOPHEN; HYDROCODONE
80121,ATORVASTATIN
80121,LISINOPRIL
80122,ACETAMINOPHEN; OXYCODONE
80122,ALPRAZOLAM
80122,ATORVASTATIN
80122,CYCLOBENZAPRINE
80122,ESTRADIOL
80122,FUROSEMIDE
80122,GABAPENTIN
80122,MILNACIPRAN
80122,MIRTAZAPINE
80122,PRAZOSIN
80122,TOPIRAMATE
80122,VALACYCLOVIR
80123,CLOPIDOGREL
80123,HYDROCHLOROTHIAZIDE; VALSARTAN
80124,AMLODIPINE
80124,CLOPIDOGREL
80124,FENOFIBRATE
80124,FLUTICASONE NASAL
80124,HYDROCHLOROTHIAZIDE; VALSARTAN
80124,LOTEPREDNOL OPHTHALMIC
80124,METOPROLOL
80125,
80126,ACETAMINOPHEN; HYDROCODONE
80126,BUPRENORPHINE
80127,DOXYCYCLINE
80127,QUINAPRIL
80127,SIMVASTATIN
80128,ETHINYL ESTRADIOL; NORGESTIMATE
80128,FLUTICASONE NASAL
80128,OMEPRAZOLE
80129,ATORVASTATIN
80129,BUDESONIDE; FORMOTEROL
80129,DRONEDARONE
80129,FENOFIBRATE
80129,FINASTERIDE
80129,FUROSEMIDE
80129,GABAPENTIN
80129,ISOSORBIDE MONONITRATE
80129,LISINOPRIL
80129,METOCLOPRAMIDE
80129,OMEPRAZOLE
80129,OXYCODONE
80129,OXYCODONE
80129,POTASSIUM CHLORIDE
80129,SERTRALINE
80129,TAMSULOSIN
80129,TESTOSTERONE
80129,TIOTROPIUM
80129,WARFARIN
80130,
80131,ALPRAZOLAM
80131,ESCITALOPRAM
80131,QUETIAPINE
80132,
80133,ACETAMINOPHEN; CODEINE
80133,AMLODIPINE
80133,COLCHICINE
80133,GABAPENTIN
80133,INSULIN ASPART
80133,INSULIN GLARGINE
80133,METOPROLOL
80133,OMEPRAZOLE
80133,PREDNISONE
80133,ROSUVASTATIN
80133,SAXAGLIPTIN
80134,
80135,DIAZEPAM
80136,ASPIRIN
80136,BENAZEPRIL
80136,FUROSEMIDE
80136,GLIPIZIDE
80136,LINAGLIPTIN
80136,METFORMIN
80136,OMEPRAZOLE
80137,
80138,
80139,
80140,
80141,
80142,
80143,
80144,HYDROCHLOROTHIAZIDE; QUINAPRIL
80145,
80146,CARBAMAZEPINE
80146,VALPROIC ACID
80147,
80148,ALBUTEROL
80148,BACITRACIN TOPICAL
80148,CEPHALEXIN
80148,CILOSTAZOL
80148,CLONAZEPAM
80148,COLLAGENASE TOPICAL
80148,DICLOFENAC
80148,ENOXAPARIN
80148,HYDROCHLOROTHIAZIDE
80148,LANSOPRAZOLE
80148,MUPIROCIN TOPICAL
80148,PROPRANOLOL
80148,ROPINIROLE
80148,TAMSULOSIN
80148,TOLTERODINE
80148,WARFARIN
80149,
80150,
80151,
80152,HYDROCODONE
80153,
80154,
80155,ATENOLOL
80156,SERTRALINE
80156,ZOLPIDEM
80157,
80158,
80159,
80160,
80161,
80162,
80163,AMLODIPINE; VALSARTAN
80163,ESOMEPRAZOLE
80163,FLUOXETINE
80163,FUROSEMIDE
80163,METOPROLOL
80163,ROSUVASTATIN
80164,
80165,DEXLANSOPRAZOLE
80166,
80167,
80168,
80169,FENOFIBRATE
80169,METFORMIN
80169,SIMVASTATIN
80170,AMOXICILLIN
80170,ESTRADIOL; NORETHINDRONE
80170,FENOFIBRATE
80170,LEVOTHYROXINE
80170,SERTRALINE
80171,
80172,
80173,LAMOTRIGINE
80173,POLYETHYLENE GLYCOL 3350
80173,PROPRANOLOL
80173,TOPIRAMATE
80173,TRAZODONE
80174,CETIRIZINE
80174,DICYCLOMINE
80174,DULOXETINE
80174,ESOMEPRAZOLE
80174,ETANERCEPT
80174,NAPROXEN
80174,PREGABALIN
80175,ATORVASTATIN
80175,FUROSEMIDE
80175,LISINOPRIL
80175,OXYBUTYNIN
80176,ETHINYL ESTRADIOL; NORETHINDRONE
80177,
80178,AMOXICILLIN; CLAVULANATE
80179,ALBUTEROL
80179,BUDESONIDE
80179,METFORMIN
80180,
80181,AMLODIPINE
80182,
80183,ACYCLOVIR
80183,AMLODIPINE; OLMESARTAN
80183,CELECOXIB
80183,CLOPIDOGREL
80183,FLUTICASONE NASAL
80183,FUROSEMIDE
80183,METFORMIN; PIOGLITAZONE
80183,MONTELUKAST
80183,NEBIVOLOL
80183,ROSUVASTATIN
80184,
80185,AMLODIPINE
80185,ATENOLOL
80185,HYDROCHLOROTHIAZIDE; LISINOPRIL
80186,ALBUTEROL
80186,ALBUTEROL
80186,BUDESONIDE
80186,TRIAMCINOLONE TOPICAL
80187,CARVEDILOL
80187,IRBESARTAN
80188,
80189,
80190,
80191,
80192,
80193,
80194,
80195,
80196,
80197,
80198,
80199,HYDROCHLOROTHIAZIDE; VALSARTAN
80199,LEVOTHYROXINE
80199,NAPROXEN
80199,TRAMADOL
80199,VENLAFAXINE
80200,ATORVASTATIN
80201,ALENDRONATE
80201,MELOXICAM
80201,MONTELUKAST
80201,OMEPRAZOLE
80201,PREDNISONE
80202,
80203,HYDROCHLOROTHIAZIDE; TRIAMTERENE
80203,OMEPRAZOLE
80203,PREGABALIN
80203,SIMVASTATIN
80204,
80205,ACETAMINOPHEN; HYDROCODONE
80205,CYCLOBENZAPRINE
80205,LISINOPRIL
80205,METOPROLOL
80205,PREDNISONE
80206,ALBUTEROL
80206,AMLODIPINE
80206,BISACODYL
80206,LOVASTATIN
80206,MONTELUKAST
80206,ZOLPIDEM
80207,ACETAMINOPHEN; HYDROCODONE
80207,BENZONATATE
80207,FLUTICASONE; SALMETEROL
80207,GABAPENTIN
80207,LANSOPRAZOLE
80207,ORPHENADRINE
80207,SPIRONOLACTONE
80207,TIOTROPIUM
80208,
80209,
80210,
80211,
80212,DICLOFENAC
80212,ESOMEPRAZOLE
80212,HYDROXYCHLOROQUINE
80212,LEFLUNOMIDE
80212,METHOTREXATE
80212,METHYLPREDNISOLONE
80212,SIMVASTATIN
80213,
80214,FORMOTEROL; MOMETASONE
80215,
80216,
80217,
80218,ALBUTEROL
80218,FLUTICASONE; SALMETEROL
80218,HYDROCHLOROTHIAZIDE; TRIAMTERENE
80219,
80220,PREDNISONE
80221,
80222,ACETAMINOPHEN; OXYCODONE
80222,ALBUTEROL
80222,BUPROPION
80222,CITALOPRAM
80222,CLONAZEPAM
80222,DOXEPIN
80222,FLUTICASONE NASAL
80222,GABAPENTIN
80222,LEVOTHYROXINE
80222,MOMETASONE
80222,MORPHINE
80222,TIOTROPIUM
80223,
80224,
80225,ATENOLOL
80225,INSULIN GLARGINE
80225,INSULIN LISPRO
80225,LISINOPRIL
80225,MEGESTROL
80225,ONDANSETRON
80225,SEVELAMER
80226,
80227,LANSOPRAZOLE
80228,
80229,
80230,
80231,
80232,
80233,ALBUTEROL
80233,AZITHROMYCIN
80233,BECLOMETHASONE
80233,CODEINE; GUAIFENESIN
80234,
80235,
80236,ALBUTEROL
80236,FLUTICASONE; SALMETEROL
80236,ONDANSETRON
80237,ALLOPURINOL
80237,AMLODIPINE
80237,FENOFIBRATE
80237,NITROFURANTOIN
80237,RAMIPRIL
80237,ROSUVASTATIN
80237,ZOLPIDEM
80238,
80239,
80240,
80241,ATORVASTATIN
80242,ALPRAZOLAM
80243,
80244,BUPROPION
80244,INSULIN ASPART
80244,METFORMIN
80245,
80246,
80247,AMLODIPINE
80247,HYDROCHLOROTHIAZIDE; LISINOPRIL
80247,LISINOPRIL
80248,
80249,LAMOTRIGINE
80249,LOSARTAN
80249,OLANZAPINE
80249,OMEPRAZOLE
80249,SERTRALINE
80249,TAMSULOSIN
80250,AMLODIPINE
80250,ATORVASTATIN
80250,BENAZEPRIL
80251,
80252,
80253,
80254,
80255,
80256,
80257,
80258,
80259,
80260,
80261,
80262,LEVOTHYROXINE
80263,GLIMEPIRIDE
80263,METFORMIN
80264,
80265,
80266,ALBUTEROL
80266,BISOPROLOL
80266,MONTELUKAST
80267,AMLODIPINE
80267,CITALOPRAM
80267,DIVALPROEX SODIUM
80267,HYDROXYZINE
80267,LOSARTAN
80267,OMEPRAZOLE
80267,PROMETHAZINE
80267,SUMATRIPTAN
80268,HYDROCHLOROTHIAZIDE
80268,LISINOPRIL
80269,SERTRALINE
80270,
80271,
80272,HYDROCHLOROTHIAZIDE
80272,LISINOPRIL
80272,METOPROLOL
80273,PHENYTOIN
80274,
80275,PENICILLIN V POTASSIUM
80276,
80277,FLUTICASONE NASAL
80277,LEVOCETIRIZINE
80277,MELOXICAM
80277,MINOCYCLINE
80277,MONTELUKAST
80278,
80279,CETIRIZINE
80279,FLUTICASONE NASAL
80280,
80281,
80282,
80283,
80284,LORATADINE
80285,FENOFIBRATE
80285,METFORMIN
80285,ROSUVASTATIN
80285,TADALAFIL
80285,VALSARTAN
80286,
80287,
80288,PRAVASTATIN
80289,
80290,
80291,
80292,
80293,
80294,99999
80295,
80296,ALBUTEROL
80296,HYDROCHLOROTHIAZIDE
80296,NAPROXEN
80296,POTASSIUM CHLORIDE
80296,SIMVASTATIN
80297,
80298,
80299,
80300,
80301,
80302,
80303,LEVOTHYROXINE
80303,SIMVASTATIN
80304,LOSARTAN
80305,ENOXAPARIN
80305,WARFARIN
80306,
80307,LEVOTHYROXINE
80307,SIMVASTATIN
80308,AGOMELATINE
80309,
80310,CETIRIZINE
80311,
80312,
80313,
80314,
80315,AMLODIPINE
80315,ATORVASTATIN
80315,CIPROFLOXACIN
80315,FUROSEMIDE
80315,POTASSIUM CITRATE
80315,SOLIFENACIN
80315,TAMSULOSIN
80316,
80317,
80318,
80319,
80320,ALBUTEROL
80321,METOPROLOL
80321,WARFARIN
80322,
80323,
80324,ALBUTEROL
80324,FLUTICASONE; SALMETEROL
80324,LOSARTAN
80324,METFORMIN
80325,
80326,AMLODIPINE; BENAZEPRIL
80326,BISOPROLOL; HYDROCHLOROTHIAZIDE
80326,BUPROPION
80326,INSULIN ASPART
80326,PROPRANOLOL
80326,ROSUVASTATIN
80327,
80328,CARVEDILOL
80328,LEVOTHYROXINE
80328,SIMVASTATIN
80328,SPIRONOLACTONE
80329,LEVOTHYROXINE
80329,METFORMIN
80329,RISPERIDONE
80329,SIMVASTATIN
80330,
80331,FLURAZEPAM
80331,ZIPRASIDONE
80332,
80333,
80334,BUPROPION
80334,ETHINYL ESTRADIOL; LEVONORGESTREL
80334,FLUOXETINE
80334,METHYLPHENIDATE
80334,SULFAMETHOXAZOLE; TRIMETHOPRIM
80335,ALPRAZOLAM
80335,CYCLOBENZAPRINE
80335,NAPROXEN
80335,OMEPRAZOLE
80335,PAROXETINE
80335,PRAZOSIN
80335,VALACYCLOVIR
80336,ETHINYL ESTRADIOL; NORGESTIMATE
80337,
80338,
80339,
80340,
80341,
80342,ALBUTEROL
80343,
80344,
80345,ALPRAZOLAM
80345,ATENOLOL
80345,FUROSEMIDE
80345,LOVASTATIN
80345,MIRTAZAPINE
80345,OMEPRAZOLE
80346,AMOXICILLIN
80347,
80348,
80349,ETHINYL ESTRADIOL; NORGESTREL
80350,
80351,
80352,
80353,
80354,
80355,AMLODIPINE
80355,ATORVASTATIN
80355,BRIMONIDINE OPHTHALMIC
80355,DORZOLAMIDE OPHTHALMIC
80355,LATANOPROST OPHTHALMIC
80355,LEVOTHYROXINE
80355,LISINOPRIL
80355,METOPROLOL
80355,TIMOLOL OPHTHALMIC
80356,
80357,LORATADINE; PSEUDOEPHEDRINE
80357,MONTELUKAST
80358,
80359,
80360,CYCLOSPORINE OPHTHALMIC
80361,
80362,CYCLOSPORINE OPHTHALMIC
80362,LEVOTHYROXINE
80362,TAMOXIFEN
80362,VENLAFAXINE
80363,
80364,
80365,ALBUTEROL
80365,MONTELUKAST
80366,CITALOPRAM
80366,FENOFIBRATE
80366,RANITIDINE
80366,ROSUVASTATIN
80367,CARVEDILOL
80367,CITALOPRAM
80367,CLOPIDOGREL
80367,LISINOPRIL
80367,METFORMIN
80367,PRAVASTATIN
80368,HYDROCHLOROTHIAZIDE; LISINOPRIL
80369,
80370,
80371,
80372,
80373,
80374,
80375,
80376,
80377,CLONIDINE
80377,FUROSEMIDE
80377,HYDROCHLOROTHIAZIDE
80378,
80379,ATORVASTATIN
80380,
80381,CITALOPRAM
80381,METOPROLOL
80382,OLMESARTAN
80382,RANITIDINE
80383,
80384,ACETAMINOPHEN; HYDROCODONE
80384,IBUPROFEN
80384,PENICILLIN
80385,HYDROCHLOROTHIAZIDE; LISINOPRIL
80385,PRAVASTATIN
80386,DEXTROAMPHETAMINE
80386,VERAPAMIL
80387,ATENOLOL
80387,BUPROPION
80387,METFORMIN
80387,ZOLPIDEM
80388,
80389,
80390,ENALAPRIL
80391,
80392,
80393,ATORVASTATIN
80393,BISOPROLOL
80393,LANSOPRAZOLE
80393,VALSARTAN
80394,AMLODIPINE
80394,CLONIDINE
80394,HYDROCHLOROTHIAZIDE; LISINOPRIL
80394,RANITIDINE
80395,FLUTICASONE
80395,MONTELUKAST
80396,
80397,ATORVASTATIN
80397,METFORMIN
80397,PAROXETINE
80398,DAPSONE TOPICAL
80399,
80400,RANITIDINE
80401,AMOXICILLIN
80401,IBUPROFEN
80402,ALPRAZOLAM
80402,AMLODIPINE; BENAZEPRIL
80402,CITALOPRAM
80402,HYDROCHLOROTHIAZIDE
80402,METOPROLOL
80403,CYCLOBENZAPRINE
80404,
80405,
80406,
80407,ETHINYL ESTRADIOL; NORGESTIMATE
80408,
80409,
80410,CHLOROQUINE
80410,DEFLAZACORT
80411,
80412,
80413,
80414,
80415,
80416,AZELASTINE; FLUTICASONE NASAL
80416,BUPROPION
80416,CARISOPRODOL
80416,CLONIDINE
80416,IBUPROFEN
80416,LIDOCAINE TOPICAL
80416,MONTELUKAST
80416,PREGABALIN
80416,TRAZODONE
80416,VALACYCLOVIR
80417,
80418,
80419,
80420,
80421,
80422,RANITIDINE
80423,
80424,AMOXICILLIN
80425,
80426,
80427,ATORVASTATIN
80427,FENOFIBRATE
80427,GLIPIZIDE
80427,INSULIN ASPART; INSULIN ASPART PROTAMINE
80427,INSULIN GLARGINE
80427,LISINOPRIL
80427,METFORMIN
80428,ALLOPURINOL
80428,LEVOTHYROXINE
80428,LISINOPRIL
80428,OMEPRAZOLE
80428,PAROXETINE
80428,ROSUVASTATIN
80428,TRAMADOL
80429,
80430,LANSOPRAZOLE
80431,
80432,DILTIAZEM
80432,LISINOPRIL
80432,SIMVASTATIN
80433,
80434,
80435,
80436,ALENDRONATE
80437,
80438,
80439,
80440,
80441,ETHINYL ESTRADIOL; LEVONORGESTREL
80441,SERTRALINE
80442,
80443,
80444,ESCITALOPRAM
80445,IBUPROFEN
80446,ETHINYL ESTRADIOL; NORETHINDRONE
80447,
80448,
80449,
80450,SIMVASTATIN
80451,
80452,
80453,FINASTERIDE
80453,SERTRALINE
80454,
80455,
80456,LEVOTHYROXINE
80456,PRAVASTATIN
80457,
80458,
80459,DOXYCYCLINE
80459,HYDROCODONE
80459,IBUPROFEN
80460,
80461,
80462,AMOXICILLIN; CLAVULANATE
80463,
80464,
80465,
80466,
80467,
80468,HYDROCHLOROTHIAZIDE; VALSARTAN
80468,INSULIN GLARGINE
80468,TRAMADOL
80469,ATORVASTATIN
80469,LEVOTHYROXINE
80469,METOPROLOL
80469,PANTOPRAZOLE
80469,TRAMADOL
80469,VALSARTAN
80470,
80471,
80472,
80473,
80474,
80475,
80476,
80477,
80478,ACETAMINOPHEN; HYDROCODONE
80478,ATORVASTATIN
80478,CYCLOBENZAPRINE
80478,FUROSEMIDE
80478,GABAPENTIN
80478,LEVOTHYROXINE
80478,MELOXICAM
80478,NORTRIPTYLINE
80478,OMEPRAZOLE
80478,POTASSIUM CHLORIDE
80478,POTASSIUM CHLORIDE
80478,PRAMIPEXOLE
80478,TRAZODONE
80478,VENLAFAXINE
80478,ZOLPIDEM
80479,ATENOLOL
80479,LOSARTAN
80480,
80481,
80482,AMOXICILLIN
80483,99999
80483,INSULIN
80483,LISINOPRIL
80483,SIMVASTATIN
80484,LEVOTHYROXINE
80484,METHYLPHENIDATE
80485,
80486,LEVOTHYROXINE
80487,
80488,
80489,DESOGESTREL; ETHINYL ESTRADIOL
80489,HYDROCODONE
80490,ETHINYL ESTRADIOL; NORETHINDRONE
80490,TIZANIDINE
80491,LOVASTATIN
80491,OMEGA-3 POLYUNSATURATED FATTY ACIDS
80491,OMEPRAZOLE
80492,
80493,GLYBURIDE
80493,METFORMIN
80494,
80495,
80496,
80497,
80498,
80499,
80500,ALBUTEROL
80500,FLUTICASONE
80501,
80502,AMOXICILLIN; CLAVULANATE
80503,
80504,FLUTICASONE NASAL
80504,LEVOCETIRIZINE
80504,LISDEXAMFETAMINE
80505,
80506,
80507,
80508,
80509,
80510,
80511,AMLODIPINE; OLMESARTAN
80512,ALBUTEROL
80513,
80514,
80515,
80516,
80517,ACETAMINOPHEN; CODEINE
80518,ALBUTEROL
80518,ALPRAZOLAM
80518,BECLOMETHASONE
80518,PREDNISONE
80519,
80520,
80521,
80522,ACETAMINOPHEN; OXYCODONE
80522,ALPRAZOLAM
80523,
80524,
80525,CETIRIZINE
80525,CYCLOBENZAPRINE
80525,GABAPENTIN
80525,MELOXICAM
80525,PHENTERMINE
80526,HORMONES/HORMONE MODIFIERS - UNSPECIFIED
80527,
80528,LEVOTHYROXINE
80529,
80530,DIAZEPAM
80530,FLUOXETINE
80530,FLUTICASONE NASAL
80530,LISINOPRIL
80530,MORPHINE
80530,OLOPATADINE NASAL
80530,OMEPRAZOLE
80530,POLYETHYLENE GLYCOL 3350
80530,TAMSULOSIN
80530,TIZANIDINE
80530,ZOLPIDEM
80531,CLONAZEPAM
80531,MELOXICAM
80532,
80533,LISINOPRIL
80533,PENTOXIFYLLINE
80533,SIMVASTATIN
80534,
80535,
80536,
80537,
80538,AMLODIPINE
80538,ISOSORBIDE MONONITRATE
80538,PRAVASTATIN
80539,
80540,
80541,
80542,
80543,
80544,
80545,LISINOPRIL
80545,SIMVASTATIN
80546,
80547,ALISKIREN; HYDROCHLOROTHIAZIDE
80547,CARVEDILOL
80547,POTASSIUM CHLORIDE
80547,ROSUVASTATIN
80548,BENAZEPRIL
80548,LANSOPRAZOLE
80548,TAMSULOSIN
80548,ZOLPIDEM
80549,AMLODIPINE
80549,ATENOLOL
80549,GLIPIZIDE
80549,HYDROCHLOROTHIAZIDE; LISINOPRIL
80549,LOVASTATIN
80549,METFORMIN
80549,TERAZOSIN
80550,ALENDRONATE
80550,ALLOPURINOL
80550,BUPROPION
80550,FUROSEMIDE
80550,LEVOTHYROXINE
80550,MELOXICAM
80550,OMEPRAZOLE
80550,SERTRALINE
80550,SIMVASTATIN
80550,VALSARTAN
80551,
80552,ALBUTEROL
80552,MOMETASONE NASAL
80552,MONTELUKAST
80553,ACETAMINOPHEN; HYDROCODONE
80553,BUSPIRONE
80553,CLONAZEPAM
80553,CONJUGATED ESTROGENS TOPICAL
80553,GEMFIBROZIL
80553,INSULIN ASPART
80553,INSULIN GLARGINE
80553,LISINOPRIL
80553,MECLIZINE
80553,METFORMIN; SITAGLIPTIN
80553,PRAVASTATIN
80553,PROMETHAZINE
80554,
80555,
80556,
80557,CETIRIZINE
80557,TRIAMCINOLONE TOPICAL
80558,
80559,ALBUTEROL
80559,MONTELUKAST
80560,
80561,
80562,
80563,TOPIRAMATE
80564,CITALOPRAM
80565,ATORVASTATIN
80565,DIVALPROEX SODIUM
80565,METFORMIN
80565,MIRTAZAPINE
80565,SERTRALINE
80565,TOPIRAMATE
80565,ZIPRASIDONE
80566,
80567,
80568,
80569,
80570,ESTRADIOL TOPICAL
80571,
80572,
80573,AMOXICILLIN
80573,LEVOTHYROXINE
80574,
80575,IBUPROFEN
80576,
80577,AMOXICILLIN
80578,
80579,
80580,
80581,CETIRIZINE
80581,FLUTICASONE NASAL
80581,GUANFACINE
80581,METHYLPHENIDATE
80581,METHYLPHENIDATE
80581,MONTELUKAST
80581,RANITIDINE
80582,
80583,AMLODIPINE
80583,ETHINYL ESTRADIOL; NORGESTIMATE
80584,
80585,NIACIN
80586,AMLODIPINE
80586,BENAZEPRIL
80586,LEVOTHYROXINE
80586,OMEPRAZOLE
80586,SPIRONOLACTONE
80587,METAXALONE
80587,NABUMETONE
80587,SIMVASTATIN
80587,TESTOSTERONE
80588,
80589,
80590,AMLODIPINE
80590,ATENOLOL
80590,ATORVASTATIN
80590,CLOPIDOGREL
80590,FAMOTIDINE
80590,SERTRALINE
80591,
80592,
80593,
80594,CARVEDILOL
80594,METFORMIN
80594,PIOGLITAZONE
80594,SIMVASTATIN
80594,SITAGLIPTIN
80594,SOLIFENACIN
80594,VALSARTAN
80595,
80596,ACETAMINOPHEN; HYDROCODONE
80596,ONDANSETRON
80597,
80598,
80599,AMLODIPINE
80599,FENOFIBRATE
80599,LISINOPRIL
80599,NIACIN
80599,ROSUVASTATIN
80600,99999
80601,ACETAMINOPHEN; HYDROCODONE
80601,BISOPROLOL; HYDROCHLOROTHIAZIDE
80601,CYCLOBENZAPRINE
80601,ESOMEPRAZOLE
80601,INSULIN DETEMIR
80601,LEVOTHYROXINE
80601,PAROXETINE
80601,POTASSIUM CHLORIDE
80601,TRAMADOL
80602,GEMFIBROZIL
80602,HYDROCHLOROTHIAZIDE; LOSARTAN
80602,LATANOPROST OPHTHALMIC
80602,SIMVASTATIN
80602,VERAPAMIL
80603,
80604,
80605,
80606,
80607,
80608,BECLOMETHASONE
80609,
80610,
80611,
80612,
80613,ACETAMINOPHEN; CODEINE
80613,ALBUTEROL
80613,CYPROHEPTADINE
80613,DIGOXIN
80613,DULOXETINE
80613,FUROSEMIDE
80613,GABAPENTIN
80613,HYDROXYZINE
80613,INDOMETHACIN
80613,LISINOPRIL
80613,POTASSIUM CHLORIDE
80613,TEMAZEPAM
80614,
80615,
80616,
80617,
80618,
80619,
80620,
80621,
80622,
80623,
80624,BUSPIRONE
80624,CLONIDINE
80624,CLONIDINE
80624,DIVALPROEX SODIUM
80624,LAMOTRIGINE
80624,RISPERIDONE
80625,
80626,MONTELUKAST
80627,
80628,
80629,
80630,
80631,
80632,INSULIN LISPRO
80632,LOSARTAN
80632,SIMVASTATIN
80633,
80634,
80635,ARIPIPRAZOLE
80635,ATORVASTATIN
80635,DABIGATRAN
80635,FLUOXETINE
80635,TRAZODONE
80636,
80637,
80638,
80639,PRAVASTATIN
80640,METHYLPHENIDATE
80641,ACETAMINOPHEN; OXYCODONE
80641,IPRATROPIUM
80641,LISINOPRIL
80641,TEMAZEPAM
80642,
80643,LISINOPRIL
80644,ALBUTEROL
80645,IBUPROFEN
80645,PENICILLIN
80646,
80647,
80648,
80649,
80650,
80651,ACETAMINOPHEN; HYDROCODONE
80651,ALENDRONATE
80651,GABAPENTIN
80651,GLYBURIDE
80651,LORATADINE
80651,LOSARTAN
80651,METFORMIN
80651,PRAVASTATIN
80652,FLUOXETINE
80653,
80654,ARIPIPRAZOLE
80654,BENZTROPINE
80654,DIAZEPAM
80654,FEXOFENADINE
80654,HYDROCODONE
80654,IBUPROFEN
80654,PAROXETINE
80654,PRAZOSIN
80654,PROPRANOLOL
80655,
80656,
80657,LISINOPRIL
80657,NAPROXEN
80657,SIMVASTATIN
80657,TERAZOSIN
80658,
80659,
80660,99999
80660,LISINOPRIL
80661,
80662,
80663,
80664,
80665,
80666,ALBUTEROL
80666,FLUTICASONE
80667,
80668,
80669,AMLODIPINE
80669,ATORVASTATIN
80669,FENOFIBRATE
80670,
80671,
80672,
80673,
80674,
80675,
80676,CHOLESTYRAMINE
80676,LETROZOLE
80677,
80678,FUROSEMIDE
80678,METOPROLOL
80678,POTASSIUM CHLORIDE
80678,WARFARIN
80679,
80680,
80681,
80682,LISINOPRIL
80682,VERAPAMIL
80683,AMITRIPTYLINE
80684,
80685,
80686,ACETAMINOPHEN; HYDROCODONE
80686,ESOMEPRAZOLE
80687,
80688,
80689,ALLOPURINOL
80689,MELOXICAM
80689,METOPROLOL
80689,SIMVASTATIN
80690,
80691,RANITIDINE
80692,
80693,
80694,
80695,ACETAMINOPHEN; HYDROCODONE
80695,HYDROCHLOROTHIAZIDE; LISINOPRIL
80696,IBUPROFEN
80697,
80698,
80699,ATENOLOL
80699,LISINOPRIL
80699,NIFEDIPINE
80699,SIMVASTATIN
80700,
80701,DOXYCYCLINE
80701,PROMETHAZINE
80702,
80703,
80704,
80705,
80706,
80707,ATORVASTATIN
80707,CLOPIDOGREL
80707,LISINOPRIL
80707,METOPROLOL
80708,ALPRAZOLAM
80708,FENOFIBRATE
80708,FLUOXETINE
80708,LEVOTHYROXINE
80708,LISINOPRIL
80708,OMEPRAZOLE
80708,POTASSIUM CHLORIDE
80708,SIMVASTATIN
80709,SIMVASTATIN
80709,ZOLPIDEM
80710,AZATHIOPRINE
80710,LOSARTAN
80710,LOVASTATIN
80710,POTASSIUM CHLORIDE
80710,PREDNISONE
80710,WARFARIN
80711,
80712,
80713,
80714,
80715,
80716,
80717,AMLODIPINE; HYDROCHLOROTHIAZIDE; VALSARTAN
80717,DIGOXIN
80717,DOXAZOSIN
80717,EZETIMIBE; SIMVASTATIN
80717,FUROSEMIDE
80717,METOPROLOL
80717,POTASSIUM CHLORIDE
80718,VENLAFAXINE
80719,AMLODIPINE
80719,HYDROCHLOROTHIAZIDE
80719,LISINOPRIL
80719,METFORMIN
80720,
80721,
80722,ACETAMINOPHEN; HYDROCODONE
80722,ASPIRIN
80722,ATENOLOL
80722,BACLOFEN
80722,BUDESONIDE
80722,LEVOTHYROXINE
80722,LORATADINE
80722,METFORMIN
80722,MONTELUKAST
80722,OMEPRAZOLE
80722,QUETIAPINE
80722,SIMVASTATIN
80722,TRAMADOL
80723,LEVOTHYROXINE
80723,SIMVASTATIN
80724,
80725,
80726,
80727,
80728,
80729,
80730,ACETAMINOPHEN; BUTALBITAL; CAFFEINE
80730,ACETAMINOPHEN; HYDROCODONE
80731,ATOMOXETINE
80731,HYDROXYZINE
80731,ILOPERIDONE
80731,MIRTAZAPINE
80731,SERTRALINE
80732,CLARITHROMYCIN
80733,
80734,
80735,DIVALPROEX SODIUM
80735,DIVALPROEX SODIUM
80735,FLUOXETINE
80735,LAMOTRIGINE
80735,OMEPRAZOLE
80735,QUETIAPINE
80736,
80737,
80738,SIMVASTATIN
80739,BISOPROLOL
80739,BUPRENORPHINE
80739,CLONAZEPAM
80739,HYDROXYZINE
80739,LAMOTRIGINE
80740,
80741,ESOMEPRAZOLE
80742,LEVOTHYROXINE
80743,ALBUTEROL
80743,ALBUTEROL
80743,BUDESONIDE; FORMOTEROL
80743,CIPROFLOXACIN
80743,DOXYCYCLINE
80743,PAROXETINE
80743,PREDNISONE
80743,SULFAMETHOXAZOLE; TRIMETHOPRIM
80743,THEOPHYLLINE
80744,
80745,AZITHROMYCIN
80746,OSELTAMIVIR
80747,TOPIRAMATE
80748,
80749,
80750,ALENDRONATE
80750,ALPRAZOLAM
80750,AMLODIPINE
80750,INDAPAMIDE
80750,PREDNISONE
80750,SIMVASTATIN
80750,ZOLPIDEM
80751,
80752,
80753,
80754,
80755,TRETINOIN TOPICAL
80756,
80757,
80758,ACETAMINOPHEN; HYDROCODONE
80758,ATORVASTATIN
80758,EXEMESTANE
80758,GABAPENTIN
80758,HYDROCHLOROTHIAZIDE; OLMESARTAN
80758,OMEPRAZOLE
80758,PAROXETINE
80758,PREDNISONE
80759,
80760,
80761,
80762,
80763,
80764,
80765,
80766,
80767,HYDROCHLOROTHIAZIDE
80768,
80769,
80770,RANITIDINE
80771,ATORVASTATIN
80771,LISINOPRIL
80771,METFORMIN
80771,SITAGLIPTIN
80772,ALBUTEROL; IPRATROPIUM
80772,BENZTROPINE
80772,CLONAZEPAM
80772,CLOZAPINE
80772,ESOMEPRAZOLE
80772,FLUVOXAMINE
80772,LORATADINE
80773,
80774,DILTIAZEM
80774,ESTRADIOL
80774,LORAZEPAM
80775,
80776,
80777,
80778,
80779,
80780,
80781,99999
80782,
80783,
80784,DOXYCYCLINE
80785,
80786,ALPRAZOLAM
80786,AMLODIPINE; VALSARTAN
80786,ATENOLOL
80786,ATORVASTATIN
80786,CLOPIDOGREL
80786,DOXEPIN
80786,GLIPIZIDE
80786,INSULIN
80786,LORATADINE
80786,NIFEDIPINE
80787,ACETAMINOPHEN; OXYCODONE
80788,
80789,
80790,AMLODIPINE; BENAZEPRIL
80790,LORATADINE
80790,MONTELUKAST
80790,RISPERIDONE
80791,
80792,ATENOLOL
80792,DICLOFENAC
80792,DONEPEZIL
80792,ESCITALOPRAM
80792,HYDROCHLOROTHIAZIDE
80792,MELOXICAM
80792,MEMANTINE
80792,NIFEDIPINE
80792,PRAVASTATIN
80792,RALOXIFENE
80792,TRAMADOL
80792,VALSARTAN
80793,FAMOTIDINE
80793,HYDROCODONE
80793,LEVETIRACETAM
80793,LORAZEPAM
80793,METHYLPHENIDATE
80793,MIRTAZAPINE
80794,CLINDAMYCIN
80794,ROSUVASTATIN
80795,
80796,
80797,
80798,
80799,
80800,LISINOPRIL
80800,ROSUVASTATIN
80801,
80802,
80803,
80804,99999
80804,ATORVASTATIN
80804,GLIPIZIDE
80804,METFORMIN
80804,OMEPRAZOLE
80804,PIOGLITAZONE
80805,ATENOLOL
80805,HYDROCHLOROTHIAZIDE; LOSARTAN
80806,FLUTICASONE TOPICAL
80806,MONTELUKAST
80806,OLOPATADINE NASAL
80806,OLOPATADINE OPHTHALMIC
80807,
80808,
80809,
80810,
80811,
80812,CYCLOBENZAPRINE
80813,
80814,
80815,ATENOLOL
80816,FAMOTIDINE
80816,LEVOTHYROXINE
80816,SERTRALINE
80817,AMLODIPINE
80817,BRIMONIDINE OPHTHALMIC
80817,DORZOLAMIDE OPHTHALMIC
80817,GABAPENTIN
80817,LOSARTAN
80818,METHYLPHENIDATE
80819,HYDROCHLOROTHIAZIDE
80819,LISINOPRIL
80819,METFORMIN
80819,PRAVASTATIN
80820,CLARITHROMYCIN
80820,IBUPROFEN
80820,MOMETASONE
80820,PROMETHAZINE
80821,
80822,AMLODIPINE
80822,DILTIAZEM
80822,SPIRONOLACTONE
80822,WARFARIN
80823,
80824,
80825,AMOXICILLIN
80826,ACETAMINOPHEN; HYDROCODONE
80826,CLONAZEPAM
80826,FAMOTIDINE
80826,ONDANSETRON
80826,PROPRANOLOL
80827,
80828,
80829,
80830,CLONIDINE
80830,GUANFACINE
80830,LISDEXAMFETAMINE
80831,ACYCLOVIR
80831,ALBUTEROL
80831,ALBUTEROL
80831,ATENOLOL
80831,FLUTICASONE; SALMETEROL
80831,HYDROCHLOROTHIAZIDE
80831,LORAZEPAM
80831,OXYCODONE
80831,PROMETHAZINE
80831,VALSARTAN
80832,
80833,LISINOPRIL
80834,
80835,
80836,CARVEDILOL
80836,CELECOXIB
80836,DULOXETINE
80836,LANSOPRAZOLE
80836,LOSARTAN
80836,PRAVASTATIN
80837,ATORVASTATIN
80837,CARVEDILOL
80837,CLOPIDOGREL
80837,FINASTERIDE
80837,HYDROCHLOROTHIAZIDE
80837,INSULIN GLARGINE
80837,INSULIN LISPRO
80837,METFORMIN; SITAGLIPTIN
80837,TERAZOSIN
80838,ALBUTEROL
80838,ALBUTEROL
80838,FLUTICASONE NASAL
80838,LISDEXAMFETAMINE
80839,ALBUTEROL
80840,ALBUTEROL
80840,FLUTICASONE; SALMETEROL
80840,TIOTROPIUM
80841,GLYBURIDE
80841,HYDROCHLOROTHIAZIDE
80841,LISINOPRIL
80841,METFORMIN
80841,METOPROLOL
80841,POTASSIUM CHLORIDE
80841,TERAZOSIN
80842,ROSUVASTATIN
80843,ACETAMINOPHEN; HYDROCODONE
80843,FUROSEMIDE
80843,LISINOPRIL
80843,METOPROLOL
80843,MIRTAZAPINE
80843,PREDNISONE
80843,SULFAMETHOXAZOLE; TRIMETHOPRIM
80843,WARFARIN
80844,
80845,
80846,LEVOTHYROXINE
80846,OXYBUTYNIN
80846,SIMVASTATIN
80847,
80848,
80849,
80850,
80851,ESCITALOPRAM
80852,
80853,
80854,
80855,
80856,
80857,
80858,RANITIDINE
80859,ACETAMINOPHEN; HYDROCODONE
80860,ALBUTEROL
80860,AMOXICILLIN; CLAVULANATE
80860,DEXMETHYLPHENIDATE
80861,
80862,
80863,
80864,ALPRAZOLAM
80864,CHLORPROMAZINE
80864,GABAPENTIN
80864,OLANZAPINE
80865,
80866,
80867,
80868,ROSUVASTATIN
80869,ADAPALENE; BENZOYL PEROXIDE TOPICAL
80870,AMPHETAMINE; DEXTROAMPHETAMINE
80870,CLONIDINE
80870,DIPHENHYDRAMINE
80870,RISPERIDONE
80871,
80872,CINACALCET
80872,CLONIDINE
80872,CLOPIDOGREL
80872,DOCUSATE
80872,ESOMEPRAZOLE
80872,MYCOPHENOLIC ACID
80872,NEBIVOLOL
80872,NIFEDIPINE
80872,PREDNISONE
80872,TACROLIMUS
80872,TAMSULOSIN
80873,
80874,CARVEDILOL
80874,CITALOPRAM
80874,DIGOXIN
80874,FUROSEMIDE
80874,INSULIN GLARGINE
80874,LOVASTATIN
80874,OMEPRAZOLE
80874,WARFARIN
80875,
80876,77777
80877,
80878,CAPTOPRIL; HYDROCHLOROTHIAZIDE
80878,METFORMIN
80879,
80880,
80881,
80882,
80883,
80884,
80885,
80886,
80887,
80888,
80889,CARVEDILOL
80889,COLCHICINE
80889,DOFETILIDE
80889,DUTASTERIDE; TAMSULOSIN
80889,EZETIMIBE
80889,FENOFIBRATE
80889,FUROSEMIDE
80889,MIRTAZAPINE
80889,POTASSIUM CHLORIDE
80889,WARFARIN
80890,INSULIN DETEMIR
80890,LEVOTHYROXINE
80890,LISINOPRIL
80890,METFORMIN
80891,
80892,ATORVASTATIN
80893,ALPRAZOLAM
80893,CLOPIDOGREL
80893,ENALAPRIL
80893,FUROSEMIDE
80893,GABAPENTIN
80893,INSULIN ISOPHANE; INSULIN REGULAR
80893,ISOSORBIDE MONONITRATE
80893,METFORMIN
80893,METOPROLOL
80893,PRAVASTATIN
80894,AMLODIPINE; BENAZEPRIL
80894,CARISOPRODOL
80894,CELECOXIB
80894,HYDROCHLOROTHIAZIDE
80894,METFORMIN
80894,PRAVASTATIN
80894,TRAMADOL
80894,ZOLPIDEM
80895,
80896,
80897,MONTELUKAST
80898,CARVEDILOL
80898,CLOPIDOGREL
80898,LORATADINE
80898,POTASSIUM CHLORIDE
80898,ROSUVASTATIN
80899,
80900,AMLODIPINE
80900,ATORVASTATIN
80900,LOSARTAN
80901,
80902,
80903,AMOXICILLIN
80903,CETIRIZINE
80903,CITALOPRAM
80903,LEVOTHYROXINE
80903,PHENTERMINE
80903,TOPIRAMATE
80904,SIMVASTATIN
80904,TAMSULOSIN
80905,
80906,
80907,
80908,METFORMIN
80909,
80910,
80911,
80912,
80913,
80914,
80915,LISINOPRIL
80916,
80917,BUPROPION
80917,CITALOPRAM
80918,
80919,
80920,AMLODIPINE
80920,LEVOTHYROXINE
80921,
80922,
80923,
80924,
80925,FLUTICASONE
80926,
80927,ALBUTEROL
80928,AMLODIPINE; VALSARTAN
80928,ATENOLOL
80928,CONJUGATED ESTROGENS
80928,ENALAPRIL; HYDROCHLOROTHIAZIDE
80928,FENOFIBRIC ACID
80928,LANSOPRAZOLE
80928,PRAVASTATIN
80929,CITALOPRAM
80929,LEVOTHYROXINE
80930,ROSUVASTATIN
80931,
80932,
80933,
80934,AMLODIPINE
80935,
80936,ROSUVASTATIN
80937,
80938,METFORMIN
80939,METFORMIN
80939,SIMVASTATIN
80940,
80941,AMLODIPINE
80941,HYDROCHLOROTHIAZIDE; LOSARTAN
80942,
80943,AMLODIPINE
80943,PREDNISONE
80944,
80945,LOVASTATIN
80945,RANITIDINE
80946,AMLODIPINE; OLMESARTAN
80946,DOXAZOSIN
80946,LOVASTATIN
80947,METHYLPHENIDATE
80948,
80949,
80950,
80951,AMOXICILLIN
80952,
80953,CEFPROZIL
80954,
80955,DONEPEZIL
80955,GLYBURIDE
80955,HYDROCHLOROTHIAZIDE
80955,LISINOPRIL
80955,LOVASTATIN
80955,METFORMIN
80955,POTASSIUM CHLORIDE
80955,SERTRALINE
80956,
80957,METHYLPHENIDATE
80958,ALBUTEROL
80958,FLUTICASONE
80959,OMEPRAZOLE
80960,ATORVASTATIN
80960,FENOFIBRATE
80960,METFORMIN
80960,TAMSULOSIN
80961,
80962,
80963,
80964,ETHINYL ESTRADIOL; NORETHINDRONE
80965,
80966,
80967,
80968,AMPHETAMINE; DEXTROAMPHETAMINE
80969,
80970,AZITHROMYCIN
80971,METHYLPHENIDATE
80972,
80973,
80974,
80975,
80976,
80977,
80978,NYSTATIN
80979,
80980,ALPRAZOLAM
80980,AMPHETAMINE; DEXTROAMPHETAMINE
80980,ATENOLOL
80980,ZOLPIDEM
80981,AMOXICILLIN
80981,PROMETHAZINE
80982,CLINDAMYCIN
80982,HYDROCODONE
80983,
80984,
80985,
80986,
80987,DILTIAZEM
80987,ENALAPRIL
80987,ESTRONE
80987,FLUOXETINE
80987,METOPROLOL
80987,OMEPRAZOLE
80987,PRAVASTATIN
80987,RIVAROXABAN
80988,ALENDRONATE
80989,CARVEDILOL
80989,LISINOPRIL
80990,
80991,
80992,
80993,
80994,
80995,
80996,
80997,
80998,
80999,
81000,
81001,
81002,
81003,
81004,
81005,
81006,ONDANSETRON
81006,OSELTAMIVIR
81007,
81008,
81009,DOCUSATE
81009,GLIPIZIDE
81009,LISINOPRIL
81009,LOVASTATIN
81009,METFORMIN
81009,OMEPRAZOLE
81009,POTASSIUM CHLORIDE
81009,TRAMADOL
81010,
81011,IBUPROFEN
81011,LEVOTHYROXINE
81011,PAROXETINE
81011,SIMVASTATIN
81011,TRIAMTERENE
81012,OXYCODONE
81013,
81014,
81015,ETHINYL ESTRADIOL; LEVONORGESTREL
81016,
81017,
81018,
81019,LEVOCETIRIZINE
81019,MONTELUKAST
81020,
81021,
81022,
81023,
81024,ALBUTEROL
81024,BECLOMETHASONE
81024,CETIRIZINE
81025,OMEPRAZOLE
81025,SIMVASTATIN
81026,
81027,AMOXICILLIN
81028,
81029,GLIMEPIRIDE
81029,METFORMIN
81030,ALLOPURINOL
81030,HYDROXYCHLOROQUINE
81030,SIMVASTATIN
81030,TAMSULOSIN
81031,
81032,AMLODIPINE
81032,BISOPROLOL; HYDROCHLOROTHIAZIDE
81033,
81034,
81035,
81036,77777
81037,
81038,
81039,
81040,
81041,
81042,
81043,ETHINYL ESTRADIOL; NORGESTIMATE
81044,
81045,
81046,
81047,
81048,
81049,
81050,
81051,
81052,LANSOPRAZOLE
81052,SULFAMETHOXAZOLE
81053,
81054,INSULIN
81054,LISINOPRIL
81054,LOVASTATIN
81054,METFORMIN
81054,TRAZODONE
81055,
81056,LISINOPRIL
81057,
81058,
81059,
81060,
81061,
81062,
81063,ALLOPURINOL
81063,FUROSEMIDE
81063,LISINOPRIL
81063,METOPROLOL
81063,PRAVASTATIN
81064,
81065,
81066,
81067,
81068,ATENOLOL
81069,CLONAZEPAM
81069,GABAPENTIN
81069,LORATADINE
81069,OMEPRAZOLE
81069,PAROXETINE
81070,
81071,
81072,
81073,
81074,ETHINYL ESTRADIOL; NORETHINDRONE
81075,
81076,BETAMETHASONE; CLOTRIMAZOLE TOPICAL
81077,AZITHROMYCIN
81078,AMLODIPINE
81078,LOSARTAN
81079,LOSARTAN
81079,MIRABEGRON
81079,PRAVASTATIN
81079,WARFARIN
81080,
81081,
81082,LISINOPRIL
81082,METOPROLOL
81083,
81084,
81085,
81086,PENICILLIN V POTASSIUM
81087,FLUTICASONE NASAL
81088,METFORMIN
81089,
81090,
81091,ALBUTEROL
81091,BECLOMETHASONE
81092,
81093,HYDROCHLOROTHIAZIDE
81093,LISINOPRIL
81093,SIMVASTATIN
81094,DIPHENHYDRAMINE
81095,BUSPIRONE
81095,DIVALPROEX SODIUM
81095,QUETIAPINE
81095,WARFARIN
81096,
81097,
81098,
81099,
81100,APIXABAN
81100,CLOPIDOGREL
81100,HYDROCHLOROTHIAZIDE; LISINOPRIL
81100,ISOSORBIDE MONONITRATE
81100,METOPROLOL
81100,NITROGLYCERIN
81100,POTASSIUM CHLORIDE
81100,SIMVASTATIN
81101,BENAZEPRIL; HYDROCHLOROTHIAZIDE
81101,DESVENLAFAXINE
81102,
81103,
81104,
81105,ATORVASTATIN
81105,LISINOPRIL
81106,DEXMETHYLPHENIDATE
81107,NAPROXEN
81108,
81109,ACETAMINOPHEN; BUTALBITAL
81109,AMLODIPINE; BENAZEPRIL
81109,CITALOPRAM
81109,MELOXICAM
81109,METFORMIN
81109,MOMETASONE NASAL
81109,PANTOPRAZOLE
81109,PRAVASTATIN
81109,SULFAMETHOXAZOLE; TRIMETHOPRIM
81109,TOLTERODINE
81110,AZELAIC ACID TOPICAL
81110,LOTEPREDNOL OPHTHALMIC
81111,CAPTOPRIL
81111,METFORMIN
81111,PANTOPRAZOLE
81111,PAROXETINE
81111,VERAPAMIL
81112,
81113,ATORVASTATIN
81113,ESCITALOPRAM
81113,GABAPENTIN
81113,LEVOTHYROXINE
81114,AMPHETAMINE; DEXTROAMPHETAMINE
81114,LISDEXAMFETAMINE
81115,SIMVASTATIN
81116,
81117,
81118,
81119,
81120,
81121,
81122,FOSINOPRIL
81122,HYDROCHLOROTHIAZIDE
81123,
81124,FLUOXETINE
81124,QUETIAPINE
81124,TRAZODONE
81125,
81126,
81127,METHYLPHENIDATE
81128,
81129,
81130,
81131,
81132,
81133,CETIRIZINE
81133,CLOBAZAM
81133,LACOSAMIDE
81133,LAMOTRIGINE
81134,FUROSEMIDE
81134,METOPROLOL
81134,PROPAFENONE
81135,
81136,
81137,TETRACYCLINE
81138,
81139,
81140,
81141,LISINOPRIL
81142,AMLODIPINE
81142,ATORVASTATIN
81143,ALBUTEROL
81143,BENZONATATE
81143,CARVEDILOL
81143,DILTIAZEM
81143,GLIPIZIDE
81143,LOSARTAN
81143,SIMVASTATIN
81144,ALLOPURINOL
81144,INDOMETHACIN
81145,ALBUTEROL
81145,BUDESONIDE
81145,PREDNISOLONE
81146,
81147,ACETAMINOPHEN; HYDROCODONE
81147,DICYCLOMINE
81147,GABAPENTIN
81147,LISINOPRIL
81147,METFORMIN
81147,VERAPAMIL
81148,ALENDRONATE
81148,BENAZEPRIL
81149,
81150,
81151,BUPROPION
81152,
81153,
81154,AMLODIPINE
81154,DEXTROMETHORPHAN; GUAIFENESIN; PHENYLEPHRINE
81154,FAMOTIDINE
81154,LORATADINE
81154,METFORMIN
81155,
81156,
81157,
81158,
81159,
81160,
81161,
81162,
81163,ALISKIREN
81163,AMLODIPINE; BENAZEPRIL
81163,ATORVASTATIN
81163,INSULIN GLARGINE
81163,METFORMIN
81163,METOPROLOL
81164,
81165,
81166,ALLOPURINOL
81166,ATORVASTATIN
81166,BUMETANIDE
81166,GABAPENTIN
81166,METFORMIN
81166,METOPROLOL
81166,OMEPRAZOLE
81166,POTASSIUM CHLORIDE
81166,RIVAROXABAN
81167,
81168,CARBETAPENTANE; CHLORPHENIRAMINE
81168,MINOCYCLINE
81169,
81170,
81171,
81172,
81173,OMEPRAZOLE
81174,AMLODIPINE
81174,HYDROCHLOROTHIAZIDE
81174,METFORMIN
81175,HYDROCHLOROTHIAZIDE
81175,LISINOPRIL
81175,SIMVASTATIN
81176,
81177,AMLODIPINE
81178,
81179,AMLODIPINE
81179,CINACALCET
81179,HYDRALAZINE
81179,OMEPRAZOLE
81179,PRAVASTATIN
81180,
81181,
81182,
81183,
81184,
81185,
81186,
81187,AMLODIPINE
81187,HYDROCHLOROTHIAZIDE
81187,TOPIRAMATE
81188,
81189,
81190,
81191,
81192,
81193,
81194,
81195,
81196,
81197,CITALOPRAM
81197,ENALAPRIL
81197,LEVOTHYROXINE
81197,METFORMIN
81197,SIMVASTATIN
81198,
81199,
81200,
81201,
81202,
81203,
81204,HYDROCODONE
81204,LEVOTHYROXINE
81204,NAPROXEN
81205,
81206,HYDROCHLOROTHIAZIDE; LISINOPRIL
81206,INSULIN GLARGINE
81206,METFORMIN
81207,FINASTERIDE
81208,
81209,LISINOPRIL
81210,ATORVASTATIN
81210,LEVOTHYROXINE
81210,LORATADINE
81211,
81212,ACETAMINOPHEN; OXYCODONE
81213,
81214,
81215,
81216,ETHINYL ESTRADIOL; NORETHINDRONE
81217,
81218,
81219,
81220,
81221,LEVOTHYROXINE
81221,MELOXICAM
81221,VENLAFAXINE
81222,
81223,
81224,
81225,ALLOPURINOL
81226,ALBUTEROL
81226,AMLODIPINE
81226,METOPROLOL
81226,OMEPRAZOLE
81227,
81228,CONJUGATED ESTROGENS; MEDROXYPROGESTERONE
81228,ESTRADIOL
81228,LATANOPROST OPHTHALMIC
81228,LORAZEPAM
81228,SERTRALINE
81228,TIMOLOL OPHTHALMIC
81229,
81230,
81231,ATAZANAVIR
81231,DOXYCYCLINE
81231,EMTRICITABINE; TENOFOVIR
81231,GABAPENTIN
81231,MELOXICAM
81231,MIRTAZAPINE
81231,NAPROXEN
81231,RITONAVIR
81232,
81233,
81234,
81235,
81236,
81237,FENOFIBRATE
81238,DROSPIRENONE; ETHINYL ESTRADIOL
81238,METFORMIN
81239,
81240,
81241,
81242,
81243,AMPHETAMINE; DEXTROAMPHETAMINE
81243,AMPHETAMINE; DEXTROAMPHETAMINE
81244,AZITHROMYCIN
81244,BUDESONIDE; FORMOTEROL
81244,CYCLOBENZAPRINE
81244,DEXLANSOPRAZOLE
81244,NAPROXEN
81245,
81246,ATOMOXETINE
81246,GUANFACINE
81246,TOPIRAMATE
81247,
81248,
81249,CLOBETASOL TOPICAL
81249,MONTELUKAST
81250,
81251,ACETAMINOPHEN; BUTALBITAL; CAFFEINE
81251,ALPRAZOLAM
81251,ATORVASTATIN
81251,ENALAPRIL
81251,LATANOPROST OPHTHALMIC
81251,METOPROLOL
81251,WARFARIN
81252,
81253,
81254,
81255,
81256,BETAXOLOL
81256,LORAZEPAM
81256,MELOXICAM
81256,PRAVASTATIN
81257,ALBUTEROL
81257,ALBUTEROL
81257,BUDESONIDE; FORMOTEROL
81258,
81259,AMLODIPINE
81259,ATORVASTATIN
81259,LISINOPRIL
81259,METOPROLOL
81260,
81261,
81262,
81263,
81264,ETHINYL ESTRADIOL; NORETHINDRONE
81264,METHADONE
81265,DEXMETHYLPHENIDATE
81265,FLUOXETINE
81266,SULFAMETHOXAZOLE; TRIMETHOPRIM
81267,WARFARIN
81268,
81269,LEVOTHYROXINE
81269,LISINOPRIL
81270,
81271,CEFDINIR
81272,
81273,
81274,
81275,METFORMIN
81276,
81277,CEPHALEXIN
81278,LISDEXAMFETAMINE
81279,
81280,
81281,ALBUTEROL
81281,FLUTICASONE NASAL
81281,MONTELUKAST
81282,ATORVASTATIN
81282,HYDROCHLOROTHIAZIDE; TELMISARTAN
81282,VENLAFAXINE
81282,ZOLPIDEM
81283,
81284,ATORVASTATIN
81284,LEVOTHYROXINE
81285,DILTIAZEM
81285,ESTRADIOL
81285,PROGESTERONE TOPICAL
81285,RAMIPRIL
81286,
81287,AMPHETAMINE; DEXTROAMPHETAMINE
81287,CLONAZEPAM
81288,SIMVASTATIN
81289,
81290,
81291,HYDROQUINONE TOPICAL
81292,PITAVASTATIN
81293,BECLOMETHASONE
81293,FLUTICASONE; SALMETEROL
81294,
81295,AMLODIPINE
81295,ATORVASTATIN
81295,CLONAZEPAM
81295,FLUOXETINE
81295,HYDROCHLOROTHIAZIDE
81295,LISINOPRIL
81295,NEBIVOLOL
81295,PANTOPRAZOLE
81296,HYDROCHLOROTHIAZIDE; OLMESARTAN
81296,METOPROLOL
81296,MONTELUKAST
81297,
81298,55555
81298,AMOXICILLIN
81298,HYDROCHLOROTHIAZIDE; VALSARTAN
81299,
81300,
81301,
81302,ALBUTEROL; IPRATROPIUM
81302,BISOPROLOL
81302,DIGOXIN
81302,MORPHINE
81302,OXYCODONE
81302,SPIRONOLACTONE
81302,WARFARIN
81303,
81304,DOXYCYCLINE
81305,
81306,ACETAMINOPHEN; HYDROCODONE
81306,ALBUTEROL
81306,ALPRAZOLAM
81306,CLOPIDOGREL
81306,FAMOTIDINE
81306,PRAVASTATIN
81306,TRAZODONE
81307,LORATADINE
81308,
81309,
81310,
81311,
81312,
81313,
81314,ALBUTEROL
81315,
81316,
81317,
81318,
81319,
81320,
81321,
81322,
81323,
81324,
81325,
81326,
81327,
81328,
81329,ALBUTEROL
81329,AMLODIPINE
81329,CETIRIZINE
81329,HALCINONIDE TOPICAL
81329,IBUPROFEN
81330,
81331,
81332,ALLOPURINOL
81332,ENALAPRIL
81332,GABAPENTIN
81332,MELOXICAM
81332,TRAMADOL
81333,
81334,
81335,AMPHETAMINE; DEXTROAMPHETAMINE
81336,
81337,
81338,
81339,DIPHENHYDRAMINE
81339,ERYTHROMYCIN
81339,LISINOPRIL
81340,
81341,
81342,ETODOLAC
81343,
81344,AMLODIPINE; BENAZEPRIL
81345,IBANDRONATE
81346,
81347,LANSOPRAZOLE
81347,SUCRALFATE
81348,
81349,
81350,BENAZEPRIL
81350,TEMAZEPAM
81350,TRAZODONE
81351,
81352,ONDANSETRON
81352,SIMVASTATIN
81353,FENOFIBRATE
81353,METFORMIN
81353,ROSUVASTATIN
81354,CETIRIZINE
81355,ALBUTEROL
81355,CETIRIZINE
81355,FLUTICASONE
81355,MOMETASONE NASAL
81355,MONTELUKAST
81356,
81357,
81358,COLESEVELAM
81358,GLYBURIDE
81358,HYDROCHLOROTHIAZIDE; LOSARTAN
81359,ASPIRIN
81359,CETIRIZINE
81359,CITALOPRAM
81359,LEVOTHYROXINE
81359,LOSARTAN
81359,OXYBUTYNIN
81359,PRAVASTATIN
81359,TRAZODONE
81360,
81361,
81362,
81363,
81364,
81365,
81366,
81367,
81368,COLESEVELAM
81368,OMEPRAZOLE
81368,QUINAPRIL
81368,SIMVASTATIN
81369,
81370,AMOXICILLIN
81371,
81372,
81373,
81374,NAPROXEN
81375,FENOFIBRATE
81375,HYDROCHLOROTHIAZIDE; TRIAMTERENE
81376,
81377,DIPHENHYDRAMINE
81377,EZETIMIBE
81377,RAMIPRIL
81378,ALBUTEROL
81378,AMITRIPTYLINE
81378,CYCLOBENZAPRINE
81378,FLUTICASONE NASAL
81378,IBUPROFEN
81378,LEVOTHYROXINE
81378,LORATADINE
81378,MELOXICAM
81378,MORPHINE
81378,OMEPRAZOLE
81378,OXYCODONE
81378,SIMVASTATIN
81379,METFORMIN
81379,OLMESARTAN
81380,FUROSEMIDE
81380,HYDRALAZINE
81380,ISOSORBIDE
81380,LISINOPRIL
81380,METOPROLOL
81380,POTASSIUM CHLORIDE
81381,ALENDRONATE
81381,ATENOLOL
81381,FENOFIBRATE
81381,LISINOPRIL
81381,SIMVASTATIN
81382,PANTOPRAZOLE
81383,MONTELUKAST
81384,
81385,ARIPIPRAZOLE
81385,BUSPIRONE
81385,LISINOPRIL
81385,METOPROLOL
81385,ROSUVASTATIN
81385,SERTRALINE
81385,TRAZODONE
81386,
81387,OMEPRAZOLE
81388,
81389,
81390,ALBUTEROL
81390,BECLOMETHASONE
81390,LEVETIRACETAM
81390,TOPIRAMATE
81391,ALBUTEROL
81391,FLUTICASONE; SALMETEROL
81391,LISINOPRIL
81391,PREGABALIN
81392,
81393,AMOXICILLIN
81393,DIPHENHYDRAMINE
81393,ISONIAZID
81394,
81395,
81396,
81397,
81398,ALBUTEROL
81398,CIPROFLOXACIN; DEXAMETHASONE OTIC
81399,ALPRAZOLAM
81399,ATENOLOL
81399,ENALAPRIL
81399,HYDROCHLOROTHIAZIDE
81399,SIMVASTATIN
81400,
81401,
81402,LISDEXAMFETAMINE
81403,
81404,
81405,
81406,
81407,
81408,ACETAMINOPHEN; HYDROCODONE
81408,IBUPROFEN
81409,BUPROPION
81409,FLUTICASONE NASAL
81409,HYDROCHLOROTHIAZIDE
81409,LISINOPRIL
81409,OMEPRAZOLE
81409,SIMVASTATIN
81410,
81411,
81412,GLIPIZIDE; METFORMIN
81413,PAROXETINE
81414,
81415,BUSPIRONE
81415,DUTASTERIDE; TAMSULOSIN
81415,FUROSEMIDE
81415,HYDROCHLOROTHIAZIDE; LISINOPRIL
81415,ISOSORBIDE MONONITRATE
81415,LANSOPRAZOLE
81415,METOPROLOL
81415,POTASSIUM CHLORIDE
81415,SIMVASTATIN
81415,WARFARIN
81416,ESOMEPRAZOLE
81416,HYDROCHLOROTHIAZIDE; LOSARTAN
81416,IBUPROFEN
81416,LORATADINE
81417,
81418,ANTIHYPERTENSIVE AGENTS - UNSPECIFIED
81418,NAPROXEN
81419,
81420,
81421,
81422,
81423,
81424,SERTRALINE
81425,CIPROFLOXACIN; DEXAMETHASONE OTIC
81426,
81427,
81428,
81429,CYCLOBENZAPRINE
81429,MELOXICAM
81429,OLOPATADINE NASAL
81430,WARFARIN
81431,
81432,ALBUTEROL
81433,
81434,ATORVASTATIN
81434,DONEPEZIL
81434,RAMIPRIL
81434,SPIRONOLACTONE
81435,
81436,ALBUTEROL
81436,ATENOLOL
81436,DILTIAZEM
81436,FLUTICASONE; SALMETEROL
81436,GLIMEPIRIDE
81436,LEVOTHYROXINE
81436,LOSARTAN
81436,METFORMIN
81436,SPIRONOLACTONE
81437,
81438,
81439,
81440,AMOXICILLIN
81440,BROMPHENIRAMINE; DEXTROMETHORPHAN; PSEUDOEPHEDRINE
81441,
81442,
81443,
81444,ATORVASTATIN
81444,LEVOTHYROXINE
81444,LISINOPRIL
81445,
81446,
81447,AMLODIPINE
81447,BUSPIRONE
81447,CAPTOPRIL
81447,CITALOPRAM
81447,METOPROLOL
81447,RISPERIDONE
81447,ROSUVASTATIN
81448,INSULIN GLARGINE
81448,INSULIN LISPRO
81448,SIMVASTATIN
81449,
81450,ATENOLOL; CHLORTHALIDONE
81450,LEVOTHYROXINE
81450,PANTOPRAZOLE
81450,SIMVASTATIN
81451,
81452,AMLODIPINE
81452,LOVASTATIN
81452,NAPROXEN
81452,PANTOPRAZOLE
81453,ALBUTEROL
81453,FLUTICASONE NASAL
81453,FLUTICASONE; SALMETEROL
81453,PANTOPRAZOLE
81454,
81455,
81456,GLIMEPIRIDE
81456,LOSARTAN
81456,METFORMIN
81456,SIMVASTATIN
81456,WARFARIN
81457,ETHINYL ESTRADIOL; LEVONORGESTREL
81458,
81459,
81460,AMLODIPINE; BENAZEPRIL
81460,LEVOTHYROXINE
81460,ROSUVASTATIN
81461,
81462,ALBUTEROL
81462,CETIRIZINE
81462,FLUTICASONE; SALMETEROL
81462,LEVOTHYROXINE
81462,MOMETASONE NASAL
81463,AMLODIPINE
81463,COLCHICINE
81463,FUROSEMIDE
81463,HYDRALAZINE
81463,ISOSORBIDE
81463,METOPROLOL
81463,PRAVASTATIN
81463,SPIRONOLACTONE
81464,IMATINIB
81464,LEVOTHYROXINE
81464,OMEPRAZOLE
81465,HYDROCHLOROTHIAZIDE; VALSARTAN
81466,
81467,
81468,SIMVASTATIN
81468,ZOLPIDEM
81469,
81470,
81471,
81472,
81473,
81474,AMLODIPINE
81474,ATORVASTATIN
81474,CARVEDILOL
81474,LOSARTAN
81475,ACETAMINOPHEN; OXYCODONE
81475,ALBUTEROL
81475,BUPROPION
81475,CARISOPRODOL
81475,METAXALONE
81475,MONTELUKAST
81475,NAPROXEN
81475,PAROXETINE
81476,
81477,PREDNISONE
81478,
81479,
81480,
81481,
81482,ALBUTEROL
81482,AMOXICILLIN; CLAVULANATE
81482,FLUTICASONE NASAL
81482,FLUTICASONE; SALMETEROL
81482,PREDNISONE
81482,RANITIDINE
81483,
81484,ARIPIPRAZOLE
81484,BENZTROPINE
81484,BUSPIRONE
81484,FLUOXETINE
81484,FUROSEMIDE
81484,HALOPERIDOL
81484,HYDROCHLOROTHIAZIDE; LISINOPRIL
81484,OXCARBAZEPINE
81484,POTASSIUM CHLORIDE
81484,TRAZODONE
81485,
81486,AMLODIPINE
81486,ATORVASTATIN
81487,BUPROPION
81487,CARBOPLATIN
81487,CARVEDILOL
81487,DOCETAXEL
81487,FLUOXETINE
81487,HYDROCHLOROTHIAZIDE
81487,LISINOPRIL
81487,LORATADINE
81487,LORAZEPAM
81487,PEGFILGRASTIM
81487,TRASTUZUMAB
81487,ZOLPIDEM
81488,
81489,PREDNISONE
81490,
81491,ATORVASTATIN
81491,CIPROFLOXACIN
81491,METFORMIN
81492,
81493,
81494,CITALOPRAM
81494,OMEPRAZOLE
81495,ATORVASTATIN
81495,LISINOPRIL
81496,ARIPIPRAZOLE
81496,CEFDINIR
81496,LISDEXAMFETAMINE
81496,OFLOXACIN OTIC
81497,
81498,
81499,
81500,
81501,
81502,
81503,
81504,DONEPEZIL
81504,NAPROXEN
81505,
81506,
81507,
81508,ALBUTEROL
81508,ALBUTEROL
81508,AMLODIPINE; BENAZEPRIL
81508,CETIRIZINE
81508,HYDROCHLOROTHIAZIDE
81509,AMOXICILLIN
81509,EMTRICITABINE; RILPIVIRINE; TENOFOVIR
81509,IBUPROFEN
81509,TRIAZOLAM
81510,
81511,
81512,ALLOPURINOL
81512,LOSARTAN
81513,
81514,
81515,LORATADINE
81516,77777
81517,
81518,
81519,LISINOPRIL
81519,MINOCYCLINE
81519,PANTOPRAZOLE
81520,
81521,SIMVASTATIN
81522,
81523,ACETAMINOPHEN; HYDROCODONE
81523,OXYBUTYNIN
81523,POTASSIUM CHLORIDE
81523,UREA TOPICAL
81523,VALSARTAN
81524,CARVEDILOL
81524,CLOPIDOGREL
81524,CYCLOSPORINE OPHTHALMIC
81524,ESOMEPRAZOLE
81524,GLIMEPIRIDE
81524,INSULIN GLARGINE
81524,ISOSORBIDE MONONITRATE
81524,LEVOTHYROXINE
81524,LOTEPREDNOL OPHTHALMIC
81524,REPAGLINIDE
81524,SIMVASTATIN
81524,SITAGLIPTIN
81524,VALSARTAN
81525,METHYLPHENIDATE
81526,
81527,
81528,ACETAMINOPHEN; HYDROCODONE
81528,FLUOXETINE
81528,METRONIDAZOLE
81528,OXYBUTYNIN
81528,PROMETHAZINE
81528,SULFAMETHOXAZOLE; TRIMETHOPRIM
81529,
81530,ATORVASTATIN
81530,CLOPIDOGREL
81530,LEVOTHYROXINE
81530,QUINAPRIL
81530,TRAZODONE
81531,
81532,
81533,LORAZEPAM
81534,
81535,LOSARTAN
81536,
81537,
81538,
81539,
81540,
81541,ALBUTEROL
81541,NAPROXEN
81542,
81543,
81544,METHYLPHENIDATE
81545,MONTELUKAST
81546,
81547,ALBUTEROL
81547,FLUTICASONE; SALMETEROL
81547,IBUPROFEN
81548,DILTIAZEM
81548,GLIPIZIDE; METFORMIN
81548,HYDROCHLOROTHIAZIDE; LOSARTAN
81548,LOVASTATIN
81549,
81550,ETANERCEPT
81550,VENLAFAXINE
81551,ALBUTEROL
81552,
81553,ETHINYL ESTRADIOL; NORGESTIMATE
81554,POLYETHYLENE GLYCOL 3350
81555,
81556,ETHINYL ESTRADIOL; LEVONORGESTREL
81557,
81558,
81559,HYDROXYZINE
81560,
81561,CETIRIZINE
81561,FLUTICASONE NASAL
81561,MONTELUKAST
81561,POLYETHYLENE GLYCOL 3350
81562,
81563,
81564,
81565,
81566,ACETAMINOPHEN; HYDROCODONE
81566,CYCLOBENZAPRINE
81567,
81568,ALPRAZOLAM
81568,AMPHETAMINE; DEXTROAMPHETAMINE
81568,FLUOXETINE
81568,IBUPROFEN
81569,
81570,ACETAMINOPHEN; OXYCODONE
81570,DULOXETINE
81570,ESTRADIOL TOPICAL
81570,HYDROCHLOROTHIAZIDE; VALSARTAN
81570,OXYCODONE
81570,PANTOPRAZOLE
81570,POTASSIUM CHLORIDE
81570,SIMVASTATIN
81571,
81572,ALBUTEROL
81572,ALBUTEROL
81572,CETIRIZINE
81572,DIPHENHYDRAMINE
81572,ERYTHROMYCIN OPHTHALMIC
81572,FLUTICASONE; SALMETEROL
81572,MONTELUKAST
81572,PREDNISOLONE OPHTHALMIC
81573,HYDROCHLOROTHIAZIDE; LOSARTAN
81573,LUBIPROSTONE
81573,METFORMIN
81574,
81575,
81576,
81577,ALBUTEROL
81577,ALBUTEROL
81578,ATORVASTATIN
81578,DOXAZOSIN
81578,HYDROCHLOROTHIAZIDE; LOSARTAN
81579,ASPIRIN
81579,HYDROCHLOROTHIAZIDE
81579,IBUPROFEN
81580,ATORVASTATIN
81580,LEVOTHYROXINE
81580,PAROXETINE
81581,HYDROCHLOROTHIAZIDE
81581,LISINOPRIL
81581,METFORMIN
81581,SIMVASTATIN
81581,TAMSULOSIN
81582,METFORMIN
81582,OMEPRAZOLE
81582,PREDNISONE
81582,TAMSULOSIN
81583,AMOXICILLIN
81583,PSEUDOEPHEDRINE
81584,AMLODIPINE
81584,METOPROLOL
81585,FLUTICASONE NASAL
81585,LORATADINE
81585,OMEPRAZOLE
81585,ZOLPIDEM
81586,
81587,
81588,
81589,
81590,
81591,
81592,
81593,AMLODIPINE
81594,
81595,ATENOLOL
81595,DUTASTERIDE
81595,EZETIMIBE; SIMVASTATIN
81595,FUROSEMIDE
81595,TAMSULOSIN
81596,
81597,ATORVASTATIN
81597,CODEINE
81597,DIGOXIN
81597,FUROSEMIDE
81597,LOSARTAN
81597,METOPROLOL
81597,NIFEDIPINE
81597,PRAZOSIN
81598,
81599,
81600,AMITRIPTYLINE
81600,CLOPIDOGREL
81600,LEVALBUTEROL
81600,LOVASTATIN
81600,NIFEDIPINE
81600,PROPRANOLOL
81600,RANITIDINE
81600,TIOTROPIUM
81601,OMEPRAZOLE
81601,TAMSULOSIN
81601,TRAMADOL
81601,VERAPAMIL
81602,
81603,ACETAMINOPHEN; HYDROCODONE
81603,ALBUTEROL
81603,AMITRIPTYLINE
81603,CELECOXIB
81603,EZETIMIBE; SIMVASTATIN
81603,FLUOXETINE
81603,LEVOTHYROXINE
81603,LISINOPRIL
81603,MOMETASONE
81603,PANTOPRAZOLE
81603,RANITIDINE
81604,
81605,
81606,
81607,LISINOPRIL
81608,
81609,ASPIRIN
81609,GLIPIZIDE
81609,LISINOPRIL
81609,LOVASTATIN
81609,METFORMIN
81609,SITAGLIPTIN
81610,FAMOTIDINE
81610,METFORMIN; PIOGLITAZONE
81610,SIMVASTATIN
81611,
81612,
81613,CLONAZEPAM
81613,RISPERIDONE
81613,VENLAFAXINE
81614,AMPHETAMINE; DEXTROAMPHETAMINE
81615,
81616,AZITHROMYCIN
81616,DEXTROMETHORPHAN; PROMETHAZINE
81617,
81618,
81619,
81620,
81621,
81622,AMLODIPINE
81622,HYDROCHLOROTHIAZIDE
81623,
81624,ALPRAZOLAM
81624,LISINOPRIL
81624,VENLAFAXINE
81625,LEVOTHYROXINE
81625,PREDNISONE
81625,ZOLPIDEM
81626,HYDROCHLOROTHIAZIDE; SPIRONOLACTONE
81627,
81628,
81629,ATORVASTATIN
81629,LOSARTAN
81630,CEFUROXIME
81631,ALBUTEROL
81631,BUDESONIDE
81631,MONTELUKAST
81631,RANITIDINE
81632,
81633,MONTELUKAST
81633,SIMVASTATIN
81634,
81635,MOMETASONE NASAL
81636,HYDROCHLOROTHIAZIDE
81636,SIMVASTATIN
81637,
81638,
81639,FLUTICASONE
81640,BUPROPION
81640,DORZOLAMIDE OPHTHALMIC
81640,FUROSEMIDE
81640,LISINOPRIL
81640,OXYBUTYNIN
81640,VENLAFAXINE
81641,
81642,FLUOXETINE
81642,HYDROXYZINE
81642,QUETIAPINE
81643,LEVOTHYROXINE
81644,
81645,
81646,
81647,FAMOTIDINE
81648,ALENDRONATE
81648,CLOPIDOGREL
81648,DESLORATADINE
81648,DICLOFENAC
81648,ESOMEPRAZOLE
81648,GLYBURIDE
81648,HYDROXYCHLOROQUINE
81648,LEVOTHYROXINE
81648,METOPROLOL
81648,SIMVASTATIN
81649,METHYLPHENIDATE
81650,
81651,
81652,
81653,
81654,HYDROCHLOROTHIAZIDE
81654,LISINOPRIL
81654,METOPROLOL
81654,SIMVASTATIN
81655,ATORVASTATIN
81655,FLUTICASONE
81655,FLUTICASONE; SALMETEROL
81655,TIOTROPIUM
81656,
81657,AZITHROMYCIN
81658,
81659,
81660,LISINOPRIL
81661,ENALAPRIL
81661,GUAIFENESIN; PHENYLEPHRINE
81661,LEVOTHYROXINE
81661,METOPROLOL
81662,
81663,
81664,BUPROPION
81664,HYDROCODONE
81664,PANTOPRAZOLE
81664,SIMVASTATIN
81664,SOLIFENACIN
81665,
81666,LAMOTRIGINE
81667,
81668,
81669,HYDROCHLOROTHIAZIDE; LISINOPRIL
81670,
81671,BISOPROLOL; HYDROCHLOROTHIAZIDE
81671,DUTASTERIDE
81671,LOSARTAN
81671,PANTOPRAZOLE
81671,ROSUVASTATIN
81672,
81673,
81674,DICLOFENAC
81674,LEVOTHYROXINE
81674,LISINOPRIL
81675,AMITRIPTYLINE
81675,ATORVASTATIN
81675,METOPROLOL
81676,
81677,HYDROCHLOROTHIAZIDE
81678,
81679,ESOMEPRAZOLE
81679,GABAPENTIN
81680,
81681,METFORMIN
81682,
81683,
81684,
81685,
81686,
81687,
81688,
81689,
81690,
81691,
81692,
81693,
81694,CARVEDILOL
81694,DABIGATRAN
81694,FUROSEMIDE
81694,HYDRALAZINE; ISOSORBIDE DINITRATE
81694,LOSARTAN
81694,METOLAZONE
81694,SIMVASTATIN
81694,SITAGLIPTIN
81695,DIAZEPAM
81696,
81697,FLUTICASONE; SALMETEROL
81698,
81699,NITROFURANTOIN
81700,
81701,HYDROCHLOROTHIAZIDE
81701,LISINOPRIL
81702,
81703,AMLODIPINE
81703,CLOPIDOGREL
81703,FUROSEMIDE
81703,GABAPENTIN
81703,INSULIN
81703,LISINOPRIL
81703,LOVASTATIN
81703,METFORMIN
81703,METOPROLOL
81703,POTASSIUM CHLORIDE
81704,FENOFIBRATE
81704,FLUTICASONE NASAL
81704,LORAZEPAM
81704,NAPROXEN
81705,FLUTICASONE
81705,MOMETASONE NASAL
81705,MONTELUKAST
81706,
81707,AZITHROMYCIN
81708,
81709,ATENOLOL
81709,LISINOPRIL
81709,SIMVASTATIN
81710,
81711,
81712,LOSARTAN
81713,
81714,ESOMEPRAZOLE
81714,ESTRADIOL
81714,GABAPENTIN
81715,HYDROCHLOROTHIAZIDE; LISINOPRIL
81715,LEVOTHYROXINE
81716,
81717,
81718,
81719,GLYBURIDE
81719,METFORMIN
81719,SIMVASTATIN
81719,SITAGLIPTIN
81720,
81721,
81722,ALBUTEROL
81722,FLUTICASONE; SALMETEROL
81722,TRIAMTERENE
81723,
81724,
81725,
81726,GALANTAMINE
81726,LAMOTRIGINE
81726,LEVOTHYROXINE
81727,
81728,FLUTICASONE NASAL
81729,
81730,
81731,
81732,
81733,GLYBURIDE; METFORMIN
81733,HYDROCHLOROTHIAZIDE
81733,LEVOTHYROXINE
81733,LISINOPRIL
81733,PRAVASTATIN
81733,RANITIDINE
81733,TIZANIDINE
81733,TRAMADOL
81734,
81735,LEVOTHYROXINE
81736,ACETAMINOPHEN; HYDROCODONE
81736,AMILORIDE; HYDROCHLOROTHIAZIDE
81736,AMLODIPINE
81736,CITALOPRAM
81736,LOSARTAN
81736,MINOXIDIL
81736,OMEPRAZOLE
81736,SIMVASTATIN
81737,CARVEDILOL
81737,FUROSEMIDE
81737,HYDRALAZINE
81737,INSULIN GLARGINE
81737,IPRATROPIUM
81737,LEVOTHYROXINE
81737,LOSARTAN
81737,NIFEDIPINE
81737,ROSUVASTATIN
81738,
81739,
81740,
81741,RANITIDINE
81742,ATORVASTATIN
81742,METOPROLOL
81743,ALLOPURINOL
81743,AMLODIPINE
81743,ATENOLOL
81743,CAPSAICIN TOPICAL
81743,CLOTRIMAZOLE TOPICAL
81743,FLUOCINONIDE TOPICAL
81743,HYDROCHLOROTHIAZIDE
81743,LOSARTAN
81743,LOVASTATIN
81743,OMEPRAZOLE
81744,
81745,
81746,
81747,
81748,
81749,
81750,
81751,PENICILLIN V POTASSIUM
81752,
81753,BUPROPION
81754,
81755,ALBUTEROL
81755,ALLOPURINOL
81755,FAMOTIDINE
81755,FLUTICASONE
81755,ROSUVASTATIN
81756,
81757,ANTIPYRINE; BENZOCAINE OTIC
81757,CLONAZEPAM
81757,CYPROHEPTADINE
81757,DOCUSATE
81757,FENTANYL
81757,LACOSAMIDE
81757,METHYLNALTREXONE
81757,MORPHINE
81757,OMEPRAZOLE
81757,OXCARBAZEPINE
81757,TRIAMCINOLONE NASAL
81758,
81759,
81760,
81761,
81762,ESCITALOPRAM
81762,ETHINYL ESTRADIOL; ETONOGESTREL
81762,IBUPROFEN
81763,ALBUTEROL
81763,ALPRAZOLAM
81763,AMLODIPINE
81763,ATENOLOL
81763,ATORVASTATIN
81763,CYCLOBENZAPRINE
81763,DULOXETINE
81763,ESOMEPRAZOLE
81763,FUROSEMIDE
81763,IPRATROPIUM
81763,LOSARTAN
81764,ATORVASTATIN
81764,AZATHIOPRINE
81764,CYCLOSPORINE
81764,PREDNISONE
81764,TERAZOSIN
81764,VALSARTAN
81765,
81766,
81767,CITALOPRAM
81767,COLESEVELAM
81767,ESOMEPRAZOLE
81767,NADOLOL
81768,GABAPENTIN
81768,GLATIRAMER
81768,OXYBUTYNIN
81769,
81770,
81771,
81772,AMLODIPINE
81772,HYDROCHLOROTHIAZIDE
81773,
81774,
81775,
81776,
81777,FUROSEMIDE
81777,GABAPENTIN
81777,HYDROCHLOROTHIAZIDE; LOSARTAN
81777,HYDROCORTISONE; NEOMYCIN; POLYMYXIN B OTIC
81777,INSULIN ASPART
81777,INSULIN DETEMIR
81777,LABETALOL
81777,LANSOPRAZOLE
81777,LIRAGLUTIDE
81778,
81779,
81780,LORAZEPAM
81781,GLIPIZIDE
81781,INSULIN ASPART
81782,
81783,
81784,
81785,DIAZEPAM
81785,GEMFIBROZIL
81785,LEVETIRACETAM
81785,PHENOBARBITAL
81785,ROSUVASTATIN
81785,SERTRALINE
81785,TIOTROPIUM
81786,
81787,
81788,LANSOPRAZOLE
81789,OXYCODONE
81790,
81791,
81792,
81793,
81794,
81795,
81796,
81797,ATENOLOL
81797,LEVOTHYROXINE
81797,LISINOPRIL
81797,LORAZEPAM
81797,LOVASTATIN
81798,
81799,LISDEXAMFETAMINE
81800,
81801,
81802,
81803,
81804,TRANEXAMIC ACID
81805,
81806,
81807,
81808,
81809,99999
81810,AMPHETAMINE
81811,
81812,AMLODIPINE
81812,ESTRADIOL
81812,PROPRANOLOL
81812,ROPINIROLE
81813,FLUOXETINE; OLANZAPINE
81813,HYDROCHLOROTHIAZIDE; LISINOPRIL
81813,METFORMIN
81813,OMEPRAZOLE
81813,SIMVASTATIN
81813,TRAZODONE
81814,AMLODIPINE
81814,LISINOPRIL
81814,PRASUGREL
81814,ROSUVASTATIN
81815,
81816,
81817,ALBUTEROL
81817,FLUTICASONE
81817,GRISEOFULVIN
81818,METOPROLOL
81818,OMEPRAZOLE
81818,PRAVASTATIN
81818,WARFARIN
81819,
81820,CLOPIDOGREL
81820,HYDROCHLOROTHIAZIDE; LISINOPRIL
81820,PRAVASTATIN
81821,
81822,
81823,AMLODIPINE
81823,ATORVASTATIN
81823,LISINOPRIL
81823,PIOGLITAZONE
81823,WARFARIN
81824,ASPIRIN
81824,FLUTICASONE; SALMETEROL
81824,HYDROCHLOROTHIAZIDE
81824,TAMSULOSIN
81824,TIOTROPIUM
81825,ATORVASTATIN
81825,BACLOFEN
81825,GABAPENTIN
81825,HYDROCODONE
81825,NORETHINDRONE
81826,AMLODIPINE
81826,LISINOPRIL
81826,SIMVASTATIN
81827,AMLODIPINE
81827,BISOPROLOL; HYDROCHLOROTHIAZIDE
81827,LOVASTATIN
81827,OMEPRAZOLE
81828,ALOGLIPTIN; PIOGLITAZONE
81828,BUPROPION
81828,CARISOPRODOL
81828,QUETIAPINE
81829,TEMAZEPAM
81830,
81831,CELECOXIB
81831,CHLORTHALIDONE
81831,GABAPENTIN
81831,INSULIN GLARGINE
81831,LEVOTHYROXINE
81831,LISINOPRIL
81831,METOPROLOL
81831,OXYBUTYNIN
81831,TRAMADOL
81831,TRAZODONE
81832,AMLODIPINE
81832,ATORVASTATIN
81832,CYCLOPHOSPHAMIDE
81832,FUROSEMIDE
81832,OMEPRAZOLE
81832,PREDNISONE
81832,VALSARTAN
81832,WARFARIN
81833,LISINOPRIL
81833,MESALAMINE
81834,
81835,
81836,ETHINYL ESTRADIOL; NORETHINDRONE
81837,MERCAPTOPURINE
81837,MESALAMINE
81837,METOPROLOL
81838,ALBUTEROL
81839,
81840,
81841,
81842,ALENDRONATE
81842,ALPRAZOLAM
81842,SERTRALINE
81843,
81844,
81845,AMIODARONE
81845,ATORVASTATIN
81845,CARVEDILOL
81845,ENALAPRIL
81845,MEXILETINE
81845,RANOLAZINE
81845,TAMSULOSIN
81845,WARFARIN
81846,
81847,METFORMIN
81848,
81849,METFORMIN
81850,AMLODIPINE
81850,GLIPIZIDE
81850,INDAPAMIDE
81850,LABETALOL
81850,LISINOPRIL
81850,METFORMIN
81850,SIMVASTATIN
81851,DILTIAZEM
81851,DONEPEZIL
81851,FORMOTEROL; MOMETASONE
81851,HYDROCODONE
81851,LORAZEPAM
81851,OMEPRAZOLE
81851,ROSUVASTATIN
81851,TAMSULOSIN
81851,VENLAFAXINE
81851,ZOLPIDEM
81852,
81853,
81854,AMLODIPINE
81854,ATORVASTATIN
81854,NEBIVOLOL
81855,
81856,
81857,AMOXICILLIN
81857,IBUPROFEN
81858,ETHINYL ESTRADIOL; NORGESTIMATE
81859,
81860,
81861,
81862,
81863,ATORVASTATIN
81863,DILTIAZEM
81863,ESOMEPRAZOLE
81863,HYDROCHLOROTHIAZIDE; LISINOPRIL
81863,MOMETASONE NASAL
81863,MONTELUKAST
81864,
81865,
81866,
81867,
81868,
81869,
81870,ETHINYL ESTRADIOL; NORETHINDRONE
81871,ALBUTEROL
81871,ATORVASTATIN
81871,BUDESONIDE
81871,CYCLOSPORINE OPHTHALMIC
81871,FUROSEMIDE
81871,IBANDRONATE
81871,LISINOPRIL
81871,METOPROLOL
81871,MONTELUKAST
81871,ZOLPIDEM
81872,LISINOPRIL
81872,OMEPRAZOLE
81872,SIMVASTATIN
81873,
81874,MOMETASONE NASAL
81875,AMLODIPINE
81875,GEMFIBROZIL
81875,GLIMEPIRIDE
81875,METFORMIN
81875,SITAGLIPTIN
81875,ZOLPIDEM
81876,
81877,
81878,
81879,GABAPENTIN
81879,METOPROLOL
81879,SIMVASTATIN
81879,TOPIRAMATE
81879,TRAMADOL
81880,
81881,
81882,
81883,MELOXICAM
81884,
81885,
81886,AMLODIPINE; HYDROCHLOROTHIAZIDE; OLMESARTAN
81886,FENOFIBRATE
81886,INSULIN ASPART
81886,INSULIN GLARGINE
81887,BENAZEPRIL
81887,METOPROLOL
81887,SIMVASTATIN
81887,WARFARIN
81888,
81889,
81890,AMITRIPTYLINE
81890,OMEPRAZOLE
81890,SERTRALINE
81891,
81892,GUANFACINE
81892,METHYLPHENIDATE
81892,RISPERIDONE
81893,
81894,NAPROXEN
81895,BENAZEPRIL; HYDROCHLOROTHIAZIDE
81895,METFORMIN
81895,SIMVASTATIN
81896,OMEPRAZOLE
81896,ROSUVASTATIN
81896,SPIRONOLACTONE
81897,TOPIRAMATE
81898,
81899,
81900,HYDRALAZINE
81900,LEVOTHYROXINE
81900,METOPROLOL
81900,PANTOPRAZOLE
81901,
81902,
81903,
81904,AMLODIPINE
81904,LISINOPRIL
81905,ACETAMINOPHEN; HYDROCODONE
81905,IBUPROFEN
81906,
81907,
81908,
81909,
81910,
81911,FLUTICASONE NASAL
81911,LISDEXAMFETAMINE
81912,
81913,
81914,
81915,
81916,
81917,
81918,ZOLPIDEM
81919,LEVOTHYROXINE
81920,
81921,AMOXICILLIN
81922,
81923,
81924,
81925,
81926,
81927,
81928,
81929,99999
81930,
81931,
81932,
81933,CITALOPRAM
81933,FENOFIBRATE
81933,FUROSEMIDE
81933,LEVOTHYROXINE
81933,LOVASTATIN
81933,MOMETASONE NASAL
81933,NABUMETONE
81933,NITROGLYCERIN
81933,OLOPATADINE OPHTHALMIC
81933,OMEPRAZOLE
81933,POTASSIUM CHLORIDE
81933,QUETIAPINE
81934,ATORVASTATIN
81935,ARIPIPRAZOLE
81935,CYCLOBENZAPRINE
81935,LAMOTRIGINE
81935,OMEPRAZOLE
81935,TRAMADOL
81936,
81937,CARBAMAZEPINE
81937,FLUOXETINE
81938,
81939,
81940,
81941,
81942,
81943,
81944,
81945,
81946,
81947,
81948,
81949,
81950,AMLODIPINE
81950,CARVEDILOL
81950,FUROSEMIDE
81950,LISINOPRIL
81950,NITROFURANTOIN
81950,PRAVASTATIN
81950,SPIRONOLACTONE
81951,
81952,ALENDRONATE
81952,ATORVASTATIN
81952,CELECOXIB
81952,DULOXETINE
81952,METFORMIN
81952,NIACIN
81952,SITAGLIPTIN
81953,AMOXICILLIN
81954,
81955,
81956,ALBUTEROL
81956,FLUTICASONE; SALMETEROL
81957,
81958,
81959,LATANOPROST OPHTHALMIC
81959,OMEPRAZOLE
81960,
81961,
81962,DILTIAZEM
81962,INSULIN ASPART
81962,LOSARTAN
81962,PRAVASTATIN
81963,
81964,
81965,
81966,DIAZEPAM
81966,NEBIVOLOL
81967,
81968,BUPRENORPHINE
81968,CITALOPRAM
81969,
81970,HYDROCHLOROTHIAZIDE
81970,LISINOPRIL
81971,ALPRAZOLAM
81971,BUPRENORPHINE; NALOXONE
81972,
81973,
81974,
81975,BUPROPION
81975,LEVOTHYROXINE
81975,MELOXICAM
81975,SERTRALINE
81976,
81977,
81978,ACETAMINOPHEN; HYDROCODONE
81978,ALPRAZOLAM
81978,EXEMESTANE
81978,HYDROCHLOROTHIAZIDE
81978,POTASSIUM CHLORIDE
81979,AMLODIPINE
81979,HYDROCHLOROTHIAZIDE
81980,
81981,
81982,AMLODIPINE; BENAZEPRIL
81982,CLONIDINE
81982,EXEMESTANE
81982,METFORMIN; PIOGLITAZONE
81982,METOPROLOL
81982,SIMVASTATIN
81983,AMLODIPINE
81983,ESOMEPRAZOLE
81983,FENOFIBRIC ACID
81983,METOPROLOL
81983,PRAVASTATIN
81984,
81985,
81986,
81987,AMLODIPINE
81987,ASPIRIN
81987,ATORVASTATIN
81988,CARVEDILOL
81988,ENALAPRIL
81988,FLUTICASONE; VILANTEROL
81988,ISOSORBIDE MONONITRATE
81988,METFORMIN
81988,MONTELUKAST
81988,PRAVASTATIN
81988,RANOLAZINE
81989,ATENOLOL
81989,MYCOPHENOLIC ACID
81989,OMEPRAZOLE
81989,PREDNISONE
81989,TACROLIMUS
81990,
81991,AMOXICILLIN
81992,CODEINE; GUAIFENESIN
81993,
81994,
81995,CLONIDINE
81995,FUROSEMIDE
81995,GLYBURIDE
81995,LOSARTAN
81995,METFORMIN
81996,
81997,RANITIDINE
81998,ALBUTEROL
81998,BECLOMETHASONE
81999,
82000,
82001,RANITIDINE
82002,
82003,HYDROCODONE
82004,AMOXICILLIN
82004,RANITIDINE
82005,ATORVASTATIN
82005,HYDROCHLOROTHIAZIDE; LISINOPRIL
82005,OMEPRAZOLE
82006,GLYBURIDE
82006,LOVASTATIN
82006,METFORMIN
82007,ALBUTEROL
82007,CITALOPRAM
82007,FORMOTEROL; MOMETASONE
82007,HYDROCHLOROTHIAZIDE
82007,HYDROXYZINE
82007,LISINOPRIL
82008,
82009,
82010,
82011,
82012,CITALOPRAM
82012,LISINOPRIL
82012,OMEPRAZOLE
82012,SIMVASTATIN
82013,
82014,LORATADINE
82015,AMLODIPINE
82015,LISINOPRIL
82016,
82017,MEDROXYPROGESTERONE
82018,
82019,HYDROCHLOROTHIAZIDE; QUINAPRIL
82020,
82021,ASPIRIN
82021,CONJUGATED ESTROGENS
82021,FLUTICASONE NASAL
82021,LORATADINE
82022,DEXMETHYLPHENIDATE
82023,
82024,
82025,ACETAMINOPHEN; CODEINE
82025,ATORVASTATIN
82025,CHLORTHALIDONE
82025,IPRATROPIUM NASAL
82025,OXYCODONE
82025,PANTOPRAZOLE
82025,POTASSIUM CHLORIDE
82025,ZOLPIDEM
82026,ACETAMINOPHEN; TRAMADOL
82026,AMIODARONE
82026,ATORVASTATIN
82026,CARVEDILOL
82026,CITALOPRAM
82026,INSULIN ASPART
82026,INSULIN DETEMIR
82026,LISINOPRIL
82026,METFORMIN
82026,PANTOPRAZOLE
82026,PIOGLITAZONE
82026,WARFARIN
82027,DRONEDARONE
82027,ROSUVASTATIN
82028,
82029,LORATADINE
82030,
82031,CARVEDILOL
82031,CITALOPRAM
82031,DILTIAZEM
82032,
82033,MONTELUKAST
82034,
82035,
82036,
82037,
82038,
82039,
82040,
82041,FUROSEMIDE
82042,
82043,LOSARTAN
82044,
82045,
82046,DUTASTERIDE
82046,FUROSEMIDE
82046,GABAPENTIN
82046,INSULIN
82046,METHYLPREDNISOLONE
82046,METOPROLOL
82046,SULFASALAZINE
82046,ZOLPIDEM
82047,
82048,
82049,
82050,DROSPIRENONE; ETHINYL ESTRADIOL
82051,
82052,IMIPRAMINE
82052,LISINOPRIL
82052,PANTOPRAZOLE
82052,SIMVASTATIN
82053,
82054,
82055,ATORVASTATIN
82055,FAMOTIDINE
82055,FUROSEMIDE
82055,INSULIN GLARGINE
82055,OXYBUTYNIN
82055,SERTRALINE
82056,CAPTOPRIL
82056,CLOPIDOGREL
82056,INSULIN
82056,LEVOTHYROXINE
82056,METFORMIN
82056,METOPROLOL
82056,PENTOXIFYLLINE
82056,ROSUVASTATIN
82057,
82058,ALLOPURINOL
82059,
82060,
82061,AMLODIPINE
82061,INSULIN ISOPHANE; INSULIN REGULAR
82061,LOSARTAN
82061,RANITIDINE
82061,SIMVASTATIN
82061,TRAMADOL
82062,ACETAMINOPHEN; HYDROCODONE
82062,CETIRIZINE
82062,CONJUGATED ESTROGENS
82062,CYCLOBENZAPRINE
82062,CYPROHEPTADINE
82062,DIAZEPAM
82062,IBUPROFEN
82062,LEVOTHYROXINE
82062,OMEPRAZOLE
82063,
82064,
82065,AMOXICILLIN
82066,
82067,INSULIN ASPART
82067,LISINOPRIL
82067,PREGABALIN
82067,SIMVASTATIN
82068,
82069,
82070,
82071,ANTI-INFECTIVES - UNSPECIFIED
82072,99999
82073,
82074,AMOXICILLIN
82075,
82076,
82077,
82078,
82079,
82080,
82081,
82082,
82083,ESTRADIOL
82084,AMOXICILLIN
82085,
82086,
82087,VENLAFAXINE
82088,CETIRIZINE
82088,INSULIN ISOPHANE (NPH)
82088,INSULIN LISPRO
82089,OXYCODONE
82089,OXYCODONE
82090,AMLODIPINE
82090,PRAVASTATIN
82091,FUROSEMIDE
82091,POTASSIUM CHLORIDE
82092,LISINOPRIL
82092,PRAVASTATIN
82093,
82094,
82095,FAMOTIDINE
82095,HYOSCYAMINE
82095,NITROFURANTOIN
82095,ONDANSETRON
82096,
82097,
82098,ATORVASTATIN
82098,GABAPENTIN
82098,HYDROCHLOROTHIAZIDE; LISINOPRIL
82098,INSULIN GLARGINE
82098,INSULIN LISPRO
82098,METFORMIN
82098,METFORMIN
82098,POLYETHYLENE GLYCOL 3350
82099,OLANZAPINE
82099,OMEPRAZOLE
82099,SERTRALINE
82100,
82101,
82102,
82103,ALPRAZOLAM
82103,MIRTAZAPINE
82103,SOTALOL
82103,TRAMADOL
82103,VENLAFAXINE
82103,WARFARIN
82104,
82105,
82106,
82107,AMLODIPINE
82107,LOSARTAN
82108,
82109,
82110,
82111,
82112,ETHINYL ESTRADIOL; NORGESTIMATE
82113,CODEINE
82113,NAPROXEN
82113,QUETIAPINE
82113,VENLAFAXINE
82114,
82115,
82116,
82117,CITALOPRAM
82117,TRAZODONE
82118,
82119,
82120,LEVOTHYROXINE
82121,
82122,
82123,
82124,
82125,PRAVASTATIN
82126,
82127,
82128,DERMATOLOGICAL AGENTS - UNSPECIFIED
82129,AMOXICILLIN
82129,HYDROCORTISONE TOPICAL
82130,HYDROCHLOROTHIAZIDE; LISINOPRIL
82131,INSULIN GLARGINE
82131,LISINOPRIL
82131,MESALAMINE
82131,MESALAMINE
82131,MIGLITOL
82131,OMEPRAZOLE
82131,RANITIDINE
82131,SIMVASTATIN
82132,
82133,ATENOLOL
82133,DULOXETINE
82133,ROPINIROLE
82134,
82135,
82136,
82137,
82138,ARIPIPRAZOLE
82138,BENZONATATE
82138,BUDESONIDE; FORMOTEROL
82138,LOPERAMIDE
82138,LOSARTAN
82138,OLANZAPINE
82139,
82140,
82141,
82142,
82143,ALBUTEROL
82143,CARVEDILOL
82143,PANTOPRAZOLE
82143,SIMVASTATIN
82144,ARIPIPRAZOLE
82144,ATORVASTATIN
82144,BACLOFEN
82144,CITALOPRAM
82144,GABAPENTIN
82144,OMEPRAZOLE
82144,OXYBUTYNIN
82144,RALOXIFENE
82145,
82146,
82147,
82148,SELENIUM SULFIDE TOPICAL
82149,
82150,
82151,
82152,
82153,
82154,
82155,
82156,
82157,
82158,ESOMEPRAZOLE
82159,
82160,
82161,MESALAMINE
82162,
82163,ACETAMINOPHEN; HYDROCODONE
82163,COLESEVELAM
82163,CYCLOBENZAPRINE
82163,GABAPENTIN
82163,LISINOPRIL
82163,SIMVASTATIN
82163,TRAZODONE
82164,
82165,
82166,ALBUTEROL
82167,AMLODIPINE; BENAZEPRIL
82167,ATORVASTATIN
82167,FLUTICASONE NASAL
82167,HYDROCHLOROTHIAZIDE
82168,
82169,
82170,
82171,ACETAMINOPHEN; HYDROCODONE
82171,AMLODIPINE
82171,BACLOFEN
82171,DOXAZOSIN
82171,GABAPENTIN
82172,AMPHETAMINE; DEXTROAMPHETAMINE
82172,CLONAZEPAM
82173,NIZATIDINE
82173,PRAVASTATIN
82174,AMOXICILLIN
82175,METHYLPHENIDATE
82176,
82177,
82178,
82179,
82180,
82181,
82182,FLUTICASONE; SALMETEROL
82182,LISINOPRIL
82182,MONTELUKAST
82182,SIMVASTATIN
82183,
82184,ATORVASTATIN
82184,BISOPROLOL
82184,OMEPRAZOLE
82184,QUINAPRIL
82185,RANITIDINE
82186,
82187,ETHINYL ESTRADIOL; NORETHINDRONE
82188,
82189,
82190,
82191,CLOPIDOGREL
82191,FUROSEMIDE
82191,LOSARTAN
82191,METOPROLOL
82191,WARFARIN
82192,
82193,AMPHETAMINE; DEXTROAMPHETAMINE
82194,CIPROFLOXACIN OPHTHALMIC
82195,
82196,
82197,
82198,
82199,
82200,ALPRAZOLAM
82200,CITALOPRAM
82201,ASPIRIN
82201,ATORVASTATIN
82201,BENAZEPRIL
82201,LORAZEPAM
82202,
82203,ALBUTEROL
82203,MONTELUKAST
82204,DICLOFENAC
82205,77777
82206,
82207,ACETAMINOPHEN; BUTALBITAL; CAFFEINE
82207,DULOXETINE
82207,METFORMIN
82207,METHOCARBAMOL
82207,MODAFINIL
82207,NAPROXEN
82207,OXYCODONE
82207,OXYMORPHONE
82207,TEMAZEPAM
82208,
82209,
82210,
82211,ACYCLOVIR
82211,BUPROPION
82211,DEXLANSOPRAZOLE
82211,HYDROCHLOROTHIAZIDE; OLMESARTAN
82211,LEVOTHYROXINE
82211,TOPIRAMATE
82212,ACETAMINOPHEN; HYDROCODONE
82212,HYDROCHLOROTHIAZIDE
82212,INSULIN GLARGINE
82212,LISINOPRIL
82212,METFORMIN
82213,
82214,
82215,
82216,ACETAMINOPHEN; HYDROCODONE
82216,DESVENLAFAXINE
82217,
82218,ADAPALENE; BENZOYL PEROXIDE TOPICAL
82218,ETHINYL ESTRADIOL; NORETHINDRONE
82219,CLONAZEPAM
82219,GABAPENTIN
82219,MIRTAZAPINE
82219,QUETIAPINE
82219,USTEKINUMAB
82220,
82221,
82222,CLONIDINE
82223,
82224,
82225,
82226,
82227,LEVOTHYROXINE
82227,LISINOPRIL
82227,RALOXIFENE
82228,
82229,
82230,
82231,
82232,
82233,CAPTOPRIL
82233,DILTIAZEM
82233,FENOFIBRATE
82233,FUROSEMIDE
82233,INSULIN GLARGINE
82233,INSULIN LISPRO
82233,METFORMIN
82233,OMEPRAZOLE
82233,SIMVASTATIN
82234,
82235,DICLOFENAC TOPICAL
82235,PANTOPRAZOLE
82236,ATENOLOL
82236,ATORVASTATIN
82236,HYDROCHLOROTHIAZIDE
82236,LOSARTAN
82236,MELOXICAM
82237,
82238,AMLODIPINE
82238,METFORMIN
82238,METOPROLOL
82238,OMEPRAZOLE
82239,
82240,
82241,ESCITALOPRAM
82242,
82243,WARFARIN
82244,
82245,
82246,
82247,
82248,
82249,AMOXICILLIN
82250,
82251,
82252,
82253,
82254,CLOPIDOGREL
82254,INDOMETHACIN
82254,METOPROLOL
82254,ROSUVASTATIN
82255,
82256,MONTELUKAST
82257,ETHINYL ESTRADIOL; NORELGESTROMIN
82258,
82259,
82260,
82261,DIPHENHYDRAMINE
82261,GEMFIBROZIL
82261,GLIMEPIRIDE
82261,HYDROCHLOROTHIAZIDE; LOSARTAN
82261,MECLIZINE
82261,METFORMIN
82261,METOPROLOL
82261,OMEPRAZOLE
82261,ORPHENADRINE
82261,ZOLPIDEM
82262,AMOXICILLIN
82263,
82264,
82265,
82266,
82267,
82268,
82269,
82270,
82271,
82272,
82273,
82274,
82275,AMPICILLIN
82276,
82277,HYDROCHLOROTHIAZIDE
82277,PRAVASTATIN
82278,
82279,
82280,
82281,METHYLPREDNISOLONE
82282,
82283,
82284,
82285,CARVEDILOL
82285,CLONIDINE
82285,ETODOLAC
82285,FUROSEMIDE
82285,GABAPENTIN
82285,HYDROCHLOROTHIAZIDE; LISINOPRIL
82285,INSULIN GLARGINE
82285,INSULIN LISPRO
82285,POTASSIUM CHLORIDE
82285,SIMVASTATIN
82285,TOLTERODINE
82286,
82287,
82288,
82289,AMOXICILLIN
82290,
82291,LORATADINE
82291,LOSARTAN
82291,MONTELUKAST
82292,
82293,
82294,
82295,TAMSULOSIN
82296,
82297,99999
82298,
82299,ALBUTEROL
82299,FLUTICASONE
82299,LORATADINE
82300,CITALOPRAM
82300,NAPROXEN
82301,
82302,
82303,
82304,
82305,LORATADINE
82306,
82307,
82308,
82309,
82310,
82311,
82312,ESCITALOPRAM
82313,
82314,
82315,
82316,HYDROXYZINE
82316,LIRAGLUTIDE
82316,METFORMIN
82316,METOPROLOL
82316,PIOGLITAZONE
82316,SIMVASTATIN
82316,SOLIFENACIN
82316,TAMSULOSIN
82316,VALSARTAN
82317,
82318,
82319,ACETAMINOPHEN; HYDROCODONE
82319,IBUPROFEN
82319,PHENAZOPYRIDINE
82319,SULFAMETHOXAZOLE; TRIMETHOPRIM
82320,
82321,AMLODIPINE
82321,DEXLANSOPRAZOLE
82321,DOXYCYCLINE
82322,HYDROCHLOROTHIAZIDE; IRBESARTAN
82323,
82324,
82325,
82326,ALBUTEROL
82326,BECLOMETHASONE
82327,
82328,
82329,
82330,CARVEDILOL
82330,CITALOPRAM
82330,CLONAZEPAM
82330,HYDROXYCHLOROQUINE
82330,LEVOTHYROXINE
82330,MELOXICAM
82330,METFORMIN; SAXAGLIPTIN
82330,OMEPRAZOLE
82330,ROSUVASTATIN
82331,
82332,
82333,
82334,
82335,HYDROCHLOROTHIAZIDE; LISINOPRIL
82335,LINAGLIPTIN; METFORMIN
82335,SIMVASTATIN
82335,VILAZODONE
82336,
82337,CLINDAMYCIN
82338,
82339,
82340,
82341,
82342,
82343,AMLODIPINE
82343,HYDROCHLOROTHIAZIDE; TRIAMTERENE
82343,LEVOTHYROXINE
82344,AMLODIPINE
82344,HYDROCHLOROTHIAZIDE; LISINOPRIL
82345,LISINOPRIL
82346,ACETAMINOPHEN; HYDROCODONE
82346,ATORVASTATIN
82346,AZELASTINE NASAL
82346,CYCLOBENZAPRINE
82346,DARIFENACIN
82346,ESTERIFIED ESTROGENS; METHYLTESTOSTERONE
82346,HYDROCHLOROTHIAZIDE
82346,LEVOCETIRIZINE
82346,MELOXICAM
82346,OMEPRAZOLE
82346,TERBINAFINE
82347,
82348,ONDANSETRON
82349,
82350,
82351,
82352,
82353,
82354,LEVOTHYROXINE
82354,VENLAFAXINE
82355,ALENDRONATE
82355,ALPRAZOLAM
82355,AMLODIPINE
82355,CLOPIDOGREL
82355,ESCITALOPRAM
82355,LEVOTHYROXINE
82355,METFORMIN
82355,METOPROLOL
82355,ROSUVASTATIN
82356,AMLODIPINE
82356,FUROSEMIDE
82356,GLIPIZIDE
82356,HYDRALAZINE
82356,LOSARTAN
82356,LOVASTATIN
82356,OMEPRAZOLE
82356,POTASSIUM CHLORIDE
82357,
82358,
82359,SUMATRIPTAN
82360,
82361,
82362,
82363,ACETAMINOPHEN; HYDROCODONE
82363,HYDROCHLOROTHIAZIDE; LISINOPRIL
82364,
82365,
82366,
82367,
82368,
82369,
82370,AMLODIPINE
82370,ATORVASTATIN
82370,FLUTICASONE NASAL
82370,FUROSEMIDE
82370,METFORMIN
82370,OMEPRAZOLE
82371,
82372,CLOPIDOGREL
82372,ESCITALOPRAM
82372,INSULIN GLARGINE
82372,INSULIN GLULISINE
82372,LISINOPRIL
82372,METOPROLOL
82372,PRAVASTATIN
82373,
82374,
82375,
82376,
82377,
82378,
82379,
82380,
82381,ATENOLOL
82382,GRISEOFULVIN
82383,
82384,
82385,
82386,
82387,
82388,PENICILLIN
82389,ACETAMINOPHEN; BUTALBITAL; CAFFEINE
82389,ACETAMINOPHEN; OXYCODONE
82389,CLONIDINE
82389,METHOCARBAMOL
82389,PROMETHAZINE
82390,
82391,
82392,CETIRIZINE
82393,
82394,
82395,
82396,
82397,
82398,
82399,
82400,
82401,
82402,FENOFIBRATE
82402,LISINOPRIL
82402,METFORMIN
82402,METOPROLOL
82402,SIMVASTATIN
82403,ANTIHYPERLIPIDEMIC AGENTS - UNSPECIFIED
82403,ANTIHYPERTENSIVE AGENTS - UNSPECIFIED
82404,ACETAMINOPHEN; HYDROCODONE
82404,TIZANIDINE
82405,ARIPIPRAZOLE
82405,BUPROPION
82405,ESCITALOPRAM
82405,TOPIRAMATE
82406,ALBUTEROL
82406,ARIPIPRAZOLE
82406,CICLOPIROX TOPICAL
82406,EZETIMIBE
82406,FLUPHENAZINE
82406,FLUTICASONE; SALMETEROL
82406,LINAGLIPTIN
82406,METFORMIN
82407,
82408,
82409,TRAMADOL
82410,
82411,
82412,LEVOTHYROXINE
82413,ALPRAZOLAM
82413,CLOBETASOL TOPICAL
82413,DILTIAZEM
82413,DOXYCYCLINE
82413,SERTRALINE
82414,
82415,
82416,AMLODIPINE
82416,ATORVASTATIN
82416,HYDROCHLOROTHIAZIDE
82416,LISINOPRIL
82417,OMEPRAZOLE
82418,ATOMOXETINE
82418,DEXTROAMPHETAMINE
82419,
82420,
82421,
82422,
82423,
82424,RALOXIFENE
82425,LANSOPRAZOLE
82425,ZOLPIDEM
82426,ALPRAZOLAM
82426,VENLAFAXINE
82426,ZOLPIDEM
82427,ACETAMINOPHEN; BUTALBITAL; CAFFEINE
82428,
82429,
82430,
82431,
82432,ASPIRIN
82432,ATENOLOL
82432,HYDROCHLOROTHIAZIDE
82432,LISINOPRIL
82433,
82434,OMEPRAZOLE
82435,ALBUTEROL; IPRATROPIUM
82435,FINASTERIDE
82435,HYDROCHLOROTHIAZIDE
82435,LISINOPRIL
82435,LORATADINE
82435,METOPROLOL
82435,MOMETASONE
82435,NITROGLYCERIN
82435,OMEPRAZOLE
82435,SALMETEROL
82435,SIMVASTATIN
82435,TERAZOSIN
82436,GLIPIZIDE
82436,IBUPROFEN
82436,METFORMIN
82437,
82438,
82439,LEVOTHYROXINE
82440,CITALOPRAM
82440,HYDROCHLOROTHIAZIDE; QUINAPRIL
82441,ATORVASTATIN
82441,CARVEDILOL
82441,DULOXETINE
82441,HYDROCHLOROTHIAZIDE
82441,SOLIFENACIN
82441,VERAPAMIL
82442,
82443,
82444,
82445,TAMOXIFEN
82446,ATORVASTATIN
82446,CARVEDILOL
82446,CLOPIDOGREL
82446,LISINOPRIL
82446,METFORMIN
82447,FLUOXETINE
82448,ACETAMINOPHEN; HYDROCODONE
82448,GABAPENTIN
82449,
82450,
82451,RANITIDINE
82452,
82453,
82454,
82455,
82456,
82457,
82458,CEFDINIR
82459,ATENOLOL
82459,CIPROFLOXACIN
82459,ROPINIROLE
82459,TEMAZEPAM
82460,CITALOPRAM
82460,ESOMEPRAZOLE
82460,LOSARTAN
82460,METFORMIN
82460,MOMETASONE NASAL
82460,MONTELUKAST
82460,OXYBUTYNIN
82460,PRAMIPEXOLE
82460,TIZANIDINE
82461,METFORMIN
82462,
82463,
82464,
82465,
82466,ALISKIREN; HYDROCHLOROTHIAZIDE
82466,AMLODIPINE; VALSARTAN
82466,FUROSEMIDE
82466,NEBIVOLOL
82466,PRAVASTATIN
82467,
82468,
82469,
82470,
82471,
82472,
82473,
82474,
82475,
82476,CICLESONIDE
82476,TIOTROPIUM
82477,
82478,
82479,
82480,
82481,RANITIDINE
82482,ALCAFTADINE OPHTHALMIC
82482,CLOPIDOGREL
82482,INSULIN GLARGINE
82482,INSULIN LISPRO
82482,METOPROLOL
82482,ROSUVASTATIN
82482,TRAVOPROST OPHTHALMIC
82482,VALSARTAN
82483,
82484,FLUTICASONE
82485,
82486,
82487,
82488,ADALIMUMAB
82488,CALCIPOTRIENE TOPICAL
82488,SIMVASTATIN
82489,CETIRIZINE
82490,
82491,
82492,ETHINYL ESTRADIOL; NORGESTIMATE
82493,
82494,
82495,RANITIDINE
82496,
82497,MINOCYCLINE
82497,TRETINOIN TOPICAL
82498,
82499,
82500,CETIRIZINE
82500,HYDROCODONE
82500,MELOXICAM
82500,TIZANIDINE
82501,
82502,
82503,ETHINYL ESTRADIOL; NORGESTIMATE
82504,99999
82504,ALBUTEROL
82504,ALBUTEROL
82504,BECLOMETHASONE
82504,BUDESONIDE; FORMOTEROL
82504,NITROGLYCERIN
82505,DEXMETHYLPHENIDATE
82506,
82507,LISINOPRIL
82507,METOPROLOL
82507,SIMVASTATIN
82508,
82509,APIXABAN
82509,METOPROLOL
82510,
82511,
82512,LEVOTHYROXINE
82513,ANTI-INFECTIVES - UNSPECIFIED
82514,
82515,
82516,
82517,99999
82517,LISINOPRIL
82517,OMEPRAZOLE
82518,
82519,
82520,HYDROCODONE
82521,CLONIDINE
82521,DILTIAZEM
82521,DOXAZOSIN
82521,FUROSEMIDE
82521,LANSOPRAZOLE
82521,LISINOPRIL
82522,
82523,INSULIN ASPART
82523,INSULIN ASPART; INSULIN ASPART PROTAMINE
82524,
82525,
82526,
82527,DILTIAZEM
82527,ESCITALOPRAM
82527,ETHINYL ESTRADIOL; NORETHINDRONE
82527,LEVOTHYROXINE
82528,ISOTRETINOIN
82529,
82530,
82531,
82532,
82533,ALPRAZOLAM
82533,CYCLOBENZAPRINE
82533,DESOGESTREL; ETHINYL ESTRADIOL
82533,FLUVOXAMINE
82534,
82535,ATORVASTATIN
82535,HYDROCHLOROTHIAZIDE; VALSARTAN
82536,ESTRADIOL
82537,99999
82538,
82539,
82540,
82541,COLESTIPOL
82541,GLIMEPIRIDE
82541,METFORMIN; SITAGLIPTIN
82541,METOPROLOL
82542,CLOPIDOGREL
82542,FINASTERIDE
82542,METOPROLOL
82542,SIMVASTATIN
82542,TAMSULOSIN
82543,CETIRIZINE
82543,DIPHENHYDRAMINE
82543,HYDROXYZINE
82544,
82545,
82546,
82547,LOSARTAN
82548,
82549,
82550,
82551,ALBUTEROL
82551,BUDESONIDE
82552,
82553,
82554,
82555,
82556,
82557,MOMETASONE NASAL
82558,ATORVASTATIN
82558,CONJUGATED ESTROGENS
82558,PROPRANOLOL
82558,SUMATRIPTAN
82559,
82560,ANTIHYPERLIPIDEMIC AGENTS - UNSPECIFIED
82560,GLIMEPIRIDE
82560,METFORMIN
82561,
82562,ESCITALOPRAM
82562,METFORMIN
82562,RAMIPRIL
82562,VENLAFAXINE
82563,
82564,AMLODIPINE
82565,AMLODIPINE
82565,BENAZEPRIL
82565,SIMVASTATIN
82566,AMLODIPINE
82566,ROSUVASTATIN
82567,
82568,
82569,
82570,LISINOPRIL
82570,LOVASTATIN
82570,METOPROLOL
82570,NIFEDIPINE
82571,
82572,CLOPIDOGREL
82572,ISOSORBIDE
82572,LANSOPRAZOLE
82572,LISINOPRIL
82572,METOPROLOL
82572,NITROGLYCERIN
82572,RANOLAZINE
82572,ROSUVASTATIN
82573,
82574,
82575,
82576,AMLODIPINE
82576,METOPROLOL
82576,PRAVASTATIN
82576,RALOXIFENE
82576,VALSARTAN
82577,DROSPIRENONE; ETHINYL ESTRADIOL; LEVOMEFOLATE
82578,DEXTROMETHORPHAN; PROMETHAZINE
82579,HYDROXYCHLOROQUINE
82579,METHOTREXATE
82579,OMEPRAZOLE
82579,PHENOBARBITAL
82579,PHENYTOIN
82579,PROPRANOLOL
82579,RAMIPRIL
82580,CARVEDILOL
82580,CLOPIDOGREL
82580,DIGOXIN
82580,FUROSEMIDE
82580,LISINOPRIL
82580,POTASSIUM CHLORIDE
82580,PRAVASTATIN
82581,
82582,AMLODIPINE; ATORVASTATIN
82583,
82584,LANSOPRAZOLE
82585,
82586,
82587,
82588,
82589,
82590,
82591,
82592,BUPROPION
82592,METHYLPHENIDATE
82593,ALBUTEROL
82593,MOMETASONE NASAL
82594,
82595,ALBUTEROL
82595,FLUOXETINE
82596,ESOMEPRAZOLE
82596,TAMSULOSIN
82596,VALSARTAN
82597,SIMVASTATIN
82597,VALSARTAN
82598,
82599,ALBUTEROL
82599,BECLOMETHASONE
82600,AMOXICILLIN
82601,FINASTERIDE
82601,LISINOPRIL
82601,PANTOPRAZOLE
82602,ALBUTEROL
82602,BECLOMETHASONE
82603,LOSARTAN
82604,VARENICLINE
82605,METFORMIN
82605,ROSUVASTATIN
82606,
82607,
82608,FLUTICASONE
82608,OXYCODONE
82608,PREDNISOLONE OPHTHALMIC
82609,
82610,ATENOLOL
82610,LOSARTAN
82610,ROSUVASTATIN
82610,TEMAZEPAM
82611,
82612,ACETAMINOPHEN; CODEINE
82612,LISINOPRIL
82612,POTASSIUM CHLORIDE
82613,
82614,
82615,AMLODIPINE
82615,INSULIN ISOPHANE; INSULIN REGULAR
82615,LOSARTAN
82615,METOPROLOL
82615,POTASSIUM CHLORIDE
82615,PRAVASTATIN
82616,ACETAMINOPHEN; OXYCODONE
82616,FENOFIBRATE
82616,GLIMEPIRIDE
82616,LISINOPRIL
82616,MELOXICAM
82616,METFORMIN
82616,SIMVASTATIN
82617,ALBUTEROL
82618,OMEPRAZOLE
82619,AMLODIPINE
82619,DIGOXIN
82619,METOPROLOL
82619,RAMIPRIL
82619,ROSUVASTATIN
82620,ONDANSETRON
82621,
82622,AMOXICILLIN
82623,
82624,
82625,ACETAMINOPHEN; HYDROCODONE
82625,ALBUTEROL
82625,AMLODIPINE
82625,BUDESONIDE; FORMOTEROL
82625,CARVEDILOL
82625,CELECOXIB
82625,DEXLANSOPRAZOLE
82625,NITROFURANTOIN
82626,
82627,
82628,
82629,ACETAMINOPHEN; HYDROCODONE
82629,CITALOPRAM
82629,FEBUXOSTAT
82629,METFORMIN
82629,OXYCODONE
82630,DIVALPROEX SODIUM
82630,FLUOXETINE
82630,RANITIDINE
82631,
82632,
82633,
82634,99999
82635,OXCARBAZEPINE
82636,CYCLOBENZAPRINE
82637,HYDROCHLOROTHIAZIDE
82638,
82639,
82640,LOTEPREDNOL OPHTHALMIC
82641,
82642,FAMOTIDINE
82642,MEPROBAMATE
82642,NITRAZEPAM
82643,
82644,
82645,
82646,
82647,
82648,
82649,
82650,CONJUGATED ESTROGENS
82651,ALLOPURINOL
82651,AMLODIPINE
82651,ATORVASTATIN
82651,BIMATOPROST OPHTHALMIC
82651,CARVEDILOL
82651,ENALAPRIL
82651,FUROSEMIDE
82651,GLYBURIDE
82651,METFORMIN
82651,PANTOPRAZOLE
82651,POTASSIUM CHLORIDE
82651,TIMOLOL
82651,WARFARIN
82652,
82653,
82654,
82655,AMLODIPINE
82655,CLOPIDOGREL
82655,DOXYCYCLINE
82655,HYDROCHLOROTHIAZIDE; VALSARTAN
82655,MECLIZINE
82655,PANTOPRAZOLE
82655,SITAGLIPTIN
82655,SUCRALFATE
82656,
82657,ACETAMINOPHEN; HYDROCODONE
82657,CELECOXIB
82657,HYDROCHLOROTHIAZIDE; TRIAMTERENE
82658,
82659,
82660,
82661,
82662,
82663,CETIRIZINE
82664,
82665,PROGESTERONE
82666,
82667,CETIRIZINE
82667,MONTELUKAST
82668,ALPRAZOLAM
82668,LISINOPRIL
82668,METOPROLOL
82668,TRAZODONE
82669,ETHINYL ESTRADIOL; LEVONORGESTREL
82669,FLUTICASONE; SALMETEROL
82669,LEVOCETIRIZINE
82670,
82671,OXYCODONE
82671,TRAZODONE
82672,CITALOPRAM
82673,
82674,BETAMETHASONE TOPICAL
82674,CROTAMITON TOPICAL
82674,DAPSONE
82674,LIDOCAINE; PRILOCAINE TOPICAL
82674,PREDNISONE
82675,SIMVASTATIN
82675,TERAZOSIN
82676,
82677,AMLODIPINE
82677,BENAZEPRIL
82677,METFORMIN
82677,SIMVASTATIN
82677,ZOLPIDEM
82678,ESTRADIOL; NORETHINDRONE
82679,
82680,
82681,
82682,
82683,
82684,
82685,ESOMEPRAZOLE
82685,LISINOPRIL
82685,METOPROLOL
82686,
82687,
82688,
82689,
82690,
82691,
82692,
82693,ALBUTEROL
82693,ALBUTEROL
82693,FLUTICASONE
82694,FLUTICASONE NASAL
82695,
82696,
82697,
82698,ALLOPURINOL
82698,AMLODIPINE; VALSARTAN
82698,ATORVASTATIN
82698,CITALOPRAM
82698,METFORMIN
82698,NEBIVOLOL
82698,POTASSIUM CHLORIDE
82698,PRAZOSIN
82698,TRAMADOL
82699,
82700,
82701,
82702,ACETAMINOPHEN; BUTALBITAL
82702,ACETAMINOPHEN; HYDROCODONE
82702,ALPRAZOLAM
82702,HYDROCHLOROTHIAZIDE
82703,77777
82704,
82705,AMPICILLIN
82705,INSULIN ASPART
82705,INSULIN GLARGINE
82705,LISINOPRIL
82705,PRAVASTATIN
82705,RANITIDINE
82706,
82707,CARBAMAZEPINE
82707,HYDROXYZINE
82707,METOPROLOL
82708,ATORVASTATIN
82708,FLUTICASONE; SALMETEROL
82708,LEVOTHYROXINE
82708,LISINOPRIL
82708,OMEPRAZOLE
82708,RALOXIFENE
82709,
82710,HYDROCHLOROTHIAZIDE; LISINOPRIL
82711,
82712,ESTRADIOL
82712,HYDROCHLOROTHIAZIDE; LISINOPRIL
82713,
82714,
82715,
82716,
82717,
82718,
82719,ACETAMINOPHEN; OXYCODONE
82719,DIAZEPAM
82719,DICLOFENAC TOPICAL
82719,METHADONE
82719,PROMETHAZINE
82719,WARFARIN
82720,
82721,
82722,
82723,ACETAMINOPHEN; HYDROCODONE
82723,AMITRIPTYLINE
82723,AZELASTINE OPHTHALMIC
82723,CYCLOBENZAPRINE
82723,ESTRADIOL
82723,FLUTICASONE NASAL
82723,HYDROCHLOROTHIAZIDE; VALSARTAN
82723,MEDROXYPROGESTERONE
82723,OMEPRAZOLE
82723,PHENYTOIN
82723,RIZATRIPTAN
82724,
82725,
82726,METHYLPREDNISOLONE
82726,OXYCODONE
82726,PENICILLIN V POTASSIUM
82727,CLOPIDOGREL
82727,METOPROLOL
82727,RAMIPRIL
82727,SIMVASTATIN
82728,
82729,
82730,LORATADINE
82731,AMPHETAMINE; DEXTROAMPHETAMINE
82731,METHADONE
82732,
82733,
82734,
82735,
82736,
82737,ACETAMINOPHEN; HYDROCODONE
82737,ATORVASTATIN
82737,DULOXETINE
82737,LEVOTHYROXINE
82737,LISINOPRIL
82737,NEBIVOLOL
82737,PREGABALIN
82738,
82739,
82740,AMLODIPINE; BENAZEPRIL
82740,IBUPROFEN
82741,ACETAMINOPHEN; HYDROCODONE
82741,AMLODIPINE
82741,BENAZEPRIL
82741,BETAMETHASONE; CLOTRIMAZOLE TOPICAL
82741,CARVEDILOL
82741,CLOPIDOGREL
82741,DULOXETINE
82741,FUROSEMIDE
82741,GABAPENTIN
82741,HYDRALAZINE
82741,IBUPROFEN
82741,ISOSORBIDE MONONITRATE
82741,LATANOPROST OPHTHALMIC
82741,LOVASTATIN
82741,METFORMIN
82741,MUPIROCIN TOPICAL
82741,NITROGLYCERIN
82741,TRAMADOL
82741,TRAZODONE
82742,
82743,
82744,
82745,
82746,
82747,
82748,HYDROCHLOROTHIAZIDE
82749,ABIRATERONE
82749,ALPRAZOLAM
82749,LISINOPRIL
82749,LOVASTATIN
82749,PREDNISONE
82749,TRAZODONE
82750,
82751,RANITIDINE
82752,
82753,
82754,
82755,TRAMADOL
82756,
82757,DUTASTERIDE
82758,
82759,
82760,
82761,POLYMYXIN B; TRIMETHOPRIM OPHTHALMIC
82762,
82763,
82764,
82765,ASPIRIN; DIPYRIDAMOLE
82765,CARVEDILOL
82765,COLCHICINE
82765,EZETIMIBE
82765,LEVOTHYROXINE
82765,PROBENECID
82765,SIMVASTATIN
82765,TERAZOSIN
82766,CARVEDILOL
82766,DIGOXIN
82766,FUROSEMIDE
82766,RAMIPRIL
82766,SIMVASTATIN
82766,SPIRONOLACTONE
82767,
82768,
82769,DULOXETINE
82769,IBUPROFEN
82769,LOVASTATIN
82769,METFORMIN
82769,OMEPRAZOLE
82770,
82771,77777
82772,LISINOPRIL
82772,METOPROLOL
82772,TRIAMTERENE
82772,ZOLPIDEM
82773,GLIPIZIDE
82773,METFORMIN
82774,ALBUTEROL
82775,
82776,
82777,
82778,TERAZOSIN
82778,TRAMADOL
82779,ALBUTEROL
82779,ATORVASTATIN
82779,CETIRIZINE
82779,ESTRADIOL
82779,HYDROCHLOROTHIAZIDE; LISINOPRIL
82779,METFORMIN
82779,POTASSIUM CHLORIDE
82780,
82781,
82782,
82783,AMOXICILLIN
82784,
82785,LISINOPRIL
82785,OMEPRAZOLE
82785,SIMVASTATIN
82785,WARFARIN
82786,
82787,
82788,
82789,
82790,ASPIRIN
82790,SIMVASTATIN
82791,IBUPROFEN
82791,MEDROXYPROGESTERONE
82791,METRONIDAZOLE
82792,
82793,
82794,LAMOTRIGINE
82794,PRIMIDONE
82795,ONDANSETRON
82796,
82797,ETHINYL ESTRADIOL; NORGESTIMATE
82798,
82799,CETIRIZINE
82799,FLUTICASONE NASAL
82799,INSULIN LISPRO
82800,
82801,ALBUTEROL
82801,FLUTICASONE
82801,MONTELUKAST
82802,ALFUZOSIN
82802,DULOXETINE
82802,ESZOPICLONE
82802,INSULIN GLARGINE
82802,INSULIN LISPRO
82802,ROPINIROLE
82802,SIMVASTATIN
82803,
82804,
82805,
82806,
82807,
82808,
82809,
82810,HYDROCHLOROTHIAZIDE; LISINOPRIL
82810,INSULIN ISOPHANE (NPH)
82810,METFORMIN
82811,THYROID DESICCATED
82811,ZOLPIDEM
82812,
82813,
82814,CANAGLIFLOZIN
82814,LIRAGLUTIDE
82815,AMLODIPINE
82815,ESOMEPRAZOLE
82815,LOSARTAN
82816,AMLODIPINE
82816,ENALAPRIL
82816,GLIMEPIRIDE
82816,HYDROCHLOROTHIAZIDE
82816,METFORMIN
82816,METHYLDOPA
82816,METOPROLOL
82816,PIOGLITAZONE
82816,PRAVASTATIN
82816,VERAPAMIL
82817,
82818,FLUTICASONE NASAL
82818,FLUTICASONE; SALMETEROL
82818,LORATADINE
82818,MONTELUKAST
82819,
82820,AMLODIPINE; VALSARTAN
82820,FLUDROCORTISONE
82820,HYDROCORTISONE
82820,PRAVASTATIN
82821,
82822,CLONIDINE
82822,METFORMIN
82822,PIOGLITAZONE
82823,SIMVASTATIN
82824,
82825,
82826,
82827,ACETAMINOPHEN; HYDROCODONE
82827,CELECOXIB
82827,LEVOTHYROXINE
82827,PREGABALIN
82827,TIZANIDINE
82827,TRAMADOL
82828,
82829,AMLODIPINE
82829,LISINOPRIL
82829,METOPROLOL
82829,PRAVASTATIN
82830,
82831,77777
82832,BUPROPION
82832,DICLOFENAC
82832,DIVALPROEX SODIUM
82832,LAMOTRIGINE
82832,QUETIAPINE
82833,CLOBETASOL TOPICAL
82833,DULOXETINE
82833,LAMOTRIGINE
82833,OLANZAPINE
82834,
82835,
82836,
82837,
82838,ALBUTEROL
82838,FEXOFENADINE
82838,FLUTICASONE; SALMETEROL
82838,TRAMADOL
82839,CITALOPRAM
82839,OMEPRAZOLE
82840,LEVOTHYROXINE
82841,HYDROCHLOROTHIAZIDE; LOSARTAN
82842,ESTRADIOL TOPICAL
82842,LISINOPRIL
82842,PROGESTERONE
82842,TESTOSTERONE
82843,
82844,ATORVASTATIN
82844,FLUTICASONE; SALMETEROL
82844,MELOXICAM
82844,TRIAMCINOLONE TOPICAL
82845,
82846,
82847,
82848,
82849,AMLODIPINE
82849,LOSARTAN
82849,METOPROLOL
82849,MONTELUKAST
82849,ROSUVASTATIN
82850,AZELASTINE OPHTHALMIC
82850,BUDESONIDE; FORMOTEROL
82850,ESOMEPRAZOLE
82850,FLUVOXAMINE
82850,LORATADINE
82850,LUBIPROSTONE
82850,OFLOXACIN OTIC
82850,OLOPATADINE OPHTHALMIC
82850,PREGABALIN
82850,PROMETHAZINE
82850,SUMATRIPTAN
82850,SUMATRIPTAN
82851,
82852,
82853,
82854,METOPROLOL
82854,NITROGLYCERIN
82854,POTASSIUM CHLORIDE
82854,RAMIPRIL
82854,SIMVASTATIN
82855,BENAZEPRIL
82855,BUPROPION
82855,FAMOTIDINE
82855,LOVASTATIN
82856,ACETAMINOPHEN; HYDROCODONE
82856,BACLOFEN
82856,CITALOPRAM
82856,MELOXICAM
82856,RISPERIDONE
82857,ATENOLOL
82857,PRAVASTATIN
82858,
82859,AMLODIPINE
82859,ATORVASTATIN
82859,DONEPEZIL
82859,ESZOPICLONE
82859,LISINOPRIL
82859,METFORMIN
82859,OMEGA-3 POLYUNSATURATED FATTY ACIDS
82859,RALOXIFENE
82860,ATORVASTATIN
82860,LANSOPRAZOLE
82860,PAROXETINE
82861,
82862,
82863,
82864,SULFAMETHOXAZOLE; TRIMETHOPRIM
82865,ETHINYL ESTRADIOL; NORETHINDRONE
82865,IBUPROFEN
82866,
82867,SERTRALINE
82868,ACETAMINOPHEN; OXYCODONE
82868,CARVEDILOL
82868,DABIGATRAN
82868,DIGOXIN
82868,MECLIZINE
82868,NITROFURANTOIN
82868,PANTOPRAZOLE
82868,PRAVASTATIN
82868,SOLIFENACIN
82868,TAMSULOSIN
82868,TRAZODONE
82868,VENLAFAXINE
82869,
82870,
82871,
82872,
82873,
82874,ACETAMINOPHEN; HYDROCODONE
82874,ADALIMUMAB
82874,CITALOPRAM
82874,CLONIDINE
82874,GEMFIBROZIL
82874,GLIPIZIDE
82874,HYDRALAZINE
82874,MELOXICAM
82874,METFORMIN
82874,METHOCARBAMOL
82874,METOPROLOL
82874,PANTOPRAZOLE
82875,
82876,ATORVASTATIN
82876,GABAPENTIN
82876,HYDROCHLOROTHIAZIDE; TELMISARTAN
82877,
82878,
82879,ACETAMINOPHEN; HYDROCODONE
82879,ATORVASTATIN
82879,FLUTICASONE NASAL
82879,HYDROCHLOROTHIAZIDE
82879,METFORMIN
82879,SERTRALINE
82880,
82881,PANTOPRAZOLE
82881,SIMVASTATIN
82882,ALBUTEROL
82882,ALBUTEROL; IPRATROPIUM
82882,LATANOPROST OPHTHALMIC
82882,LORATADINE
82882,MONTELUKAST
82883,
82884,
82885,
82886,AMLODIPINE
82886,BRIMONIDINE OPHTHALMIC
82886,CARVEDILOL
82886,DORZOLAMIDE OPHTHALMIC
82886,GLIMEPIRIDE
82886,PREDNISONE
82886,RAMIPRIL
82886,ROSUVASTATIN
82886,TIMOLOL OPHTHALMIC
82887,
82888,
82889,GLIPIZIDE
82889,HYDROCHLOROTHIAZIDE
82889,NAPROXEN
82889,SIMVASTATIN
82890,
82891,
82892,AMOXICILLIN
82893,
82894,
82895,CANAGLIFLOZIN
82895,HYDROCHLOROTHIAZIDE
82895,ICOSAPENT
82895,INSULIN LISPRO
82895,LISINOPRIL
82895,METFORMIN
82895,METOPROLOL
82895,PREDNISONE
82895,ROSUVASTATIN
82896,METRONIDAZOLE
82896,NITROFURANTOIN
82896,PHENAZOPYRIDINE
82897,
82898,
82899,ALLOPURINOL
82899,ATENOLOL
82899,ATORVASTATIN
82899,FUROSEMIDE
82899,METFORMIN
82899,PANTOPRAZOLE
82899,VERAPAMIL
82900,CARVEDILOL
82900,LEVOTHYROXINE
82900,LOSARTAN
82900,SIMVASTATIN
82901,
82902,ALBUTEROL
82902,CITALOPRAM
82903,
82904,SERTRALINE
82905,
82906,ALBUTEROL
82906,ALBUTEROL
82906,ALENDRONATE
82906,GABAPENTIN
82906,LEVOTHYROXINE
82906,POTASSIUM CHLORIDE
82906,SIMVASTATIN
82906,TIOTROPIUM
82907,
82908,
82909,INSULIN ASPART
82909,INSULIN DETEMIR
82909,LISINOPRIL
82909,METOPROLOL
82909,WARFARIN
82910,AMPHETAMINE; DEXTROAMPHETAMINE
82910,GUANFACINE
82911,
82912,
82913,AMPHETAMINE
82914,
82915,ATORVASTATIN
82915,ESOMEPRAZOLE
82915,INSULIN GLARGINE
82915,INSULIN LISPRO
82915,ISOSORBIDE MONONITRATE
82915,LISINOPRIL
82915,METFORMIN
82915,NORTRIPTYLINE
82915,POTASSIUM CHLORIDE
82915,SOTALOL
82915,TORSEMIDE
82916,GUAIFENESIN; HYDROCODONE
82916,TRAMADOL
82917,ACETAMINOPHEN; HYDROCODONE
82917,SUMATRIPTAN
82918,ATORVASTATIN
82918,CHLORTHALIDONE
82918,CIPROFLOXACIN
82918,METOPROLOL
82918,POTASSIUM CHLORIDE
82919,
82920,OMEPRAZOLE
82921,
82922,AMOXICILLIN
82923,
82924,DROSPIRENONE; ETHINYL ESTRADIOL
82925,
82926,
82927,
82928,HYDROCORTISONE TOPICAL
82928,TRIAMCINOLONE TOPICAL
82929,
82930,
82931,ATENOLOL
82931,HYDROCHLOROTHIAZIDE
82931,MEPROBAMATE
82931,NIFEDIPINE
82932,
82933,
82934,
82935,
82936,GUANFACINE
82936,METHYLPHENIDATE
82937,
82938,ATORVASTATIN
82938,LISINOPRIL
82939,
82940,
82941,
82942,
82943,
82944,
82945,HYDROCHLOROTHIAZIDE
82945,LEVOTHYROXINE
82945,NYSTATIN; TRIAMCINOLONE TOPICAL
82945,RANITIDINE
82945,SIMVASTATIN
82946,ANTI-INFECTIVES - UNSPECIFIED
82947,
82948,LEVOTHYROXINE
82949,AZITHROMYCIN
82949,CHLORPHENIRAMINE; HYDROCODONE
82950,
82951,ACYCLOVIR
82951,GABAPENTIN
82951,HYDROCHLOROTHIAZIDE; LISINOPRIL
82951,HYDROCODONE
82951,OMEPRAZOLE
82952,CARVEDILOL
82952,EZETIMIBE
82952,LEVOTHYROXINE
82952,LOSARTAN
82952,ROSUVASTATIN
82953,
82954,
82955,CEFUROXIME
82955,LEVOFLOXACIN
82956,ATORVASTATIN
82956,LISINOPRIL
82956,OMEPRAZOLE
82956,RIVAROXABAN
82956,SOTALOL
82957,
82958,
82959,
82960,
82961,INSULIN GLARGINE
82961,LISINOPRIL
82961,PRAVASTATIN
82961,RANITIDINE
82962,
82963,METOPROLOL
82963,SIMVASTATIN
82964,HYDROCHLOROTHIAZIDE; TRIAMTERENE
82964,VERAPAMIL
82965,
82966,
82967,ALPRAZOLAM
82967,BUDESONIDE; FORMOTEROL
82967,DILTIAZEM
82967,FUROSEMIDE
82967,LOVASTATIN
82967,MOMETASONE NASAL
82967,POTASSIUM CHLORIDE
82968,
82969,METOPROLOL
82970,
82971,
82972,
82973,
82974,
82975,CLONAZEPAM
82975,DICLOFENAC
82975,FLUOXETINE
82975,HYDROCHLOROTHIAZIDE
82975,LISINOPRIL
82976,
82977,
82978,
82979,
82980,
82981,
82982,ATORVASTATIN
82982,CLONIDINE
82982,LEVOTHYROXINE
82982,MELOXICAM
82982,OMEPRAZOLE
82982,TEMAZEPAM
82982,TOLTERODINE
82983,
82984,CEPHALEXIN
82985,ALBUTEROL
82985,ALBUTEROL
82985,FLUTICASONE
82986,
82987,LISINOPRIL
82988,
82989,AMLODIPINE
82989,FENOFIBRATE
82989,INSULIN ASPART; INSULIN ASPART PROTAMINE
82989,ROSUVASTATIN
82990,ASPIRIN
82990,DOXAZOSIN
82990,LISINOPRIL
82990,METFORMIN
82991,
82992,
82993,
82994,
82995,ALPRAZOLAM
82995,BUPROPION
82995,CLOPIDOGREL
82995,PRAVASTATIN
82996,
82997,
82998,NEBIVOLOL
82998,PRAVASTATIN
82998,TRAMADOL
82999,FAMOTIDINE
83000,ARIPIPRAZOLE
83000,ATOMOXETINE
83000,CLONIDINE
83000,DESMOPRESSIN
83001,
83002,CLOPIDOGREL
83002,METOPROLOL
83002,RAMIPRIL
83002,ROSUVASTATIN
83003,
83004,
83005,AMLODIPINE
83005,ATORVASTATIN
83005,LISINOPRIL
83005,NIACIN
83006,AMLODIPINE; HYDROCHLOROTHIAZIDE; VALSARTAN
83006,INSULIN GLARGINE
83006,LEVOTHYROXINE
83006,MELOXICAM
83006,METFORMIN
83006,TAMOXIFEN
83006,VENLAFAXINE
83007,
83008,
83009,
83010,ATORVASTATIN
83010,DILTIAZEM
83010,FUROSEMIDE
83010,LISINOPRIL
83011,
83012,
83013,ALBUTEROL
83013,ATENOLOL
83013,ATORVASTATIN
83013,RANITIDINE
83013,TEMAZEPAM
83013,TIOTROPIUM
83013,TRIAMCINOLONE TOPICAL
83013,WARFARIN
83014,
83015,
83016,DORZOLAMIDE; TIMOLOL OPHTHALMIC
83016,LATANOPROST OPHTHALMIC
83016,PANTOPRAZOLE
83017,AMOXICILLIN
83018,
83019,ACETAMINOPHEN; HYDROCODONE
83019,ALENDRONATE
83019,ATORVASTATIN
83019,DILTIAZEM
83019,GABAPENTIN
83019,HYDROCHLOROTHIAZIDE
83019,HYDROXYCHLOROQUINE
83019,LEVOTHYROXINE
83019,LISINOPRIL
83019,NORTRIPTYLINE
83019,PREDNISONE
83019,TOLTERODINE
83020,ATORVASTATIN
83020,GLIPIZIDE
83020,OXCARBAZEPINE
83020,SITAGLIPTIN
83020,VALSARTAN
83020,VERAPAMIL
83021,
83022,FLUOXETINE
83023,
83024,
83025,
83026,BENAZEPRIL
83026,GLIPIZIDE
83026,METFORMIN
83026,PRAVASTATIN
83027,
83028,
83029,MOMETASONE NASAL
83030,CETIRIZINE
83031,
83032,CLONIDINE
83032,DESMOPRESSIN
83032,METHYLPHENIDATE
83033,ACETAMINOPHEN; HYDROCODONE
83033,CANDESARTAN
83033,CARVEDILOL
83033,LEFLUNOMIDE
83033,ROSUVASTATIN
83034,
83035,LORATADINE
83036,
83037,HYDROCHLOROTHIAZIDE; LOSARTAN
83037,LEVOTHYROXINE
83037,SERTRALINE
83038,
83039,
83040,
83041,
83042,
83043,
83044,MINOCYCLINE
83045,
83046,HYDROCHLOROTHIAZIDE
83046,LOVASTATIN
83046,NIFEDIPINE
83047,
83048,ALPRAZOLAM
83048,AMLODIPINE
83048,ESCITALOPRAM
83048,OLMESARTAN
83048,ZOLPIDEM
83049,
83050,CITALOPRAM
83051,
83052,HYDROCHLOROTHIAZIDE
83052,LISINOPRIL
83052,OMEPRAZOLE
83053,
83054,
83055,
83056,
83057,LISDEXAMFETAMINE
83058,BUPROPION
83059,
83060,
83061,ESOMEPRAZOLE
83061,HYDROCHLOROTHIAZIDE; LISINOPRIL
83061,LIRAGLUTIDE
83061,SITAGLIPTIN
83062,CETIRIZINE
83063,
83064,AMLODIPINE
83064,GLYBURIDE
83064,HYDROCHLOROTHIAZIDE; LISINOPRIL
83064,METFORMIN
83064,VERAPAMIL
83065,ALBUTEROL
83065,SERTRALINE
83065,TRAZODONE
83066,FLUTICASONE; SALMETEROL
83066,LEVALBUTEROL
83067,LIRAGLUTIDE
83067,LISINOPRIL
83067,METFORMIN
83067,SIMVASTATIN
83068,LOSARTAN
83068,METFORMIN
83069,
83070,COLESTIPOL
83070,LOSARTAN
83070,METFORMIN
83070,OMEGA-3 POLYUNSATURATED FATTY ACIDS
83071,
83072,
83073,
83074,ETHINYL ESTRADIOL; LEVONORGESTREL
83075,LISINOPRIL
83075,SIMVASTATIN
83076,
83077,
83078,
83079,
83080,
83081,INSULIN GLARGINE
83081,LIRAGLUTIDE
83081,METFORMIN; SITAGLIPTIN
83081,SOTALOL
83081,TRAMADOL
83081,WARFARIN
83082,
83083,
83084,
83085,ISOTRETINOIN
83086,OMEPRAZOLE
83086,ONDANSETRON
83086,POLYETHYLENE GLYCOL 3350
83087,
83088,METOPROLOL
83089,
83090,
83091,
83092,
83093,
83094,METFORMIN
83095,
83096,CITALOPRAM
83096,ETHINYL ESTRADIOL; NORGESTREL
83097,AZITHROMYCIN
83098,LEVOTHYROXINE
83098,OXAPROZIN
83098,OXYCODONE
83099,
83100,HYDROCHLOROTHIAZIDE; TRIAMTERENE
83101,
83102,FLUTICASONE; SALMETEROL
83103,AMLODIPINE
83103,MONTELUKAST
83103,TRAMADOL
83104,FLUTICASONE; SALMETEROL
83105,
83106,
83107,BROMPHENIRAMINE; DEXTROMETHORPHAN; PSEUDOEPHEDRINE
83107,PREDNISOLONE
83108,AMLODIPINE
83108,PROPRANOLOL
83108,PROPYLTHIOURACIL
83109,
83110,
83111,
83112,
83113,
83114,
83115,
83116,AMLODIPINE
83116,DIPHENHYDRAMINE
83116,LISINOPRIL
83117,
83118,METFORMIN
83118,ROSUVASTATIN
83119,
83120,
83121,
83122,ACETAMINOPHEN; HYDROCODONE
83122,BECLOMETHASONE
83122,CETIRIZINE
83122,CONJUGATED ESTROGENS
83122,IBUPROFEN
83122,LEVOTHYROXINE
83122,METHOCARBAMOL
83122,MONTELUKAST
83122,OXYBUTYNIN
83122,SERTRALINE
83122,ZOLPIDEM
83123,AMLODIPINE; OLMESARTAN
83123,HYDROCHLOROTHIAZIDE
83123,INSULIN DETEMIR
83123,METOPROLOL
83123,ROSUVASTATIN
83124,
83125,
83126,
83127,
83128,
83129,SIMVASTATIN
83130,CANAGLIFLOZIN
83130,GLIMEPIRIDE
83130,INSULIN GLARGINE
83130,METFORMIN
83130,RAMIPRIL
83130,SIMVASTATIN
83131,ALPRAZOLAM
83132,
83133,
83134,
83135,
83136,
83137,ATENOLOL
83137,FUROSEMIDE
83138,CITALOPRAM
83138,CLONIDINE
83138,CYCLOBENZAPRINE
83138,LABETALOL
83138,LOSARTAN
83138,NIFEDIPINE
83138,PRAVASTATIN
83138,WARFARIN
83139,
83140,
83141,
83142,LISINOPRIL
83142,TAMOXIFEN
83142,VENLAFAXINE
83143,ATORVASTATIN
83143,CLOZAPINE
83143,METOPROLOL
83143,NITROGLYCERIN
83144,ALBUTEROL
83144,FLUTICASONE; SALMETEROL
83145,
83146,
83147,
83148,99999
83148,PANTOPRAZOLE
83148,PREDNISOLONE OPHTHALMIC
83148,TRAMADOL
83149,
83150,ARIPIPRAZOLE
83150,DULOXETINE
83150,HYDROCHLOROTHIAZIDE
83150,ZOLPIDEM
83151,
83152,
83153,AMOXICILLIN
83154,
83155,
83156,
83157,
83158,
83159,OLANZAPINE
83160,ATORVASTATIN
83160,DILTIAZEM
83160,FEXOFENADINE
83160,HYDROCHLOROTHIAZIDE
83160,LEVOTHYROXINE
83160,OMEPRAZOLE
83161,
83162,
83163,
83164,
83165,
83166,
83167,GRISEOFULVIN
83168,
83169,
83170,AMLODIPINE
83170,ATORVASTATIN
83170,GLIMEPIRIDE
83170,LISINOPRIL
83170,METFORMIN
83170,PAROXETINE
83171,ESTRADIOL
83171,TRAZODONE
83171,TRIAZOLAM
83172,
83173,
83174,
83175,
83176,
83177,CYCLOSPORINE OPHTHALMIC
83178,
83179,ALBUTEROL
83179,AMLODIPINE
83179,ASPIRIN
83179,ATORVASTATIN
83179,FLUOXETINE
83179,INSULIN ASPART; INSULIN ASPART PROTAMINE
83179,TICAGRELOR
83179,TRAZODONE
83179,ZIPRASIDONE
83180,
83181,
83182,VENLAFAXINE
83183,99999
83183,LOSARTAN
83184,
83185,AZITHROMYCIN
83185,CHLORPHENIRAMINE; HYDROCODONE
83185,DROSPIRENONE; ETHINYL ESTRADIOL; LEVOMEFOLATE
83186,
83187,INSULIN ASPART
83187,INSULIN GLARGINE
83187,METFORMIN
83188,
83189,
83190,DOXAZOSIN
83190,FINASTERIDE
83190,LISINOPRIL
83191,GLYBURIDE; METFORMIN
83192,
83193,CARVEDILOL
83193,DONEPEZIL
83193,FUROSEMIDE
83193,LOSARTAN
83193,POTASSIUM CHLORIDE
83193,SIMVASTATIN
83193,WARFARIN
83194,
83195,
83196,COLCHICINE
83196,HYDROCHLOROTHIAZIDE
83196,HYDROCHLOROTHIAZIDE; LISINOPRIL
83196,INDOMETHACIN
83196,PREDNISONE
83197,
83198,
83199,
83200,
83201,ALPRAZOLAM
83202,ATENOLOL
83202,HYDROCHLOROTHIAZIDE; LOSARTAN
83202,SIMVASTATIN
83203,ATORVASTATIN
83203,ENALAPRIL
83203,HYDROXYCHLOROQUINE
83203,IBANDRONATE
83203,LORAZEPAM
83203,METFORMIN
83203,METOPROLOL
83203,OMEPRAZOLE
83203,PREGABALIN
83204,
83205,
83206,
83207,ACETAMINOPHEN; HYDROCODONE
83207,CELECOXIB
83207,DOXYCYCLINE
83207,DULOXETINE
83207,HYDROXYCHLOROQUINE
83207,METFORMIN
83207,PRAVASTATIN
83208,
83209,
83210,CONJUGATED ESTROGENS
83211,
83212,
83213,
83214,
83215,
83216,
83217,
83218,
83219,
83220,
83221,ONDANSETRON
83222,
83223,
83224,LEVOTHYROXINE
83225,
83226,
83227,
83228,
83229,
83230,
83231,
83232,
83233,
83234,
83235,AMPHETAMINE; DEXTROAMPHETAMINE
83236,
83237,AMOXICILLIN
83237,CHLORDIAZEPOXIDE
83237,CITALOPRAM
83237,FLUCONAZOLE
83237,MOMETASONE NASAL
83237,OMEPRAZOLE
83237,SULFAMETHOXAZOLE
83237,SUMATRIPTAN
83238,
83239,AMLODIPINE
83239,CLOPIDOGREL
83239,ISOSORBIDE MONONITRATE
83239,ROSUVASTATIN
83239,TAMSULOSIN
83240,METHYLPHENIDATE
83241,IBUPROFEN
83242,
83243,
83244,GLIPIZIDE
83244,METFORMIN
83244,METOPROLOL
83244,SIMVASTATIN
83245,
83246,
83247,PREDNISONE
83248,
83249,ADAPALENE; BENZOYL PEROXIDE TOPICAL
83249,ALPRAZOLAM
83249,DROSPIRENONE; ETHINYL ESTRADIOL
83250,
83251,
83252,
83253,AZITHROMYCIN
83253,FLUTICASONE NASAL
83254,PAROXETINE
83255,ALENDRONATE
83255,AMLODIPINE
83255,ESOMEPRAZOLE
83255,FUROSEMIDE
83255,LEVOTHYROXINE
83255,LISINOPRIL
83255,METOPROLOL
83255,MONTELUKAST
83255,PRAVASTATIN
83256,
83257,
83258,IBUPROFEN
83259,
83260,
83261,
83262,HYDROCHLOROTHIAZIDE; TRIAMTERENE
83262,SIMVASTATIN
83263,
83264,
83265,
83266,
83267,
83268,
83269,
83270,
83271,RIZATRIPTAN
83272,
83273,
83274,
83275,
83276,
83277,LISINOPRIL
83278,AMPHETAMINE; DEXTROAMPHETAMINE
83278,LEVOTHYROXINE
83278,TRAZODONE
83279,
83280,AMLODIPINE; VALSARTAN
83280,ROSUVASTATIN
83281,
83282,ATORVASTATIN
83282,RAMIPRIL
83283,
83284,
83285,AMOXICILLIN; CLAVULANATE
83285,IBUPROFEN
83285,SERTRALINE
83286,
83287,
83288,
83289,ALBUTEROL
83290,
83291,
83292,SERTRALINE
83293,
83294,ASPIRIN
83294,LISINOPRIL
83294,OMEPRAZOLE
83295,99999
83296,NORETHINDRONE
83297,AMLODIPINE; BENAZEPRIL
83297,LEVOTHYROXINE
83297,LISINOPRIL
83297,SULFAMETHOXAZOLE; TRIMETHOPRIM
83298,
83299,AMLODIPINE; BENAZEPRIL
83299,ATORVASTATIN
83300,ATENOLOL
83300,BUPROPION
83300,BUSPIRONE
83300,OMEPRAZOLE
83300,SOLIFENACIN
83301,ACETAMINOPHEN; BUTALBITAL; CAFFEINE
83301,ALLOPURINOL
83301,ALPRAZOLAM
83301,BENAZEPRIL
83301,CITALOPRAM
83301,CLONAZEPAM
83301,DICLOFENAC
83301,FLUTICASONE NASAL
83301,VERAPAMIL
83302,
83303,
83304,
83305,ATENOLOL
83305,SERTRALINE
83306,
83307,
83308,
83309,
83310,
83311,CITALOPRAM
83311,DIVALPROEX SODIUM
83311,SULINDAC
83311,TOLTERODINE
83312,
83313,
83314,LISINOPRIL
83315,
83316,
83317,
83318,
83319,
83320,DICLOFENAC
83321,ACETAMINOPHEN; HYDROCODONE
83321,ALENDRONATE
83321,ATENOLOL
83321,CLOPIDOGREL
83321,FAMOTIDINE
83321,GABAPENTIN
83321,INSULIN ISOPHANE; INSULIN REGULAR
83321,LEVOTHYROXINE
83321,METHOTREXATE
83321,PREDNISONE
83321,SERTRALINE
83321,SIMVASTATIN
83322,
83323,AMLODIPINE; HYDROCHLOROTHIAZIDE; OLMESARTAN
83323,NEBIVOLOL
83324,
83325,
83326,LEVOTHYROXINE
83327,
83328,
83329,PROMETHAZINE
83330,
83331,
83332,
83333,
83334,
83335,
83336,
83337,
83338,ALPRAZOLAM
83339,
83340,
83341,AMLODIPINE; HYDROCHLOROTHIAZIDE; VALSARTAN
83341,BISOPROLOL
83341,CELECOXIB
83341,CLONIDINE
83341,MINOCYCLINE
83341,ORPHENADRINE
83341,PANTOPRAZOLE
83341,SIMVASTATIN
83342,
83343,MONTELUKAST
83344,ALBUTEROL
83344,BUDESONIDE; FORMOTEROL
83344,MONTELUKAST
83345,OMEPRAZOLE
83345,SERTRALINE
83345,SIMVASTATIN
83346,
83347,FLUTICASONE; SALMETEROL
83347,FUROSEMIDE
83347,POTASSIUM CHLORIDE
83348,
83349,
83350,
83351,CELECOXIB
83351,DICYCLOMINE
83351,ESOMEPRAZOLE
83351,HYDROCODONE
83351,LEVOTHYROXINE
83351,METFORMIN
83351,ROSUVASTATIN
83351,SERTRALINE
83351,TAMSULOSIN
83352,
83353,
83354,
83355,
83356,ALPRAZOLAM
83356,TOPIRAMATE
83357,
83358,IBUPROFEN
83359,BRIMONIDINE OPHTHALMIC
83359,INSULIN ISOPHANE (NPH)
83359,INSULIN REGULAR
83359,LATANOPROST OPHTHALMIC
83359,METFORMIN
83359,QUINAPRIL
83360,
83361,AMOXICILLIN; CLAVULANATE
83362,
83363,
83364,
83365,
83366,
83367,WARFARIN
83368,
83369,AMLODIPINE
83370,MONTELUKAST
83371,
83372,99999
83372,AMOXICILLIN
83373,
83374,ALLOPURINOL
83374,ATORVASTATIN
83374,GLIPIZIDE
83374,HYDROCHLOROTHIAZIDE; LOSARTAN
83374,METFORMIN
83374,OMEPRAZOLE
83374,PAROXETINE
83375,AMLODIPINE
83375,LOSARTAN
83375,OMEPRAZOLE
83376,HYDROXYCHLOROQUINE
83376,METHOTREXATE
83376,MILNACIPRAN
83377,CLONIDINE
83378,
83379,
83380,POTASSIUM CHLORIDE
83381,99999
83381,99999
83381,INSULIN DETEMIR
83381,METFORMIN
83381,TRAZODONE
83382,ATORVASTATIN
83382,DICLOFENAC
83382,FENOFIBRATE
83382,TRAMADOL
83383,
83384,CLONIDINE
83384,METHYLPHENIDATE
83385,ACYCLOVIR
83385,CITALOPRAM
83385,DARUNAVIR
83385,EMTRICITABINE; TENOFOVIR
83385,ETRAVIRINE
83385,RITONAVIR
83386,
83387,DIVALPROEX SODIUM
83387,OMEPRAZOLE
83388,
83389,
83390,FENOFIBRATE
83390,HYDROCHLOROTHIAZIDE; LOSARTAN
83391,HYDROCHLOROTHIAZIDE
83391,IBUPROFEN
83391,METFORMIN
83391,METOPROLOL
83392,SIMVASTATIN
83393,
83394,ACETAMINOPHEN; HYDROCODONE
83394,BUMETANIDE
83394,WARFARIN
83395,
83396,LITHIUM
83396,QUETIAPINE
83397,
83398,
83399,
83400,
83401,
83402,
83403,OLMESARTAN
83404,
83405,
83406,ACETAMINOPHEN; HYDROCODONE
83406,ANTACIDS - UNSPECIFIED
83406,CITALOPRAM
83406,DENOSUMAB
83406,DONEPEZIL
83406,FENTANYL
83406,LEVOTHYROXINE
83406,LOSARTAN
83406,MEMANTINE
83406,OMEPRAZOLE
83406,SIMVASTATIN
83407,
83408,BENZTROPINE
83408,HALOPERIDOL
83409,
83410,
83411,BUPROPION
83412,
83413,
83414,CLINDAMYCIN
83415,DROSPIRENONE; ETHINYL ESTRADIOL; LEVOMEFOLATE
83416,
83417,
83418,
83419,CETIRIZINE
83420,ATENOLOL
83420,LEVOTHYROXINE
83420,PANCRELIPASE
83421,
83422,CEFDINIR
83423,IBUPROFEN
83424,EXEMESTANE
83424,METFORMIN
83424,NADOLOL
83424,RAMIPRIL
83424,TRIAMTERENE
83425,
83426,AMLODIPINE
83426,ATENOLOL
83426,CEFDINIR
83426,DULOXETINE
83426,EZETIMIBE
83426,INSULIN GLARGINE
83426,INSULIN LISPRO
83426,LEVOTHYROXINE
83426,LISINOPRIL
83426,METFORMIN
83426,NIACIN
83427,
83428,
83429,ALLOPURINOL
83429,ATORVASTATIN
83429,HYDROCHLOROTHIAZIDE; LOSARTAN
83430,CYCLOBENZAPRINE
83430,IBUPROFEN
83431,AMITRIPTYLINE
83431,AZELASTINE NASAL
83431,BISOPROLOL
83431,FLUTICASONE NASAL
83431,LANSOPRAZOLE
83432,GLIMEPIRIDE
83432,HYDROCHLOROTHIAZIDE; LOSARTAN
83432,METFORMIN
83432,PRAVASTATIN
83433,
83434,
83435,
83436,LISINOPRIL
83437,ATORVASTATIN
83437,ENALAPRIL
83437,FUROSEMIDE
83437,GABAPENTIN
83437,HYDRALAZINE
83437,INSULIN ASPART
83437,INSULIN DETEMIR
83437,LEVOTHYROXINE
83437,METOPROLOL
83437,PENTOXIFYLLINE
83438,AMLODIPINE
83438,ATENOLOL
83438,CELECOXIB
83438,CLOPIDOGREL
83438,HYDROCHLOROTHIAZIDE
83438,LOSARTAN
83438,SIMVASTATIN
83439,
83440,
83441,
83442,
83443,TRIPROLIDINE
83444,
83445,AMITRIPTYLINE
83445,LOSARTAN
83445,ROSUVASTATIN
83446,AMLODIPINE
83446,ASPIRIN
83446,ATENOLOL
83446,BACLOFEN
83446,LEVETIRACETAM
83446,LISINOPRIL
83446,LOVASTATIN
83446,METFORMIN
83446,PANTOPRAZOLE
83447,
83448,
83449,
83450,
83451,
83452,
83453,ETHINYL ESTRADIOL; NORGESTIMATE
83454,
83455,ETHINYL ESTRADIOL; NORETHINDRONE
83456,HYDROXYCHLOROQUINE
83456,LEVOTHYROXINE
83456,TRAMADOL
83457,
83458,
83459,
83460,FINASTERIDE
83460,TERAZOSIN
83461,
83462,
83463,BUDESONIDE
83463,MOMETASONE NASAL
83464,AMLODIPINE
83464,CARVEDILOL
83464,FUROSEMIDE
83464,LOSARTAN
83464,POTASSIUM CHLORIDE
83464,RANITIDINE
83464,SPIRONOLACTONE
83465,
83466,
83467,ALBUTEROL
83467,POLYMYXIN B; TRIMETHOPRIM OPHTHALMIC
83468,ALBUTEROL
83468,FLUTICASONE
83468,PREDNISONE
83469,
83470,
83471,
83472,PRAVASTATIN
83473,
83474,
83475,
83476,
83477,
83478,SERTRALINE
83479,
83480,FAMOTIDINE
83480,TERBINAFINE
83481,ATENOLOL
83481,DIURETICS - UNSPECIFIED
83482,LEVOTHYROXINE
83483,CYCLOBENZAPRINE
83483,EZETIMIBE
83483,GABAPENTIN
83483,LISINOPRIL
83484,ALPRAZOLAM
83484,FLUOXETINE
83484,LEVOTHYROXINE
83485,
83486,
83487,
83488,
83489,
83490,
83491,MELOXICAM
83491,SULFASALAZINE
83492,
83493,
83494,DESOXIMETASONE TOPICAL
83494,ETHINYL ESTRADIOL; NORGESTIMATE
83495,
83496,
83497,
83498,
83499,
83500,
83501,CLONIDINE
83501,DIVALPROEX SODIUM
83501,LISDEXAMFETAMINE
83502,
83503,
83504,
83505,ALENDRONATE
83505,ATORVASTATIN
83505,HYDROCHLOROTHIAZIDE; LISINOPRIL
83505,LEVOTHYROXINE
83505,METFORMIN
83506,ESOMEPRAZOLE
83507,GLYBURIDE
83507,INSULIN GLARGINE
83507,INSULIN LISPRO
83507,METFORMIN
83508,
83509,
83510,NIFEDIPINE
83511,CITALOPRAM
83511,LOSARTAN
83511,LOVASTATIN
83511,METOPROLOL
83511,OMEPRAZOLE
83511,SUCRALFATE
83512,AZITHROMYCIN
83513,
83514,HYDROCHLOROTHIAZIDE
83515,
83516,AMLODIPINE; VALSARTAN
83516,ESOMEPRAZOLE
83516,MELOXICAM
83517,
83518,
83519,
83520,
83521,
83522,
83523,
83524,
83525,ALBUTEROL
83525,BECLOMETHASONE
83526,ASPIRIN
83526,ATORVASTATIN
83527,
83528,AMLODIPINE
83528,CLONIDINE
83528,LABETALOL
83529,
83530,ALBUTEROL; IPRATROPIUM
83530,ATORVASTATIN
83530,DESLORATADINE
83530,DULOXETINE
83530,FELODIPINE
83530,FENTANYL
83530,FUROSEMIDE
83530,ISOSORBIDE MONONITRATE
83530,LEVOTHYROXINE
83530,LOPERAMIDE
83530,METOPROLOL
83530,NITROGLYCERIN
83530,NORTRIPTYLINE
83530,OMEPRAZOLE
83530,TRIMETHOPRIM
83530,ZOLPIDEM
83531,
83532,AMOXICILLIN
83533,AMIODARONE
83533,CARVEDILOL
83533,DILTIAZEM
83533,GLIMEPIRIDE
83533,SIMVASTATIN
83533,SUCRALFATE
83534,
83535,ACETAMINOPHEN; OXYCODONE
83535,AMLODIPINE
83535,BRIMONIDINE; TIMOLOL OPHTHALMIC
83535,TRAVOPROST OPHTHALMIC
83536,
83537,
83538,
83539,ALENDRONATE
83539,AMLODIPINE
83539,LOVASTATIN
83539,METFORMIN
83540,
83541,
83542,77777
83542,99999
83542,99999
83543,METOPROLOL
83543,RAMIPRIL
83543,ROSUVASTATIN
83544,ASPIRIN
83544,LISINOPRIL
83544,METFORMIN
83544,SIMVASTATIN
83545,
83546,DOXYCYCLINE
83546,FLUTICASONE; SALMETEROL
83546,METRONIDAZOLE TOPICAL
83547,
83548,
83549,
83550,
83551,
83552,
83553,CYCLOSPORINE OPHTHALMIC
83553,FLUOXETINE
83553,HYDROCHLOROTHIAZIDE
83553,OMEPRAZOLE
83553,RANITIDINE
83553,SIMVASTATIN
83553,TRAMADOL
83554,PANTOPRAZOLE
83555,
83556,GLIMEPIRIDE
83556,PIOGLITAZONE
83557,AMLODIPINE
83557,HYDROCHLOROTHIAZIDE; VALSARTAN
83557,METFORMIN
83557,POTASSIUM CHLORIDE
83557,PRAVASTATIN
83557,PREGABALIN
83558,
83559,DEXAMETHASONE; NEOMYCIN; POLYMYXIN B OPHTHALMIC
83560,
83561,AMPHETAMINE; DEXTROAMPHETAMINE
83562,
83563,LISINOPRIL
83563,SIMVASTATIN
83564,
83565,HYDROCHLOROTHIAZIDE; LISINOPRIL
83566,
83567,LISINOPRIL
83567,METOPROLOL
83567,OMEPRAZOLE
83567,PRAVASTATIN
83568,
83569,
83570,
83571,CETIRIZINE
83572,
83573,AMOXICILLIN
83574,
83575,
83576,ALBUTEROL
83576,ALBUTEROL
83576,AMOXICILLIN; CLAVULANATE
83576,CYCLOSPORINE OPHTHALMIC
83576,FORMOTEROL; MOMETASONE
83576,HYDROCHLOROTHIAZIDE
83576,LOSARTAN
83576,LOVASTATIN
83576,MOMETASONE NASAL
83576,MONTELUKAST
83576,OMEPRAZOLE
83576,POTASSIUM CHLORIDE
83576,ROFLUMILAST
83577,
83578,AMITRIPTYLINE
83578,LISINOPRIL
83578,ZALEPLON
83579,
83580,
83581,
83582,
83583,
83584,ALBUTEROL
83584,BUSPIRONE
83584,ESCITALOPRAM
83584,HYDROXYZINE
83584,LANSOPRAZOLE
83584,LORATADINE
83584,QUETIAPINE
83585,FENOFIBRIC ACID
83585,LOSARTAN
83585,METOPROLOL
83585,SIMVASTATIN
83586,
83587,
83588,MONTELUKAST
83589,
83590,ALLOPURINOL
83590,BISOPROLOL; HYDROCHLOROTHIAZIDE
83590,HYDRALAZINE
83591,
83592,ATORVASTATIN
83592,OMEGA-3 POLYUNSATURATED FATTY ACIDS
83593,
83594,
83595,AMLODIPINE
83595,ATENOLOL
83595,ATORVASTATIN
83595,HYDROCHLOROTHIAZIDE; LISINOPRIL
83596,
83597,
83598,
83599,
83600,ALBUTEROL
83600,DILTIAZEM
83600,FLUTICASONE NASAL
83601,
83602,
83603,
83604,
83605,AMLODIPINE
83605,ATORVASTATIN
83605,CARVEDILOL
83605,EZETIMIBE
83605,GABAPENTIN
83605,LEVOTHYROXINE
83605,WARFARIN
83606,
83607,
83608,
83609,
83610,
83611,
83612,ATORVASTATIN
83612,DULOXETINE
83612,HYDROCHLOROTHIAZIDE; IRBESARTAN
83612,PREGABALIN
83613,
83614,
83615,LISINOPRIL
83615,LOVASTATIN
83616,GEMFIBROZIL
83616,LOSARTAN
83616,METFORMIN
83616,METOPROLOL
83616,SPIRONOLACTONE
83617,
83618,
83619,
83620,ETHINYL ESTRADIOL; NORGESTIMATE
83620,LAMOTRIGINE
83620,QUETIAPINE
83621,
83622,
83623,DOXAZOSIN
83623,FINASTERIDE
83623,LOSARTAN
83623,OMEPRAZOLE
83623,PROPRANOLOL
83623,SIMVASTATIN
83623,TADALAFIL
83624,
83625,
83626,
83627,
83628,ALBUTEROL
83628,TOPIRAMATE
83629,
83630,ALENDRONATE
83630,AMITRIPTYLINE
83630,DONEPEZIL
83630,LOSARTAN
83630,SIMVASTATIN
83631,
83632,
83633,ACETAMINOPHEN; HYDROCODONE
83633,BISOPROLOL
83633,DULOXETINE
83633,RANITIDINE
83634,
83635,
83636,
83637,HYDROCHLOROTHIAZIDE
83637,LEVOTHYROXINE
83637,LISINOPRIL
83638,AMITRIPTYLINE
83638,CLONAZEPAM
83638,FLUTICASONE NASAL
83638,LANSOPRAZOLE
83638,LEVOTHYROXINE
83638,LISINOPRIL
83638,SIMVASTATIN
83638,TAMSULOSIN
83639,ALBUTEROL
83639,AZELASTINE NASAL
83639,CALCITONIN
83639,DRONABINOL
83639,EZETIMIBE
83639,GABAPENTIN
83639,TIOTROPIUM
83639,TRAMADOL
83640,AMLODIPINE
83640,ATENOLOL
83640,FLUTICASONE NASAL
83640,FLUTICASONE NASAL
83640,HYDROCHLOROTHIAZIDE; LISINOPRIL
83640,OMEPRAZOLE
83641,
83642,
83643,
83644,
83645,
83646,
83647,
83648,DROSPIRENONE; ETHINYL ESTRADIOL
83649,
83650,CARVEDILOL
83650,CLOPIDOGREL
83650,GABAPENTIN
83650,GLIMEPIRIDE
83650,LOSARTAN
83650,METFORMIN
83650,OMEPRAZOLE
83650,SERTRALINE
83650,SIMVASTATIN
83651,
83652,
83653,
83654,
83655,METFORMIN
83655,SITAGLIPTIN
83656,
83657,
83658,TOPIRAMATE
83659,
83660,AMLODIPINE
83660,ATENOLOL
83660,BENAZEPRIL
83660,FLUTICASONE NASAL
83660,PRAVASTATIN
83660,TAMSULOSIN
83661,
83662,LEVOTHYROXINE
83662,LISINOPRIL
83662,TAMSULOSIN
83663,ENALAPRIL
83663,FAMOTIDINE
83663,METFORMIN
83663,METOPROLOL
83663,NIFEDIPINE
83663,PRAVASTATIN
83663,TRIAMTERENE
83664,
83665,
83666,
83667,
83668,ETHINYL ESTRADIOL; LEVONORGESTREL
83669,
83670,
83671,
83672,
83673,BECLOMETHASONE
83674,
83675,FLUOXETINE
83676,METFORMIN
83676,SIMVASTATIN
83677,
83678,LAMOTRIGINE
83678,LORAZEPAM
83678,RANITIDINE
83678,SERTRALINE
83678,TRAZODONE
83679,
83680,
83681,
83682,
83683,
83684,ATORVASTATIN
83684,HYDROCHLOROTHIAZIDE
83684,OMEPRAZOLE
83685,
83686,
83687,ATORVASTATIN
83687,CLOPIDOGREL
83687,METOPROLOL
83688,
83689,
83690,FLUTICASONE NASAL
83691,
83692,
83693,OSELTAMIVIR
83694,
83695,
83696,99999
83697,
83698,
83699,
83700,
83701,ATENOLOL
83701,HYDROCHLOROTHIAZIDE
83701,SERTRALINE
83702,LORAZEPAM
83702,METOPROLOL
83702,VENLAFAXINE
83703,
83704,
83705,
83706,
83707,
83708,AMLODIPINE
83708,CLONIDINE
83708,GLIPIZIDE
83708,HYDROCHLOROTHIAZIDE
83708,INSULIN GLARGINE
83708,LISINOPRIL
83708,SIMVASTATIN
83708,WARFARIN
83709,
83710,
83711,ALPRAZOLAM
83711,BUPROPION
83711,CITALOPRAM
83711,FUROSEMIDE
83711,TRAZODONE
83712,BUSPIRONE
83712,CLONAZEPAM
83712,FENOFIBRATE
83712,FLUOXETINE
83712,METOPROLOL
83712,MOMETASONE NASAL
83712,OMEPRAZOLE
83713,
83714,
83715,
83716,FLUORIDE TOPICAL
83716,MINOCYCLINE
83716,TRETINOIN TOPICAL
83717,BENAZEPRIL
83717,OMEPRAZOLE
83718,ACETAMINOPHEN; OXYCODONE
83718,ALBUTEROL
83718,BUDESONIDE; FORMOTEROL
83718,CARISOPRODOL
83718,ZOLPIDEM
83719,
83720,
83721,TAMSULOSIN
83722,
83723,
83724,LOSARTAN
83724,MESALAMINE
83724,ROPINIROLE
83724,TERAZOSIN
83724,TRIAZOLAM
83725,
83726,
83727,
83728,
83729,
83730,
83731,
