SEQN,LBXTC,LBDLDL
73557,167,
73558,170,
73559,126,56
73560,168,
73561,201,101
73562,226,
73563,,
73564,168,97
73566,278,
73567,173,
73568,168,67
73570,,
73571,167,
73572,148,
73573,,
73574,131,75
73575,,
73576,154,82
73577,182,119
73578,,
73579,135,
73580,225,159
73581,202,105
73582,,
73583,,
73584,196,
73585,198,
73586,,
73587,159,110
73588,166,
73589,192,
73590,,
73591,185,
73592,168,
73593,,
73594,189,
73595,165,
73596,151,78
73597,,
73598,177,68
73599,150,
73600,189,113
73601,179,
73602,,
73603,227,
73604,203,
73605,165,
73606,,
73607,161,103
73608,,
73609,133,
73610,200,89
73611,,
73612,141,
73613,203,
73614,256,
73615,166,
73616,171,
73617,164,
73618,238,151
73619,162,92
73620,,
73621,161,70
73622,186,
73623,172,
73624,274,
73626,,
73627,,
73628,175,
73629,204,
73630,,
73631,173,
73632,148,
73633,195,142
73635,,
73636,,
73637,,
73638,140,71
73639,210,137
73640,165,94
73641,191,85
73642,271,183
73643,123,
73644,,
73645,146,
73646,,
73647,127,67
73648,,
73650,126,
73651,,
73652,,
73653,193,
73654,181,
73655,206,146
73656,146,71
73657,176,124
73658,,
73659,241,162
73660,206,
73661,142,90
73662,223,
73663,186,118
73664,,
73665,188,
73666,125,
73667,187,122
73668,160,93
73669,,
73670,241,
73671,243,108
73672,272,
73673,172,
73674,184,105
73675,230,
73676,254,171
73677,174,83
73678,276,
73679,,
73680,159,85
73681,,
73682,,
73683,,
73684,177,
73685,,
73686,141,
73687,140,
73688,179,116
73690,255,147
73691,142,95
73692,208,
73693,214,
73694,191,84
73696,177,
73697,198,132
73698,176,
73699,109,51
73700,,
73701,227,
73702,179,109
73703,200,
73704,149,
73705,132,
73706,149,71
73707,176,
73708,176,
73709,132,73
73710,,
73711,,
73712,162,
73713,,
73714,213,130
73715,155,
73716,182,
73717,144,
73718,126,72
73719,120,
73720,255,
73722,,
73723,126,
73724,167,93
73725,199,
73726,210,
73727,,
73728,144,
73729,185,116
73730,152,88
73731,166,80
73732,195,104
73733,189,
73734,,
73735,130,
73736,209,
73738,98,
73739,172,103
73740,209,
73741,239,
73742,192,
73744,,
73745,171,
73746,226,
73747,234,164
73748,,
73749,149,
73750,140,
73751,185,
73752,173,
73753,127,
73754,181,
73755,182,101
73756,143,61
73757,187,118
73758,175,118
73759,170,
73760,222,
73761,175,
73762,,
73763,187,115
73764,132,60
73765,246,
73766,153,
73767,200,130
73768,,
73769,,
73770,161,
73771,,
73772,188,113
73773,199,121
73774,127,
73775,131,68
73776,148,
73778,121,
73779,233,160
73780,164,
73781,183,107
73782,190,
73783,222,145
73785,,
73786,189,
73787,141,
73788,179,
73789,,
73790,261,192
73792,230,
73793,147,
73794,106,
73795,227,
73796,,
73797,118,
73798,191,
73799,129,
73800,220,
73801,243,139
73802,178,
73803,,
73804,130,
73805,190,112
73806,220,156
73807,152,79
73808,179,
73809,213,
73810,214,
73811,,
73812,,
73813,203,148
73814,,
73815,203,119
73816,250,169
73817,,
73818,,
73819,,
73820,163,62
73821,,
73822,,
73823,140,
73824,151,
73825,,
73826,121,57
73827,123,
73828,,
73829,,
73831,177,
73833,168,
73834,243,
73835,157,
73836,149,
73837,117,66
73838,,
73839,135,64
73840,245,
73841,158,81
73842,234,
73843,214,
73844,121,76
73845,175,95
73846,122,
73847,233,156
73848,183,99
73849,175,117
73850,169,
73851,210,
73852,176,104
73853,142,81
73854,,
73855,143,
73856,,
73858,190,
73859,176,
73860,240,139
73861,189,
73862,163,84
73863,145,
73864,243,
73865,253,
73866,202,101
73868,199,
73869,167,
73870,208,
73872,175,95
73873,186,
73874,,
73875,173,
73876,,
73877,,
73878,237,
73879,236,
73880,157,84
73881,180,
73882,223,
73883,207,
73884,216,134
73885,171,
73886,250,
73887,126,70
73888,103,
73889,188,114
73890,154,100
73891,123,
73892,167,107
73893,138,
73894,147,
73895,,
73896,149,
73897,150,
73898,,
73899,90,
73900,205,121
73901,186,
73902,143,
73903,,
73904,148,
73905,,
73906,192,
73907,,
73908,133,
73909,,
73910,215,137
73911,,
73912,,
73913,125,
73914,236,
73915,176,121
73916,208,146
73917,116,
73918,208,132
73919,,
73920,141,70
73921,,
73922,258,
73923,,
73924,185,111
73925,118,
73926,176,114
73927,,
73928,219,153
73929,,
73930,199,82
73931,154,95
73932,199,
73933,147,
73934,165,112
73935,203,141
73936,,
73937,211,131
73938,219,152
73939,156,
73940,125,
73941,173,
73942,,
73943,141,
73944,,
73945,206,
73946,,
73947,,
73948,,
73949,169,
73950,,
73951,108,
73952,175,114
73953,180,117
73954,157,
73955,196,
73956,,
73957,121,
73958,113,
73959,,
73960,,
73961,128,
73962,206,104
73963,189,
73964,225,
73965,,
73966,176,
73967,,
73968,143,
73969,,
73970,168,
73971,171,
73972,,
73973,,
73974,247,
73975,161,105
73976,147,
73977,137,70
73978,135,
73979,224,105
73980,207,
73981,193,112
73982,131,63
73983,,
73984,,
73985,134,
73986,,
73987,202,
73988,,
73989,,
73990,184,
73991,142,
73992,129,84
73993,120,
73994,145,
73995,154,77
73996,,
73997,160,
73998,134,75
73999,187,104
74000,140,
74001,140,
74002,223,156
74003,201,
74004,194,
74005,160,
74006,135,81
74007,249,128
74008,267,
74009,137,
74010,206,
74011,193,118
74012,186,
74013,180,
74014,235,
74015,,
74016,,
74017,141,
74018,211,138
74019,180,104
74021,137,
74022,180,
74023,137,
74024,,
74025,177,
74026,143,
74027,132,
74028,120,
74029,153,
74030,,
74031,168,94
74032,188,
74033,171,107
74034,,
74035,,
74036,192,112
74037,142,71
74038,206,
74039,113,
74040,,
74041,137,
74042,,
74043,,
74044,211,
74045,279,195
74046,184,109
74047,186,132
74048,161,105
74049,248,
74050,166,
74051,226,
74052,,
74053,171,
74054,131,70
74055,,
74056,185,119
74057,200,138
74058,209,135
74059,241,
74060,167,
74061,160,
74062,120,
74064,138,
74065,266,164
74066,,
74067,,
74068,,
74069,,
74070,301,221
74071,,
74072,192,124
74073,,
74074,,
74075,145,
74076,,
74077,139,83
74078,184,118
74079,,
74080,,
74081,187,
74082,,
74083,176,
74084,,
74085,195,105
74086,134,
74087,171,
74088,,
74089,174,
74090,186,
74091,184,
74092,163,
74093,,
74094,143,
74095,,
74096,,
74097,181,112
74098,,
74099,232,146
74100,,
74101,213,
74102,169,
74103,137,
74104,160,
74105,,
74106,175,
74107,,
74108,,
74109,252,
74110,188,122
74111,245,
74112,171,100
74113,151,
74114,200,
74115,179,
74116,164,
74117,176,
74118,184,120
74119,212,110
74120,251,155
74121,,
74122,218,125
74123,218,137
74124,158,66
74125,169,
74126,197,
74127,170,104
74128,143,47
74129,150,90
74130,134,62
74131,164,95
74132,277,
74133,142,
74134,220,129
74135,138,
74136,,
74137,139,
74138,193,
74139,200,
74140,166,
74141,130,38
74142,141,
74143,216,
74144,251,
74145,140,
74146,185,
74147,200,122
74148,221,
74149,197,
74150,137,69
74152,182,96
74153,140,
74154,230,143
74156,,
74157,186,
74158,236,161
74159,294,216
74160,170,87
74161,153,
74163,179,
74164,180,
74165,,
74166,186,
74167,,
74168,118,59
74169,145,
74170,216,146
74171,,
74172,137,
74173,196,104
74174,,
74175,226,
74176,227,122
74177,,
74178,163,
74179,161,
74180,252,188
74181,170,
74182,,
74183,191,
74184,232,155
74185,164,
74186,140,65
74187,166,96
74188,148,
74189,,
74190,210,122
74191,180,117
74192,,
74193,196,105
74194,,
74195,141,95
74196,191,120
74197,,
74198,211,
74199,141,
74200,,
74201,,
74203,198,
74204,,
74205,164,94
74206,149,92
74207,232,141
74208,,
74209,140,
74210,,
74211,267,
74212,201,
74213,160,
74214,226,147
74215,166,
74217,,
74218,,
74219,162,
74220,176,
74221,189,
74222,149,
74223,,
74224,204,121
74225,188,127
74226,180,77
74227,228,
74228,,
74229,178,
74230,234,150
74231,174,
74232,162,
74233,160,85
74234,,
74235,245,
74236,,
74237,139,68
74238,182,
74239,254,139
74240,,
74241,196,126
74242,147,
74243,161,
74244,179,
74245,,
74247,166,
74248,,
74249,161,85
74250,,
74251,157,
74252,154,91
74253,141,77
74254,131,
74255,173,
74256,209,
74257,,
74258,,
74259,179,
74260,,
74261,,
74262,150,
74263,134,
74264,262,181
74265,184,91
74266,,
74267,,
74268,188,92
74269,,
74270,219,133
74271,192,118
74272,,
74273,140,71
74274,122,69
74275,148,67
74276,185,111
74277,186,106
74278,223,
74279,163,
74280,230,
74281,141,
74283,221,175
74284,176,115
74285,131,
74286,191,
74287,200,
74288,227,161
74289,,
74290,189,
74291,,
74292,194,111
74293,203,111
74294,216,
74295,120,69
74296,137,
74297,159,
74298,167,109
74299,,
74300,200,
74301,205,129
74302,213,88
74303,,
74304,155,99
74305,186,
74306,136,44
74307,142,
74308,145,
74310,172,81
74311,,
74312,185,118
74313,246,147
74314,198,
74315,,
74316,162,
74317,161,
74318,180,
74319,160,70
74320,,
74321,,
74322,112,
74323,179,
74324,205,125
74325,193,
74326,135,79
74327,157,
74328,186,129
74329,169,112
74330,,
74331,183,119
74332,218,150
74333,,
74334,,
74335,152,
74336,180,
74337,,
74338,250,169
74339,138,
74340,261,147
74341,116,51
74342,203,
74343,,
74344,,
74345,210,136
74346,145,82
74347,130,
74348,157,87
74349,235,156
74350,157,87
74351,,
74352,226,
74354,,
74355,221,
74356,,
74358,147,62
74359,145,
74360,145,
74361,95,
74362,,
74363,,
74364,,
74365,,
74366,195,
74367,164,92
74368,275,
74369,163,
74370,128,
74371,,
74372,,
74373,124,
74374,137,61
74375,214,
74376,127,
74377,,
74378,203,114
74379,179,
74380,222,156
74381,171,86
74382,,
74383,212,
74384,154,
74385,144,
74386,162,
74387,,
74388,136,
74389,,
74390,,
74391,,
74392,143,
74393,138,71
74394,180,122
74395,207,131
74396,157,80
74397,190,
74398,,
74399,151,
74400,167,107
74401,174,108
74402,248,154
74403,153,
74404,,
74405,,
74406,,
74407,211,
74408,120,
74410,164,
74411,199,118
74412,204,120
74413,190,113
74414,,
74415,157,97
74416,,
74417,207,114
74418,149,
74419,188,
74420,,
74421,230,153
74422,189,
74423,144,
74424,216,
74425,260,
74426,,
74427,161,
74428,,
74429,,
74430,192,
74431,,
74432,223,
74433,259,189
74434,191,
74435,101,52
74436,150,
74437,228,
74438,,
74439,,
74440,170,96
74441,123,47
74442,215,148
74443,214,
74444,138,
74445,139,
74446,183,112
74447,,
74448,,
74449,232,
74450,,
74451,237,
74452,147,
74453,,
74454,242,
74455,128,
74456,,
74457,151,
74458,167,
74459,188,107
74460,176,
74461,,
74462,277,
74463,209,109
74464,197,
74465,183,100
74466,166,108
74467,,
74468,,
74469,,
74470,,
74471,242,168
74472,,
74473,225,
74474,,
74475,,
74476,211,127
74477,,
74478,138,
74479,170,
74480,167,97
74481,191,
74482,148,
74483,,
74484,149,
74485,,
74486,202,
74487,198,128
74488,118,
74489,163,
74490,198,
74491,201,
74492,149,
74493,188,
74494,,
74495,126,
74496,,
74497,,
74498,253,161
74499,186,
74500,127,
74501,145,
74502,205,
74503,166,87
74504,148,
74505,171,
74506,,
74507,131,
74508,185,119
74509,252,160
74510,180,
74511,252,
74512,232,153
74513,128,
74514,,
74515,,
74516,125,
74517,,
74518,,
74519,122,
74520,166,
74521,193,129
74522,,
74523,209,134
74524,203,
74525,215,
74526,,
74527,,
74528,,
74529,214,129
74530,195,142
74531,146,78
74532,183,130
74533,,
74534,164,108
74535,,
74536,170,73
74537,133,78
74538,,
74539,273,
74540,149,
74541,,
74542,129,
74543,,
74544,143,
74545,,
74546,165,
74547,132,81
74548,187,114
74549,252,
74550,,
74551,168,85
74552,184,127
74553,139,
74554,155,
74556,142,
74557,153,90
74558,,
74559,158,86
74560,197,
74561,,
74562,211,
74563,227,155
74564,,
74565,166,98
74566,271,160
74567,218,
74568,,
74569,188,116
74570,170,92
74571,192,
74572,,
74573,,
74574,213,
74575,199,
74576,241,
74578,,
74579,136,
74580,205,
74581,136,
74582,190,
74583,135,68
74584,166,
74586,149,
74587,215,
74588,150,43
74589,222,
74590,195,
74591,149,82
74592,,
74593,,
74594,194,
74595,,
74596,171,99
74597,,
74598,178,
74600,200,
74601,172,
74602,153,93
74603,,
74605,211,
74606,156,
74607,146,
74608,138,
74609,177,117
74610,,
74611,192,
74612,261,
74613,154,98
74614,158,89
74615,,
74616,203,
74617,137,67
74618,,
74619,119,62
74620,,
74621,,
74622,,
74623,215,
74624,186,115
74626,167,
74627,207,
74628,243,
74629,159,
74630,214,134
74631,215,
74632,183,
74633,208,
74634,,
74635,,
74636,215,
74637,165,
74638,170,
74639,210,
74640,183,
74641,189,118
74642,199,
74643,,
74644,136,
74645,174,
74646,184,105
74647,175,
74648,,
74649,,
74650,187,123
74651,181,
74652,233,134
74653,150,76
74654,196,
74655,215,
74656,150,
74657,,
74658,134,54
74659,120,
74660,169,
74661,182,
74662,,
74663,137,62
74665,138,
74666,170,90
74667,,
74668,164,102
74669,208,139
74670,220,130
74671,179,
74672,134,
74673,142,60
74674,,
74675,175,
74676,100,
74677,,
74678,162,
74679,184,122
74680,190,
74681,156,
74682,130,
74683,251,162
74684,,
74685,195,
74686,243,
74687,124,61
74688,,
74689,,
74690,146,
74691,149,67
74692,139,
74693,177,110
74694,176,
74695,317,
74696,296,186
74697,185,
74698,176,
74699,132,
74700,,
74701,213,139
74702,143,87
74703,210,
74704,230,138
74705,183,
74706,,
74707,221,
74708,141,77
74709,186,116
74710,152,
74711,211,
74712,,
74713,,
74714,98,
74715,187,
74716,,
74717,138,
74718,134,
74719,166,83
74720,210,
74721,234,135
74722,147,80
74723,134,50
74724,128,
74725,207,
74726,158,
74727,,
74728,231,
74729,,
74730,150,88
74731,164,110
74732,258,183
74733,200,
74734,230,155
74735,163,
74736,,
74737,206,
74738,,
74739,158,
74740,121,
74741,151,
74742,193,111
74743,214,
74744,169,121
74745,218,
74746,180,
74747,239,147
74748,277,217
74749,,
74751,195,104
74752,145,
74753,,
74754,178,
74755,,
74756,181,
74757,205,
74758,,
74759,153,
74760,174,104
74761,,
74762,155,
74763,183,114
74764,144,
74765,250,
74766,198,124
74767,169,
74768,,
74769,120,
74770,,
74771,127,
74772,198,117
74773,171,101
74774,175,
74775,,
74776,164,
74777,,
74778,125,
74779,211,123
74780,203,
74781,237,
74782,215,135
74783,125,
74784,270,156
74785,160,90
74786,186,122
74787,200,101
74788,154,95
74789,145,75
74790,253,154
74791,163,
74792,,
74793,,
74794,248,134
74795,111,39
74796,164,
74797,190,108
74798,,
74799,,
74800,152,
74801,162,100
74802,216,
74803,131,
74804,257,165
74805,,
74806,194,
74807,,
74808,,
74809,156,
74811,,
74812,164,
74813,164,
74814,192,
74815,204,
74816,174,
74817,191,
74818,212,137
74819,,
74820,,
74821,,
74822,196,
74823,168,92
74824,165,
74825,152,80
74826,206,131
74827,,
74828,,
74829,188,
74830,156,81
74831,229,
74832,172,109
74833,147,
74834,143,
74835,154,
74836,,
74837,264,
74838,,
74839,233,
74840,161,
74841,251,
74842,,
74843,207,109
74844,168,99
74845,172,
74846,,
74847,,
74848,,
74849,128,
74850,,
74851,207,116
74852,109,54
74854,171,116
74855,122,
74856,,
74857,159,
74858,,
74859,220,
74860,273,
74861,287,
74862,261,179
74863,,
74864,142,
74865,177,109
74866,227,146
74867,153,
74868,160,
74869,152,
74870,126,
74871,155,
74872,176,102
74873,,
74874,211,150
74875,,
74876,,
74877,143,
74878,200,
74879,190,
74880,187,125
74881,128,
74882,166,
74883,181,117
74884,,
74885,232,135
74886,173,91
74887,121,67
74889,161,102
74890,229,
74891,160,
74892,,
74893,278,185
74894,151,
74895,206,131
74896,,
74897,263,
74898,,
74899,,
74900,114,
74901,171,
74902,135,
74903,177,
74904,178,
74905,217,
74906,,
74907,212,135
74908,,
74909,248,
74910,173,113
74911,142,
74912,155,73
74913,123,
74914,114,
74915,,
74916,200,
74917,162,
74918,188,103
74919,232,
74920,,
74921,,
74922,,
74923,130,78
74924,,
74925,,
74926,147,
74927,102,55
74928,217,149
74929,180,62
74930,143,
74931,119,64
74932,159,91
74933,125,
74934,154,
74935,164,
74936,,
74937,166,
74938,202,113
74939,145,
74940,198,126
74941,219,
74942,167,92
74943,148,59
74944,,
74945,182,106
74946,233,
74947,,
74948,171,106
74949,172,
74950,,
74951,235,137
74952,,
74953,83,
74954,210,121
74955,200,125
74956,,
74957,,
74958,250,
74959,147,
74960,207,
74961,205,
74962,179,90
74963,220,
74964,,
74965,196,119
74966,,
74967,,
74968,134,
74969,194,107
74970,,
74971,257,161
74972,139,79
74973,128,
74974,134,72
74976,,
74977,160,95
74978,135,
74979,131,
74980,187,
74981,157,
74982,184,
74983,212,130
74984,175,
74985,179,102
74986,112,54
74987,113,
74988,138,
74989,242,
74990,103,44
74991,149,
74992,104,51
74993,,
74995,,
74996,224,
74997,218,
74998,183,127
74999,156,
75000,194,
75001,148,
75002,,
75003,227,148
75004,214,120
75005,,
75006,,
75007,,
75008,,
75009,,
75010,306,206
75011,163,81
75012,279,
75013,129,80
75015,,
75016,155,
75017,187,
75018,197,
75019,175,
75020,170,
75021,,
75023,171,107
75024,,
75025,,
75027,167,
75028,188,
75029,193,
75030,184,
75032,134,
75033,184,
75034,200,
75035,,
75036,,
75037,,
75038,,
75039,152,
75040,153,
75041,193,111
75042,211,83
75043,174,99
75044,184,
75045,120,61
75046,,
75047,245,
75048,139,
75049,240,
75050,175,122
75051,243,
75052,,
75053,,
75054,,
75055,137,
75056,191,
75057,289,210
75058,177,105
75059,186,
75060,193,
75061,160,
75062,,
75063,172,
75064,192,
75065,152,
75066,163,72
75067,,
75068,253,
75069,141,69
75070,201,115
75071,224,
75072,,
75073,164,
75074,147,
75075,189,
75076,125,
75077,175,
75078,159,
75079,216,113
75081,189,
75082,202,135
75084,120,
75085,125,
75086,202,
75087,,
75088,158,
75089,226,
75090,165,73
75092,149,96
75093,142,
75094,,
75095,132,
75096,,
75097,171,
75098,99,42
75099,246,
75100,151,85
75101,139,
75102,,
75103,212,
75104,239,133
75105,172,106
75106,,
75107,,
75108,204,117
75109,,
75110,,
75111,148,
75112,95,45
75114,207,
75115,,
75116,,
75117,156,
75118,259,172
75119,161,
75120,,
75121,207,
75122,,
75123,207,135
75124,181,
75125,209,
75126,152,
75127,165,88
75128,176,108
75129,142,
75130,154,
75131,231,
75132,210,144
75133,179,
75134,151,85
75135,188,
75136,222,143
75137,220,
75138,169,
75139,172,
75140,196,
75141,103,47
75142,146,
75143,175,65
75144,,
75145,,
75146,199,130
75147,181,
75148,,
75149,156,83
75150,192,
75151,141,
75152,,
75153,183,
75154,,
75155,203,
75156,207,130
75157,132,70
75158,290,
75159,196,118
75160,234,170
75161,228,
75162,143,
75163,,
75164,174,
75165,213,
75166,125,
75167,,
75168,,
75169,115,
75170,,
75171,,
75172,,
75173,108,
75174,113,54
75175,166,
75176,101,44
75177,151,
75178,178,96
75179,312,194
75180,,
75181,200,
75182,185,
75183,,
75184,143,
75185,125,68
75186,131,
75187,174,92
75188,163,107
75189,214,130
75190,250,139
75191,163,
75192,,
75193,252,171
75194,171,
75195,223,
75196,245,130
75199,,
75200,,
75201,147,
75202,140,
75203,142,
75204,225,
75205,228,
75206,174,
75207,217,134
75208,,
75209,197,
75210,181,
75211,229,
75212,231,154
75213,,
75215,114,
75216,238,158
75217,218,
75218,162,
75219,,
75220,142,84
75221,237,
75222,176,101
75223,209,130
75224,193,113
75225,184,109
75226,149,
75227,123,64
75229,,
75230,,
75231,162,
75232,220,
75233,,
75234,,
75235,135,
75236,235,135
75237,230,
75238,145,
75239,,
75240,,
75241,,
75242,151,
75244,159,68
75245,,
75246,,
75247,,
75248,129,78
75249,143,68
75250,166,
75251,163,88
75252,275,
75253,135,76
75254,169,
75255,179,
75256,246,173
75257,163,91
75258,192,
75259,201,131
75260,234,
75261,144,
75262,193,108
75263,249,
75264,181,
75265,113,54
75266,,
75267,,
75268,157,
75269,196,
75270,258,
75271,,
75272,134,
75273,117,
75274,136,
75275,,
75276,,
75277,205,134
75278,162,87
75279,192,116
75280,148,
75281,165,
75282,247,
75283,168,
75284,,
75285,209,
75286,,
75287,193,
75288,199,
75289,164,98
75290,200,144
75291,204,
75292,125,
75293,172,
75294,147,
75295,153,79
75296,163,
75297,146,
75298,147,
75299,215,
75300,161,
75301,176,109
75302,152,95
75303,152,
75304,,
75305,153,
75306,245,164
75307,135,69
75308,,
75309,161,
75310,,
75311,164,
75312,150,93
75313,,
75314,,
75315,167,92
75316,150,
75317,,
75318,180,
75319,,
75320,176,94
75321,194,111
75322,161,
75323,,
75324,200,121
75325,207,111
75326,223,
75327,211,135
75328,166,96
75329,214,130
75330,190,
75331,186,
75332,175,118
75333,193,95
75334,142,
75335,250,
75337,257,
75338,237,
75339,241,165
75340,160,
75341,158,
75342,157,
75343,146,84
75344,196,
75345,204,
75346,183,100
75347,207,
75348,151,
75349,221,148
75350,173,73
75351,157,74
75352,173,
75353,202,
75354,,
75355,90,
75356,192,
75358,180,
75359,164,78
75360,,
75361,197,128
75362,246,
75363,,
75364,175,106
75365,165,
75366,234,
75367,,
75368,,
75369,,
75370,154,62
75371,146,
75372,,
75373,,
75374,246,
75375,180,111
75376,198,
75377,162,
75378,188,
75379,200,
75380,150,
75381,215,128
75382,161,115
75383,169,
75384,151,67
75385,205,127
75386,,
75387,,
75388,170,
75389,204,141
75390,209,108
75391,206,130
75392,181,127
75393,166,91
75394,,
75395,227,
75396,,
75397,209,112
75398,120,
75399,218,
75400,146,
75401,,
75402,,
75403,134,84
75404,267,
75405,135,68
75406,154,
75407,151,81
75408,,
75409,252,
75410,143,90
75411,,
75412,124,
75413,179,103
75414,230,
75415,178,
75416,196,128
75417,,
75418,202,134
75419,174,
75420,190,
75421,149,
75422,146,
75423,219,
75424,232,
75425,183,
75426,138,
75427,,
75428,170,97
75429,,
75430,167,
75431,137,
75432,166,
75433,120,
75434,215,
75435,195,92
75436,,
75438,,
75439,181,
75440,232,143
75441,,
75442,,
75443,167,
75444,192,
75445,195,
75446,193,
75447,138,70
75448,,
75449,193,124
75450,185,
75451,214,154
75452,160,
75453,160,
75454,142,
75455,165,
75456,162,95
75457,157,
75458,133,
75461,169,
75462,203,145
75463,154,
75464,145,
75465,176,
75466,156,87
75467,237,163
75468,168,
75469,,
75470,,
75471,,
75472,211,124
75473,196,
75474,,
75475,173,
75476,140,80
75477,154,
75478,,
75479,162,
75480,140,
75481,157,
75482,236,
75483,152,
75486,190,
75487,188,103
75488,,
75489,,
75490,139,
75491,124,63
75492,181,113
75493,,
75494,106,
75495,119,78
75496,124,
75497,,
75498,173,106
75499,166,
75500,240,145
75501,,
75502,101,22
75503,176,
75504,235,
75505,131,56
75506,115,56
75507,154,
75508,124,66
75509,220,
75510,176,
75511,209,
75512,134,
75513,122,66
75514,,
75515,180,
75516,164,
75517,117,
75518,176,98
75519,166,78
75520,181,
75521,187,117
75523,163,
75524,192,
75525,180,
75526,217,143
75527,139,63
75528,213,135
75529,165,
75531,223,150
75532,222,152
75533,163,90
75534,145,76
75535,,
75536,,
75537,211,
75538,153,
75539,166,100
75540,,
75541,177,
75542,187,106
75543,214,134
75544,272,
75545,,
75546,146,
75547,203,
75548,127,
75549,164,77
75550,160,
75552,167,
75553,230,
75554,130,
75555,246,
75556,175,
75557,255,168
75558,145,
75559,,
75560,190,
75561,155,
75562,172,113
75563,153,62
75564,196,
75565,209,
75566,209,
75567,198,
75569,,
75570,122,
75571,163,101
75572,173,103
75573,230,126
75574,,
75575,222,
75576,184,121
75577,,
75578,119,71
75579,142,
75580,180,92
75581,138,
75582,,
75583,119,61
75584,166,
75585,246,
75586,150,
75587,117,46
75588,218,
75589,147,81
75590,146,
75591,171,
75592,224,145
75593,182,
75594,174,107
75595,224,
75596,120,
75597,,
75598,200,109
75599,,
75601,121,
75602,145,75
75603,,
75604,,
75605,,
75606,,
75607,111,
75608,,
75609,210,67
75610,152,96
75611,,
75612,234,
75613,183,103
75614,161,
75615,,
75616,128,74
75617,,
75618,161,101
75619,195,
75620,177,
75621,204,144
75622,,
75623,153,
75624,147,76
75625,156,89
75626,,
75627,,
75628,241,
75629,155,
75630,176,
75631,280,173
75632,,
75633,159,
75634,,
75635,181,
75636,180,114
75637,140,59
75638,,
75639,215,
75640,193,
75641,201,
75642,,
75643,187,
75644,185,105
75645,140,
75646,188,
75647,195,116
75648,189,
75649,176,
75650,126,65
75651,,
75652,,
75653,236,
75654,247,
75655,222,
75656,,
75657,165,
75658,165,
75659,124,61
75660,204,
75661,,
75662,182,91
75663,257,
75664,230,172
75665,175,
75666,144,
75667,248,
75668,163,
75669,256,163
75670,165,94
75671,193,
75674,155,
75675,149,101
75676,149,
75677,168,
75678,195,
75679,260,
75680,175,
75681,,
75682,166,110
75683,197,110
75684,116,
75685,168,
75686,186,
75688,191,119
75689,195,132
75690,174,97
75691,271,
75692,183,
75693,,
75694,,
75695,206,
75696,231,
75697,,
75698,167,112
75699,211,121
75700,179,
75701,,
75702,200,119
75703,,
75704,157,
75705,154,65
75706,175,106
75707,100,36
75708,,
75709,159,66
75710,136,74
75711,160,
75712,160,
75713,,
75714,188,97
75715,171,67
75716,,
75717,146,
75718,,
75719,,
75720,182,
75721,251,213
75722,122,67
75723,254,175
75724,149,72
75725,166,
75726,191,
75727,,
75728,,
75729,110,
75730,,
75731,152,
75732,199,
75733,142,
75734,,
75735,222,146
75736,,
75737,199,130
75738,311,
75739,,
75740,,
75741,151,
75742,250,
75743,144,78
75744,155,70
75745,178,
75746,,
75747,164,81
75748,152,
75749,166,
75750,224,
75751,227,
75752,,
75753,197,112
75754,199,125
75755,139,
75756,,
75757,173,
75758,197,121
75759,127,
75760,150,
75761,,
75762,139,59
75763,185,
75764,,
75765,163,
75766,137,
75767,157,
75768,218,
75769,184,
75770,148,
75771,121,
75772,174,
75773,227,
75774,137,51
75775,190,132
75776,301,
75777,171,
75779,128,
75780,,
75781,121,
75782,,
75784,,
75785,211,
75786,198,
75787,234,152
75788,,
75789,134,75
75790,213,138
75791,150,92
75792,202,
75793,,
75794,,
75795,184,99
75796,142,86
75797,,
75798,,
75799,196,
75800,173,
75801,,
75802,133,
75803,200,
75804,,
75805,297,215
75806,195,
75807,198,
75808,136,
75809,129,56
75810,201,
75811,122,
75813,166,
75814,244,169
75815,198,
75816,155,
75817,194,
75818,,
75819,152,
75820,200,
75822,196,119
75823,156,85
75824,217,
75825,167,
75826,120,51
75827,178,
75828,182,
75829,,
75830,162,85
75831,218,138
75832,173,
75833,172,
75834,,
75835,175,
75836,156,95
75837,198,132
75838,129,57
75839,168,
75840,237,
75841,94,36
75842,170,93
75843,,
75844,,
75845,129,
75846,164,
75847,122,
75848,156,
75849,,
75850,182,122
75851,185,
75852,172,
75853,151,85
75854,159,99
75855,198,
75856,200,131
75857,169,
75858,239,
75859,168,
75860,185,120
75861,169,
75862,116,
75863,193,
75864,,
75865,,
75866,185,101
75867,,
75868,,
75869,166,76
75870,173,
75871,178,92
75872,133,61
75873,171,
75874,177,
75875,159,104
75876,,
75877,,
75878,162,86
75879,172,
75880,186,104
75881,172,92
75882,192,
75883,242,
75884,,
75885,209,
75886,180,
75887,208,104
75888,217,146
75890,217,142
75891,,
75892,239,148
75893,271,
75894,166,
75895,205,
75896,143,99
75897,,
75898,187,
75899,166,
75900,126,69
75901,135,79
75902,,
75903,159,
75904,175,
75905,199,120
75906,135,72
75907,163,
75908,149,
75909,193,108
75910,141,
75911,152,
75912,128,
75913,211,130
75914,,
75915,223,
75916,182,
75918,144,
75919,282,
75920,181,
75921,138,81
75922,207,126
75923,161,93
75924,157,
75925,154,
75927,197,91
75928,187,124
75929,181,
75930,,
75931,105,57
75932,192,
75933,236,
75934,262,201
75935,,
75936,138,
75937,153,
75938,220,
75939,,
75940,,
75941,161,
75942,192,
75943,,
75944,137,
75945,209,
75946,148,
75947,,
75948,,
75949,233,148
75950,,
75951,170,83
75952,160,88
75953,,
75954,247,
75955,124,
75956,130,
75957,154,
75958,178,117
75959,,
75960,189,101
75961,200,
75962,236,
75963,121,
75964,165,100
75965,159,
75966,159,
75967,156,
75969,144,
75970,252,163
75971,163,75
75972,,
75973,155,
75974,218,
75975,139,88
75976,122,
75977,153,
75978,179,84
75979,171,
75980,135,68
75981,,
75982,202,124
75983,,
75984,156,
75985,214,132
75986,276,
75987,181,
75988,146,
75989,183,80
75991,185,
75992,192,111
75993,270,
75994,,
75995,133,
75996,157,103
75997,179,
75998,197,108
75999,178,
76000,,
76001,,
76002,,
76003,160,
76004,183,104
76005,170,
76006,145,75
76007,184,
76008,182,79
76009,173,
76010,,
76011,192,
76012,151,
76013,,
76014,164,85
76015,166,
76016,176,
76017,,
76018,191,127
76019,200,140
76020,,
76021,,
76022,,
76023,216,129
76024,170,93
76025,211,136
76026,205,
76027,,
76028,222,160
76029,,
76030,214,
76031,,
76032,124,32
76033,161,116
76034,172,
76035,,
76036,162,
76037,124,
76038,123,
76039,148,
76040,152,69
76041,206,
76042,130,
76043,171,
76044,181,
76045,167,94
76046,246,
76047,126,
76048,304,
76049,203,135
76050,,
76051,209,139
76052,171,
76053,,
76054,169,82
76055,,
76056,144,74
76057,114,53
76058,,
76059,147,
76060,184,
76061,94,
76062,212,
76063,,
76064,173,
76065,,
76066,,
76067,184,131
76068,199,
76069,159,74
76071,148,90
76072,144,83
76073,137,73
76074,115,59
76075,180,
76076,132,
76077,169,109
76078,216,
76079,155,
76080,,
76081,189,96
76082,130,
76083,197,
76084,219,149
76085,,
76086,115,
76087,152,
76088,238,
76089,155,
76090,206,
76091,218,
76092,,
76093,144,
76094,155,101
76095,204,
76096,224,
76097,158,83
76098,,
76099,153,
76100,,
76101,138,82
76102,147,
76103,231,
76104,182,
76105,175,
76106,231,145
76107,191,119
76108,228,
76109,237,
76110,112,49
76111,,
76112,198,
76114,121,54
76115,,
76116,197,
76117,186,
76118,206,
76119,144,69
76120,155,88
76121,122,
76122,,
76123,,
76124,,
76125,152,75
76126,200,
76127,168,
76128,263,173
76129,209,
76130,,
76131,,
76132,165,
76133,181,94
76134,154,85
76135,161,114
76136,,
76137,210,134
76138,244,183
76139,266,
76140,183,
76143,,
76144,159,100
76145,158,74
76146,160,
76147,146,
76148,147,85
76149,173,91
76150,207,
76151,190,120
76152,,
76153,151,68
76154,234,
76155,,
76156,195,
76158,155,55
76159,179,76
76160,234,
76161,222,152
76162,,
76164,161,
76165,178,
76167,147,
76168,193,
76169,231,154
76170,210,135
76171,179,105
76172,137,68
76173,163,
76174,161,88
76175,134,
76176,130,
76177,137,
76178,,
76179,166,
76180,284,206
76181,168,
76182,,
76183,154,72
76184,164,
76185,,
76186,160,
76187,165,
76188,175,
76189,183,
76190,228,151
76191,164,
76192,191,120
76193,186,
76194,,
76195,154,
76196,,
76197,150,78
76198,146,
76199,221,120
76200,,
76201,,
76202,,
76203,186,
76204,200,
76205,,
76206,156,96
76207,,
76208,135,
76209,167,
76210,136,74
76211,175,
76212,246,
76213,137,
76214,156,
76215,171,100
76216,132,
76217,163,95
76218,183,
76219,154,
76220,203,118
76221,149,72
76222,,
76223,184,
76224,174,96
76226,220,148
76227,187,
76228,,
76229,195,
76230,135,
76231,171,
76232,196,
76233,205,
76234,165,
76235,209,
76236,180,94
76237,,
76238,193,97
76239,145,85
76240,167,
76241,154,
76242,155,
76243,138,81
76244,115,68
76245,145,
76246,266,
76247,,
76248,178,107
76249,,
76250,149,
76251,166,
76252,204,
76253,167,85
76254,,
76255,,
76256,256,157
76257,,
76258,139,
76259,138,66
76260,155,91
76261,143,70
76262,,
76264,193,107
76265,123,56
76266,207,
76267,171,112
76268,,
76269,169,67
76270,147,
76271,178,65
76272,137,82
76273,,
76274,,
76275,,
76276,253,140
76277,121,65
76278,119,
76279,130,71
76280,,
76281,207,
76282,153,
76283,,
76284,89,45
76285,270,177
76286,,
76287,,
76288,156,
76289,127,61
76290,245,
76291,,
76293,111,
76294,145,
76295,220,
76296,186,
76298,196,115
76299,204,116
76300,179,
76301,171,88
76302,197,
76303,191,137
76304,142,71
76305,126,
76306,179,100
76307,194,119
76309,,
76310,176,94
76311,140,75
76312,156,
76314,172,94
76315,176,
76316,194,92
76317,146,66
76318,,
76319,184,
76320,240,151
76321,,
76322,145,83
76323,140,84
76324,,
76325,223,158
76326,154,
76327,,
76328,124,
76329,,
76332,,
76333,208,120
76334,,
76335,182,
76336,,
76337,279,207
76338,,
76339,,
76340,186,106
76341,,
76342,152,84
76343,,
76344,,
76345,189,
76347,168,
76348,195,
76349,180,110
76350,,
76351,194,108
76352,182,
76353,,
76354,144,
76355,,
76356,222,145
76357,126,71
76358,,
76359,157,
76360,,
76361,,
76362,,
76363,201,112
76364,,
76365,196,
76366,136,
76367,203,141
76368,,
76369,205,
76371,228,
76372,173,
76373,140,95
76374,191,
76375,200,
76376,172,
76377,190,136
76378,,
76379,,
76380,,
76381,213,150
76382,,
76383,213,
76384,232,
76385,190,113
76386,,
76387,195,
76388,175,
76390,153,100
76391,174,59
76393,130,
76394,169,
76395,128,
76396,,
76397,286,212
76398,105,
76400,178,
76401,197,116
76402,201,127
76403,309,218
76404,194,
76405,223,155
76406,168,
76408,165,99
76409,182,
76410,,
76411,258,175
76412,144,61
76413,,
76414,147,
76415,151,
76416,148,
76417,,
76418,94,
76419,,
76420,,
76421,,
76422,148,84
76423,213,
76424,250,
76425,175,
76426,,
76427,245,
76429,215,134
76431,188,120
76432,127,39
76433,181,118
76434,183,
76435,199,
76436,197,
76437,285,198
76439,198,
76440,207,
76441,,
76442,203,99
76443,199,
76444,240,140
76445,,
76446,167,
76447,220,121
76449,,
76450,166,
76451,194,109
76452,,
76453,231,
76454,157,
76455,217,144
76456,,
76457,,
76458,126,
76459,199,
76461,272,
76462,,
76463,165,
76464,234,
76465,156,82
76466,193,
76467,,
76468,176,109
76469,207,
76470,158,70
76471,,
76472,184,88
76473,,
76474,120,
76476,190,
76477,221,
76478,,
76479,145,
76480,199,
76481,180,
76482,234,
76483,125,
76484,248,
76485,127,
76486,174,
76487,171,
76488,163,
76489,202,
76490,188,95
76491,278,
76493,146,
76494,144,
76495,,
76496,121,65
76497,,
76498,150,
76499,,
76500,,
76501,159,
76502,145,
76503,164,
76504,,
76505,185,105
76506,,
76507,,
76508,233,
76509,170,95
76510,228,146
76511,155,86
76512,99,
76513,116,64
76514,181,86
76515,200,
76518,178,
76519,158,
76520,123,
76521,,
76522,139,
76523,160,
76524,148,83
76525,132,
76526,173,
76527,199,125
76528,166,102
76529,236,143
76530,133,
76531,116,62
76532,227,
76533,175,
76534,221,127
76535,,
76536,169,
76537,115,
76538,,
76539,176,104
76540,153,84
76541,244,177
76542,,
76543,177,111
76544,123,
76545,,
76546,,
76547,226,
76548,147,75
76549,104,67
76550,252,178
76551,195,116
76552,,
76553,160,86
76554,126,
76555,,
76556,173,
76557,230,169
76558,206,117
76559,,
76560,212,
76561,248,
76562,,
76563,,
76564,,
76565,204,
76566,,
76567,,
76568,213,134
76569,210,
76570,,
76571,195,119
76572,,
76573,164,99
76574,173,
76575,168,
76576,190,93
76577,187,
76578,190,
76579,138,
76580,243,
76581,153,96
76582,,
76583,95,
76584,257,
76585,,
76586,300,
76587,163,
76588,126,51
76589,160,101
76590,145,75
76591,120,
76592,,
76593,151,
76594,,
76595,146,
76596,173,110
76597,150,86
76598,191,
76599,131,
76600,238,145
76601,183,110
76602,184,
76603,151,71
76604,263,
76605,128,73
76606,137,
76607,,
76608,223,
76609,144,73
76610,173,
76611,127,41
76612,218,
76613,143,
76614,210,
76615,191,
76616,211,113
76617,160,91
76618,180,
76619,174,116
76620,,
76621,,
76622,174,
76623,,
76624,167,
76625,183,
76626,289,212
76627,140,62
76628,,
76629,184,
76630,167,
76631,172,82
76632,187,
76633,217,124
76634,193,
76635,219,
76636,195,129
76637,150,98
76638,205,130
76639,132,
76640,165,
76641,173,117
76642,126,58
76643,182,116
76644,183,
76645,182,
76646,,
76647,,
76648,,
76649,224,139
76650,163,
76651,,
76652,,
76653,268,
76654,216,
76655,161,
76656,238,
76657,158,
76658,150,
76659,246,
76660,157,
76661,181,
76662,116,55
76663,222,141
76664,,
76665,181,
76666,211,113
76667,197,106
76668,241,124
76669,207,122
76670,245,
76671,212,137
76672,196,
76673,159,
76674,232,
76675,195,125
76676,,
76677,158,
76678,112,
76679,,
76680,166,
76681,,
76682,,
76683,142,
76684,203,
76685,,
76686,101,
76687,89,33
76688,93,
76690,196,
76691,119,52
76692,200,131
76693,245,
76694,152,
76696,152,
76697,178,
76698,188,
76699,137,74
76700,154,
76701,,
76702,208,
76703,141,82
76704,231,
76705,175,102
76706,207,
76707,190,122
76708,186,
76709,205,
76710,,
76711,,
76712,,
76713,,
76714,151,
76715,197,
76716,186,
76717,,
76718,207,
76719,168,108
76720,150,88
76721,140,
76722,240,
76723,161,
76724,,
76725,164,109
76726,,
76727,152,
76728,183,
76729,,
76730,244,
76731,216,
76732,132,
76733,131,62
76734,188,92
76735,165,76
76736,187,111
76737,129,
76738,325,237
76739,189,
76740,173,
76741,179,
76742,207,
76743,,
76744,,
76745,203,
76746,225,145
76747,143,
76748,,
76749,92,
76750,130,
76751,179,116
76752,,
76753,115,59
76754,227,162
76755,123,
76756,198,143
76757,160,
76758,212,
76759,,
76760,149,89
76761,,
76762,,
76763,141,
76764,213,136
76765,122,
76766,,
76767,206,137
76768,,
76769,133,48
76770,,
76771,224,
76772,131,
76774,137,71
76775,,
76776,,
76777,184,
76778,155,
76779,155,80
76780,154,
76781,,
76783,,
76784,144,
76785,138,
76786,166,
76787,171,
76788,,
76789,208,
76790,149,
76791,107,54
76792,177,
76793,212,
76794,198,107
76795,,
76796,166,
76797,262,144
76798,,
76799,205,134
76800,129,73
76801,,
76802,179,123
76803,,
76804,200,
76805,195,
76806,191,
76807,149,
76809,153,88
76810,222,
76811,185,
76812,,
76814,175,
76815,218,
76817,156,67
76818,141,79
76819,231,135
76820,,
76821,137,70
76822,142,
76823,,
76824,161,89
76825,231,
76826,166,110
76827,175,
76828,209,148
76829,145,
76830,119,
76831,211,
76832,,
76833,179,
76834,149,91
76835,106,
76837,205,134
76838,,
76839,173,
76840,181,110
76841,,
76842,230,123
76843,197,
76844,,
76845,158,
76846,145,
76847,219,129
76849,,
76850,160,
76851,162,92
76852,,
76853,110,
76854,188,127
76855,,
76856,135,88
76857,134,80
76858,122,
76859,160,106
76860,217,140
76861,,
76863,152,
76864,166,90
76865,156,94
76866,141,
76867,194,
76868,135,
76869,125,
76870,242,
76871,176,
76872,253,168
76873,,
76874,142,
76875,,
76876,,
76877,193,
76878,245,155
76879,126,68
76880,212,
76881,126,
76882,178,116
76883,161,
76884,217,
76885,229,140
76886,213,
76888,164,
76889,171,
76890,172,
76891,214,127
76892,151,85
76893,168,
76894,211,
76895,145,70
76896,,
76897,138,
76898,129,
76899,141,88
76900,,
76901,178,112
76902,168,
76903,269,
76904,161,96
76905,180,112
76906,159,
76907,145,
76908,196,110
76909,96,
76910,186,
76911,177,
76912,157,
76913,,
76914,,
76915,144,95
76916,141,69
76917,174,87
76918,149,
76919,193,116
76920,178,
76921,133,
76922,,
76924,139,
76925,177,
76926,,
76927,123,
76928,119,67
76929,150,
76930,,
76931,152,
76932,,
76933,,
76934,150,80
76935,252,
76936,163,
76937,232,
76938,138,
76939,170,
76940,185,
76941,256,153
76943,185,
76944,166,
76945,195,
76946,,
76948,138,
76949,171,
76950,182,116
76951,200,119
76952,,
76953,212,
76954,229,144
76955,156,
76956,109,
76957,170,
76958,224,155
76959,,
76960,257,
76961,191,
76962,,
76963,208,133
76964,126,55
76965,204,125
76966,216,
76967,,
76968,174,108
76969,143,76
76970,123,
76971,,
76972,170,92
76973,259,
76974,164,
76975,180,
76976,160,
76977,197,132
76978,173,110
76979,,
76980,,
76981,,
76982,,
76983,157,
76984,156,
76985,201,
76986,,
76987,242,
76988,150,
76989,107,
76990,171,102
76991,179,109
76992,193,
76993,123,
76994,207,
76995,219,
76996,174,
76997,100,
76998,160,81
76999,171,
77000,152,88
77001,212,
77002,142,75
77003,205,
77004,270,169
77005,,
77006,199,
77007,225,151
77008,189,94
77009,128,
77010,190,114
77011,218,
77012,210,
77013,170,116
77014,244,153
77016,188,
77017,230,165
77019,124,71
77020,189,106
77021,148,83
77022,164,84
77023,192,120
77024,150,
77025,211,148
77026,110,54
77027,,
77028,208,
77029,216,137
77030,194,
77031,131,
77032,228,
77033,196,
77034,,
77035,193,
77036,147,
77037,100,
77038,127,
77039,165,94
77040,152,
77041,171,
77042,120,
77043,,
77044,,
77045,223,
77046,190,120
77047,127,78
77048,,
77049,140,62
77050,179,103
77051,179,85
77052,185,
77053,144,
77054,199,
77055,,
77057,197,109
77058,133,63
77059,,
77060,146,
77061,,
77062,,
77063,200,105
77064,,
77065,155,
77066,220,
77067,143,59
77068,149,
77070,159,
77071,168,
77072,176,
77073,157,83
77074,,
77075,213,
77076,207,
77077,177,
77078,,
77079,,
77080,147,62
77081,117,
77082,121,35
77083,166,
77084,,
77085,,
77086,,
77087,172,
77088,178,
77089,,
77090,,
77091,172,
77092,,
77093,,
77094,217,
77095,165,101
77096,138,54
77097,172,
77098,232,
77099,136,66
77100,242,147
77101,182,103
77102,199,89
77103,194,
77104,152,
77105,174,102
77106,,
77107,181,
77108,203,
77109,206,
77110,,
77111,135,45
77112,147,51
77113,237,140
77114,225,118
77115,,
77116,178,110
77117,173,
77118,,
77119,120,58
77120,232,
77121,230,
77122,117,
77123,263,177
77124,158,
77125,147,
77126,202,
77127,212,103
77128,185,109
77129,,
77130,171,
77131,,
77132,166,117
77133,,
77134,158,
77135,140,
77136,129,
77137,,
77138,138,
77139,196,133
77140,195,
77141,219,
77142,,
77143,,
77144,184,108
77146,,
77147,203,116
77148,,
77149,193,
77150,233,
77151,205,131
77152,155,
77153,162,
77154,247,173
77155,,
77156,169,
77157,208,115
77158,162,99
77159,166,
77160,136,
77162,145,
77163,187,122
77164,170,91
77165,141,
77166,,
77167,146,
77168,211,
77169,210,
77170,180,
77171,222,
77172,164,
77173,173,
77174,185,
77175,,
77176,203,115
77177,225,
77178,151,62
77180,149,
77181,,
77182,168,
77183,,
77184,,
77185,267,
77186,,
77187,256,
77188,167,
77189,224,146
77191,147,
77192,152,87
77193,140,77
77194,230,173
77195,,
77196,241,
77197,187,110
77198,187,
77199,160,73
77200,233,
77201,136,
77202,183,
77203,161,
77204,192,
77205,209,
77206,163,
77207,127,72
77208,140,
77210,150,80
77211,158,95
77212,144,
77213,157,
77214,142,71
77215,190,
77216,,
77217,90,24
77218,,
77219,,
77220,141,52
77221,145,38
77222,187,
77223,223,
77224,160,
77225,,
77226,,
77227,,
77228,212,
77229,218,
77230,,
77231,,
77232,152,
77233,,
77234,198,
77235,203,
77236,165,99
77237,267,
77238,,
77239,182,122
77240,150,
77241,162,85
77242,187,
77243,,
77244,,
77245,250,143
77246,177,101
77247,182,
77248,305,227
77249,148,80
77250,192,
77251,203,
77252,155,
77253,,
77254,174,107
77255,169,104
77256,138,80
77257,152,90
77258,,
77259,138,
77261,,
77262,130,63
77263,228,
77264,,
77265,184,130
77266,,
77268,,
77269,114,63
77270,143,
77271,242,
77272,,
77273,,
77274,,
77275,165,
77276,,
77277,265,
77278,,
77279,171,94
77280,233,
77281,151,
77282,224,
77284,243,178
77285,131,75
77286,,
77287,268,
77288,,
77289,144,
77290,277,
77291,189,103
77292,130,
77293,,
77294,143,
77295,,
77296,,
77297,,
77298,133,
77299,250,142
77300,125,71
77301,139,
77302,127,59
77303,100,
77304,224,145
77305,151,
77306,232,
77307,,
77308,214,121
77309,,
77310,167,
77311,177,
77312,,
77313,177,
77314,160,90
77315,164,98
77316,120,64
77318,170,
77319,213,
77320,157,
77322,140,
77323,158,92
77324,,
77325,132,
77326,185,
77327,,
77328,207,
77329,,
77331,167,105
77332,174,115
77333,,
77334,,
77335,169,
77336,199,
77337,172,
77338,119,
77339,348,
77340,245,
77341,183,
77342,205,
77343,,
77344,,
77345,,
77346,133,78
77347,256,160
77348,226,165
77349,214,125
77350,167,
77351,,
77352,,
77353,126,
77355,149,66
77356,133,
77359,,
77360,188,
77361,,
77362,241,115
77363,146,
77364,184,108
77365,141,70
77366,151,
77367,227,
77368,206,
77369,149,
77370,104,48
77371,176,
77372,,
77373,171,
77374,130,
77376,149,74
77377,199,
77378,,
77379,184,110
77380,216,157
77381,121,
77382,,
77383,200,
77384,154,
77385,123,62
77386,199,119
77387,191,112
77388,217,
77389,,
77390,,
77391,217,143
77392,150,
77393,,
77394,232,
77395,151,81
77396,256,163
77397,,
77398,208,148
77399,169,79
77400,185,137
77401,,
77402,,
77403,140,
77404,129,
77405,333,
77407,190,73
77408,223,
77409,417,344
77411,126,51
77412,155,
77413,,
77414,167,
77415,138,
77417,122,
77418,177,
77419,159,
77420,,
77422,149,72
77423,125,52
77424,180,
77425,161,112
77426,175,110
77427,,
77428,190,
77429,154,
77430,,
77431,176,105
77432,,
77433,273,173
77434,,
77435,131,
77436,290,208
77437,157,
77438,165,96
77439,125,
77440,177,103
77441,199,
77442,201,118
77443,191,113
77444,135,
77445,,
77446,197,
77447,172,
77448,148,70
77449,,
77450,214,114
77451,,
77452,168,85
77453,176,
77454,,
77455,161,
77456,207,114
77457,167,104
77458,189,87
77459,160,
77460,250,
77461,162,81
77462,,
77463,170,98
77464,194,
77465,170,77
77466,218,137
77467,,
77468,207,127
77469,124,54
77470,145,
77471,219,
77472,,
77473,,
77474,169,105
77475,315,
77476,215,
77477,236,161
77478,,
77479,,
77480,,
77481,216,149
77482,,
77483,167,115
77484,145,84
77485,283,
77486,,
77487,128,69
77488,185,108
77489,170,97
77490,,
77492,218,
77493,147,
77494,144,61
77495,180,
77496,,
77497,,
77498,196,116
77499,156,88
77500,,
77501,,
77502,222,141
77503,106,
77504,182,
77505,116,
77506,,
77507,166,92
77508,149,
77509,231,164
77510,,
77511,126,
77512,,
77513,194,
77514,,
77515,,
77516,153,
77517,138,
77518,,
77519,,
77520,190,90
77521,200,
77522,127,60
77524,178,
77526,,
77527,188,110
77528,280,
77529,135,69
77530,,
77531,,
77532,118,
77533,163,
77534,148,95
77535,136,
77536,263,174
77537,,
77538,182,95
77539,147,
77540,139,76
77541,253,161
77542,235,
77543,202,
77544,,
77545,,
77546,159,
77547,261,
77548,158,81
77549,153,
77550,203,117
77551,182,
77552,175,114
77553,,
77554,,
77555,161,
77556,147,
77557,199,
77558,,
77559,,
77560,203,116
77561,,
77562,234,
77563,160,
77564,,
77565,,
77566,,
77568,,
77569,176,91
77570,135,
77571,164,
77572,205,
77573,167,
77574,126,
77575,194,
77576,,
77577,202,105
77578,177,
77579,152,90
77580,165,90
77581,182,109
77582,165,
77583,,
77584,175,123
77585,205,119
77586,118,48
77587,198,
77588,122,
77589,188,114
77590,132,
77591,159,
77592,189,
77593,,
77594,,
77595,144,
77596,172,101
77597,172,
77598,196,
77599,,
77600,187,99
77601,136,71
77602,98,
77603,134,52
77604,174,
77605,138,
77606,76,
77607,206,
77608,125,
77609,213,107
77610,209,
77611,168,
77612,196,118
77613,211,
77614,,
77615,166,91
77616,159,90
77617,204,141
77618,167,92
77619,,
77620,153,86
77621,173,
77622,198,
77623,178,
77624,,
77625,150,72
77626,137,
77627,,
77628,149,
77629,211,
77630,180,
77631,265,
77632,,
77634,205,
77635,,
77636,183,
77637,187,
77638,156,93
77639,147,
77640,180,89
77641,152,
77642,203,
77643,163,
77644,177,114
77645,230,
77646,212,
77647,177,115
77648,,
77649,183,
77650,,
77651,203,115
77652,143,
77653,180,
77654,286,185
77655,248,158
77656,180,
77657,226,154
77658,,
77659,268,
77660,196,128
77661,161,
77662,,
77663,225,152
77664,274,
77665,,
77666,158,
77667,144,
77668,219,
77669,192,
77670,159,73
77671,167,
77672,,
77673,163,80
77674,226,153
77675,227,138
77677,117,37
77678,263,
77679,136,77
77680,174,
77681,,
77682,147,91
77683,182,
77684,144,61
77685,171,
77686,188,92
77687,151,
77688,121,65
77689,213,
77690,181,
77691,159,
77692,168,
77693,173,100
77694,,
77695,,
77696,243,169
77697,,
77698,185,
77699,126,
77700,186,113
77701,151,
77702,174,79
77703,119,
77704,150,
77705,153,80
77706,,
77707,221,141
77708,241,
77709,,
77710,,
77711,203,129
77712,,
77713,172,
77714,186,117
77715,208,124
77716,164,
77717,140,72
77718,119,
77719,152,
77720,223,
77721,208,133
77722,172,89
77723,158,
77724,164,
77725,,
77726,158,
77727,201,
77728,234,
77729,108,
77730,,
77731,,
77732,,
77733,125,
77734,209,
77735,,
77736,228,148
77737,,
77738,128,
77739,174,108
77740,281,185
77741,224,113
77742,138,
77743,169,
77744,148,
77745,173,
77746,137,78
77747,127,
77748,161,116
77749,,
77750,170,
77751,138,
77752,101,
77753,,
77754,,
77755,,
77756,262,
77758,196,113
77759,,
77760,164,83
77761,,
77762,,
77763,146,88
77764,,
77765,143,
77766,176,106
77767,,
77768,222,
77769,211,120
77770,,
77771,184,
77772,89,
77773,198,
77774,,
77775,149,
77776,,
77777,134,
77778,233,
77779,160,
77780,190,111
77781,135,
77782,176,
77783,,
77784,181,
77785,147,
77786,121,
77787,185,
77788,214,146
77789,123,72
77790,,
77791,170,
77792,,
77793,160,
77794,188,
77795,136,59
77796,126,83
77797,107,
77798,137,
77799,186,
77800,143,
77801,151,76
77802,218,142
77803,197,
77804,,
77805,232,
77806,159,
77807,198,
77808,200,125
77809,,
77810,131,
77811,180,127
77812,157,
77813,154,
77814,,
77815,142,87
77816,160,
77817,122,
77818,,
77819,137,
77820,198,133
77821,138,76
77822,138,64
77823,308,
77824,,
77825,,
77826,,
77827,203,124
77828,137,73
77829,,
77830,138,78
77831,196,
77832,217,143
77833,252,
77834,,
77835,227,118
77836,156,
77837,153,64
77838,210,
77839,,
77840,266,172
77841,189,109
77842,145,
77843,230,149
77844,191,
77845,146,
77846,171,
77847,170,110
77849,,
77851,197,127
77852,202,110
77853,207,
77854,,
77855,188,111
77856,163,
77857,175,
77858,247,
77859,,
77860,189,
77861,191,116
77862,127,
77863,,
77864,153,103
77865,198,
77866,181,
77867,160,
77868,,
77869,216,
77870,157,
77871,162,101
77872,179,
77873,,
77874,276,179
77875,275,
77876,120,
77877,182,
77878,225,
77879,,
77880,240,
77881,233,119
77882,,
77883,,
77884,211,
77885,178,
77886,179,98
77887,161,
77888,163,83
77889,249,155
77890,167,
77891,202,
77892,154,
77893,216,
77894,174,96
77895,150,81
77896,146,57
77897,219,
77898,362,
77899,,
77900,204,108
77901,,
77902,210,
77903,224,137
77904,151,
77905,182,96
77906,210,
77907,167,
77908,193,
77909,211,114
77910,177,82
77911,113,
77912,186,
77913,284,
77914,144,60
77915,264,
77916,,
77917,150,
77918,,
77919,159,83
77920,185,
77921,158,
77922,132,
77923,137,
77924,130,70
77925,,
77926,122,
77927,270,190
77928,,
77929,163,
77930,287,
77931,208,147
77932,166,81
77933,162,94
77934,123,
77935,243,
77936,193,118
77937,226,141
77938,122,73
77939,167,
77940,132,72
77941,194,
77942,155,
77943,210,138
77944,,
77947,157,94
77948,158,75
77949,193,92
77950,176,93
77951,,
77952,160,
77953,164,103
77954,233,96
77955,,
77956,,
77957,212,
77958,,
77959,123,
77960,201,
77961,188,
77962,78,
77963,251,
77964,,
77965,135,75
77966,203,139
77967,,
77968,210,
77969,,
77970,176,
77971,,
77972,290,197
77973,202,
77975,148,
77976,215,
77977,113,46
77978,,
77979,174,
77980,,
77981,,
77982,201,142
77983,183,124
77984,158,
77985,146,
77986,,
77987,155,
77988,146,
77989,162,
77990,118,
77991,179,95
77992,180,121
77993,174,119
77994,197,124
77995,156,106
77996,,
77997,187,
77998,153,
77999,206,129
78000,223,139
78001,159,102
78002,185,97
78003,133,
78004,183,
78005,121,53
78006,,
78007,,
78008,151,51
78009,195,
78010,189,
78011,,
78012,177,
78013,182,
78014,121,
78015,251,181
78016,136,82
78017,150,
78018,181,111
78019,194,128
78020,197,
78021,148,
78022,,
78023,,
78024,,
78025,115,
78026,,
78027,189,72
78028,134,82
78029,,
78030,,
78031,147,
78032,186,
78033,187,114
78034,191,139
78035,,
78036,230,
78037,146,
78038,,
78039,123,
78040,237,
78041,133,
78042,275,192
78043,156,
78044,120,44
78045,129,77
78046,151,
78047,246,170
78048,176,
78049,,
78050,191,
78051,199,
78052,242,161
78053,,
78054,138,
78055,,
78056,,
78057,135,
78059,,
78060,,
78061,239,152
78062,,
78063,222,
78064,158,
78065,127,61
78066,,
78067,143,
78068,175,109
78069,,
78070,144,
78071,154,
78072,101,47
78073,106,37
78074,220,
78075,230,159
78076,,
78077,181,
78078,,
78079,157,
78080,165,104
78081,142,71
78082,217,121
78083,153,71
78084,188,123
78085,212,143
78086,167,77
78087,123,
78088,214,
78089,205,
78090,158,84
78091,127,
78092,232,
78093,203,
78094,173,
78095,285,
78096,193,129
78097,123,
78098,148,
78099,156,96
78100,184,
78101,230,
78102,,
78103,207,145
78104,147,
78105,154,70
78106,165,
78107,171,98
78108,216,130
78109,113,61
78110,174,
78111,173,
78112,161,
78113,215,111
78114,222,
78115,118,
78116,,
78117,171,
78118,178,
78119,165,
78120,,
78121,188,
78122,167,
78123,,
78124,131,62
78125,,
78126,212,134
78127,117,64
78128,138,78
78129,196,
78130,245,173
78131,201,131
78132,129,73
78133,,
78134,206,
78136,,
78137,,
78138,194,127
78139,228,
78140,222,
78141,202,
78142,135,62
78143,,
78144,196,
78145,159,83
78146,195,133
78147,,
78148,,
78149,200,124
78150,,
78151,156,66
78152,,
78153,133,51
78154,,
78155,,
78157,,
78158,130,
78159,,
78160,,
78161,256,
78162,,
78163,135,
78164,157,89
78165,178,
78166,,
78167,179,
78168,152,
78169,145,
78170,,
78171,160,
78172,,
78174,212,136
78175,203,
78176,,
78177,174,96
78179,146,
78180,236,138
78182,,
78183,204,130
78184,168,
78185,196,136
78186,192,
78187,135,
78188,164,108
78189,166,68
78190,99,
78191,178,
78192,146,
78193,184,
78194,143,
78195,229,
78196,174,
78197,172,81
78198,234,136
78199,252,172
78200,178,
78201,177,
78202,,
78203,203,140
78204,195,
78205,150,
78206,,
78207,171,96
78208,167,
78209,137,
78210,,
78211,156,64
78212,143,93
78213,181,96
78214,125,73
78215,280,
78216,188,107
78217,188,103
78218,138,79
78219,,
78220,228,131
78221,239,
78222,175,
78223,154,
78224,,
78225,132,59
78226,165,
78227,235,121
78228,,
78229,168,
78230,206,
78231,292,
78232,,
78233,140,
78234,119,43
78235,316,225
78236,172,
78237,229,150
78238,249,152
78239,188,104
78240,,
78241,,
78242,211,146
78243,,
78244,237,
78245,256,
78246,140,
78247,174,
78248,130,49
78249,,
78250,160,
78251,103,
78252,160,
78253,171,101
78254,,
78255,175,109
78256,214,107
78257,,
78258,154,
78260,150,
78261,,
78262,216,
78263,166,
78264,,
78265,,
78266,172,
78267,165,
78268,226,
78269,166,
78270,176,86
78271,165,
78272,,
78273,128,
78274,149,77
78275,218,
78276,135,
78277,239,
78278,163,
78279,241,
78280,216,113
78281,,
78282,200,
78283,134,
78284,,
78285,,
78286,155,
78287,235,152
78288,217,125
78289,162,
78291,180,
78292,191,
78294,194,
78295,146,
78296,206,121
78297,231,
78298,92,
78299,200,
78300,,
78301,232,
78302,137,
78303,,
78304,100,55
78305,183,117
78306,,
78307,188,
78308,,
78309,205,139
78310,,
78311,,
78312,209,
78313,237,115
78314,,
78315,178,84
78316,113,
78317,185,
78318,196,117
78319,148,
78320,188,99
78321,184,
78322,248,
78323,197,126
78324,131,
78325,,
78326,165,
78327,149,82
78328,166,
78329,227,
78330,241,179
78331,133,
78332,126,65
78333,133,
78334,221,160
78335,169,
78336,153,90
78337,251,167
78338,199,120
78339,189,
78340,153,64
78341,180,
78342,166,
78343,,
78344,,
78345,146,
78346,239,
78347,138,
78348,175,
78349,160,104
78350,162,
78351,153,
78352,162,94
78353,125,
78354,149,73
78355,264,
78356,199,
78357,260,
78358,172,
78359,129,
78360,111,
78361,,
78362,197,
78363,,
78364,103,46
78365,,
78366,,
78367,242,
78368,185,
78369,139,
78370,,
78371,188,
78372,252,
78373,183,87
78374,247,
78375,192,
78376,198,
78377,149,66
78379,191,117
78380,193,119
78381,167,
78382,173,77
78383,,
78384,,
78385,,
78386,191,85
78387,,
78388,156,67
78389,172,
78390,,
78391,282,
78392,218,
78393,230,
78394,262,
78395,200,108
78396,,
78397,161,
78398,173,108
78399,,
78400,228,
78401,112,
78402,145,
78403,155,83
78404,175,113
78406,,
78407,146,79
78408,,
78409,,
78410,181,82
78411,197,
78412,200,118
78413,258,180
78415,156,
78416,,
78417,149,
78418,185,
78419,198,124
78420,251,
78421,,
78422,210,
78423,231,
78424,270,190
78425,,
78426,,
78427,160,
78428,241,150
78429,110,
78430,226,141
78431,235,
78432,199,122
78433,234,162
78434,199,114
78435,232,138
78436,160,
78437,145,
78438,236,
78439,245,
78440,180,98
78441,153,93
78442,200,113
78443,161,99
78444,354,
78445,214,142
78446,155,
78447,128,72
78448,,
78449,,
78450,,
78451,136,82
78452,188,111
78453,,
78454,,
78455,129,
78456,,
78457,211,
78458,155,
78460,214,144
78461,174,
78462,139,78
78464,212,
78465,168,
78466,,
78467,225,121
78468,187,
78469,,
78470,124,
78471,141,
78472,151,
78473,,
78474,217,143
78475,243,153
78476,185,
78477,196,
78478,230,137
78479,241,
78480,164,100
78481,271,110
78482,,
78483,147,
78484,255,
78485,123,
78486,162,74
78487,177,68
78488,,
78489,151,
78490,164,
78491,177,
78492,,
78493,165,
78494,,
78495,193,
78496,219,
78497,155,90
78498,134,
78499,103,
78500,146,84
78501,130,
78502,,
78503,166,68
78504,171,
78506,207,
78507,,
78508,184,
78509,142,69
78510,208,
78511,117,60
78512,137,77
78513,,
78514,226,154
78515,164,
78516,,
78517,,
78518,169,104
78519,,
78520,186,
78521,208,
78522,229,132
78523,311,230
78524,,
78525,138,
78526,237,
78527,168,
78528,248,
78529,178,108
78530,163,
78531,219,
78533,210,
78534,219,133
78535,200,126
78536,161,89
78537,,
78539,,
78540,155,
78541,147,
78542,228,
78543,,
78544,,
78545,,
78546,153,
78547,122,
78548,97,28
78549,95,
78551,213,129
78552,187,
78553,170,
78554,165,
78555,,
78556,205,
78557,141,60
78558,,
78559,165,
78560,116,53
78561,135,
78562,203,137
78563,,
78564,128,
78565,184,
78566,175,
78567,,
78568,176,120
78569,,
78570,,
78571,,
78572,215,138
78573,,
78574,175,
78575,194,129
78576,,
78577,182,
78578,143,
78579,258,
78580,132,
78581,251,
78582,146,82
78583,148,
78584,153,
78585,,
78586,240,
78587,180,77
78588,283,196
78589,129,
78591,198,121
78592,,
78593,,
78594,,
78595,212,142
78596,162,
78597,163,99
78598,153,
78599,158,102
78600,196,
78601,188,
78602,128,
78603,214,142
78604,144,
78605,177,
78606,165,
78608,202,
78609,,
78610,213,
78611,121,
78612,149,76
78613,167,
78614,196,125
78615,202,128
78616,254,163
78617,,
78618,,
78619,205,
78620,181,110
78621,209,135
78622,155,
78623,136,57
78624,186,
78625,,
78626,268,188
78627,152,76
78628,167,
78629,167,93
78630,,
78631,179,
78632,,
78633,126,67
78634,194,134
78635,191,
78636,175,
78637,159,
78638,192,
78639,156,
78640,186,86
78641,157,
78642,141,84
78643,,
78644,,
78645,238,154
78646,152,
78647,144,
78648,,
78649,160,88
78650,169,98
78651,139,55
78652,225,
78654,,
78655,178,104
78657,154,
78658,238,
78659,,
78660,212,138
78661,219,169
78662,202,
78663,153,
78664,196,130
78665,271,196
78667,153,51
78668,161,
78669,186,96
78670,149,
78671,214,
78672,159,
78673,179,
78674,195,
78675,172,
78676,219,
78677,183,
78678,196,87
78679,192,115
78680,164,
78681,157,
78682,160,91
78683,173,
78684,,
78685,236,138
78686,,
78687,213,
78688,136,70
78689,260,
78690,,
78691,156,81
78692,178,108
78693,182,111
78694,174,
78695,162,80
78696,,
78697,150,
78698,,
78700,174,76
78701,140,61
78702,188,88
78703,232,151
78704,163,
78705,184,
78706,214,
78707,215,118
78708,189,
78709,,
78710,279,
78711,,
78712,196,
78713,216,
78714,197,
78715,135,63
78716,204,132
78717,159,
78718,147,84
78719,184,96
78720,170,76
78721,,
78722,159,
78723,266,112
78724,135,81
78725,207,
78726,153,
78727,150,
78728,,
78729,151,
78730,,
78731,,
78732,192,
78733,167,
78734,,
78735,160,72
78736,252,183
78737,177,113
78738,,
78739,218,148
78740,131,
78741,173,
78742,130,75
78743,161,
78744,251,
78745,,
78746,228,
78747,145,74
78748,206,134
78749,206,
78750,215,118
78751,183,
78754,190,87
78755,180,
78756,,
78757,220,
78760,159,
78761,121,
78762,163,87
78763,,
78764,235,139
78765,226,
78766,146,100
78767,189,127
78768,195,
78769,161,71
78770,,
78771,157,80
78772,158,
78773,,
78774,,
78775,,
78776,176,
78777,175,
78778,180,
78779,,
78780,164,
78781,218,144
78782,158,91
78783,294,
78784,,
78785,145,
78786,121,
78787,133,72
78788,136,
78789,187,98
78790,269,175
78791,181,117
78792,,
78793,,
78794,179,
78795,,
78796,,
78797,213,
78798,157,109
78799,215,
78800,,
78801,219,
78802,,
78803,,
78804,226,
78805,,
78806,173,103
78807,173,
78808,,
78809,203,
78810,150,
78811,198,113
78812,209,
78813,,
78814,191,133
78815,136,84
78816,,
78817,164,
78818,154,76
78819,216,
78820,206,133
78821,195,
78822,210,104
78823,172,91
78824,138,
78825,197,
78826,,
78827,175,
78828,174,
78829,241,
78830,,
78831,182,
78832,131,67
78833,178,
78834,142,
78835,156,
78836,244,183
78837,196,
78838,143,
78839,198,
78840,145,78
78841,118,
78842,153,
78843,128,
78844,206,123
78845,185,94
78846,,
78847,250,
78848,,
78849,,
78850,157,
78851,173,
78852,180,114
78853,179,
78854,226,
78855,,
78856,,
78857,,
78858,130,
78859,,
78860,,
78861,,
78862,194,
78863,150,87
78864,,
78865,230,
78866,191,
78867,,
78868,,
78869,169,
78870,173,
78871,,
78872,165,87
78873,,
78874,206,
78875,196,120
78876,179,73
78877,150,
78879,,
78880,171,123
78881,,
78882,206,
78883,145,95
78884,184,108
78885,225,
78886,,
78887,,
78888,216,
78889,179,
78890,191,
78891,,
78892,203,
78893,202,
78894,,
78895,,
78896,150,
78897,,
78898,232,146
78899,219,148
78900,135,
78901,136,
78902,178,113
78903,252,
78904,180,
78905,243,
78906,155,104
78907,157,103
78908,,
78909,164,
78910,238,149
78911,237,
78912,207,124
78913,134,
78914,,
78915,,
78916,178,92
78918,188,111
78919,251,182
78920,183,
78921,127,48
78922,212,
78923,171,102
78924,139,
78925,189,123
78926,261,
78927,128,
78928,132,
78929,178,87
78930,176,
78931,202,145
78932,121,68
78933,134,
78934,196,132
78935,146,75
78936,199,
78937,157,97
78938,209,146
78939,,
78940,253,164
78941,,
78942,227,
78943,197,93
78944,168,
78945,,
78946,128,
78947,112,52
78948,,
78949,169,77
78950,161,
78951,156,
78952,198,101
78953,82,23
78955,135,
78956,,
78957,166,105
78958,194,
78959,129,58
78960,,
78961,114,
78962,166,
78963,150,
78964,253,174
78965,130,
78966,167,90
78967,177,108
78968,252,172
78969,194,
78970,238,
78971,189,
78972,,
78973,186,115
78974,177,105
78975,203,128
78976,254,
78977,164,83
78978,173,94
78979,179,
78980,324,
78981,170,97
78982,133,
78983,195,
78984,123,
78985,,
78987,132,
78988,,
78989,195,
78990,160,
78991,152,
78992,114,57
78993,,
78994,224,
78995,151,
78996,,
78997,184,
78998,134,
78999,152,
79000,150,64
79001,115,
79002,201,120
79003,171,
79004,,
79005,150,89
79006,203,115
79007,222,
79008,,
79009,156,
79010,,
79011,167,
79013,,
79014,179,
79015,155,
79016,160,104
79017,208,
79018,158,73
79019,198,126
79020,,
79021,159,
79022,214,137
79023,195,
79024,248,
79025,156,
79026,164,107
79027,180,98
79028,143,81
79029,225,
79030,,
79031,249,
79032,169,98
79033,159,87
79035,190,
79036,157,
79037,195,
79038,,
79039,195,
79040,245,140
79041,226,
79042,182,
79043,,
79044,182,99
79045,161,
79046,,
79047,,
79048,111,53
79049,115,
79050,166,
79051,,
79052,,
79053,,
79054,138,61
79055,143,
79056,,
79057,194,
79058,157,
79059,149,
79060,133,75
79061,,
79062,,
79063,182,101
79064,149,
79065,,
79066,142,93
79067,172,
79068,193,
79069,204,
79070,,
79072,232,133
79073,146,96
79074,168,
79075,197,
79076,110,59
79077,152,82
79078,156,85
79079,,
79080,218,142
79081,158,98
79082,,
79083,,
79084,187,122
79085,,
79086,188,
79087,,
79088,194,122
79089,237,118
79090,152,
79091,172,109
79092,159,
79093,,
79094,113,55
79095,240,156
79096,198,112
79097,128,67
79098,,
79099,172,
79100,129,
79101,149,
79102,,
79103,,
79104,,
79105,103,46
79106,193,108
79107,,
79108,,
79109,,
79110,180,84
79111,,
79112,196,129
79113,177,97
79114,181,
79115,,
79117,139,
79118,207,
79119,300,
79120,129,
79121,289,201
79122,,
79123,,
79124,,
79125,191,
79127,165,
79128,199,
79129,,
79130,264,170
79132,156,
79133,,
79134,,
79135,333,
79136,145,76
79137,186,
79138,187,112
79139,140,90
79141,,
79142,228,
79145,,
79146,178,104
79147,346,
79148,291,207
79149,148,
79150,184,
79152,160,99
79153,169,88
79154,204,
79155,172,113
79157,,
79160,184,
79161,177,68
79162,150,
79163,171,98
79164,201,119
79165,205,
79166,138,53
79167,,
79168,,
79169,188,110
79170,102,58
79171,311,208
79173,278,
79174,,
79175,166,84
79176,174,106
79177,259,175
79178,220,
79179,176,92
79180,131,
79181,206,134
79182,141,
79183,,
79184,163,110
79185,180,
79186,111,56
79187,240,146
79188,159,
79189,164,97
79190,330,244
79191,248,
79192,,
79193,179,
79194,,
79195,163,
79196,,
79197,,
79198,164,
79199,160,81
79200,229,132
79201,161,101
79202,248,162
79203,,
79204,190,
79205,165,
79206,168,89
79207,232,
79208,217,
79209,,
79210,155,92
79211,230,
79212,,
79213,126,63
79214,256,
79215,258,
79216,209,
79217,187,130
79218,146,75
79219,171,
79220,223,
79221,,
79222,,
79223,200,96
79224,146,60
79225,175,
79226,139,68
79227,187,
79228,181,102
79229,130,60
79230,,
79231,204,139
79233,101,50
79234,190,81
79235,187,
79236,160,
79237,117,
79238,184,
79239,137,
79240,196,107
79241,235,
79242,132,
79243,123,
79244,,
79245,116,
79246,168,98
79247,223,
79248,140,
79249,198,
79250,,
79251,107,48
79252,,
79253,138,
79254,176,94
79255,168,
79256,136,
79257,179,109
79258,204,
79259,238,
79260,134,64
79261,,
79262,131,
79263,235,123
79264,164,83
79265,122,61
79266,286,
79267,173,
79268,203,117
79269,128,77
79270,133,57
79271,182,
79272,184,103
79273,203,117
79274,193,
79275,,
79276,150,81
79277,,
79278,120,
79279,231,
79280,,
79281,278,200
79282,215,
79283,156,85
79284,204,130
79285,,
79286,155,61
79287,168,103
79288,224,
79289,,
79290,168,96
79291,239,
79292,266,184
79293,289,
79294,174,
79295,176,
79296,205,127
79297,210,130
79298,267,
79299,,
79300,244,162
79301,113,44
79302,163,
79303,,
79304,191,121
79305,195,137
79306,272,
79307,,
79308,,
79309,252,149
79310,128,
79311,171,102
79312,,
79313,,
79314,144,
79315,233,160
79316,129,
79317,184,109
79318,209,111
79319,229,148
79320,169,
79321,,
79322,101,44
79323,261,
79324,241,
79325,231,
79326,,
79327,,
79328,115,54
79329,236,176
79330,207,155
79331,186,
79332,138,
79333,141,81
79334,183,127
79335,211,127
79336,,
79337,261,
79338,193,
79339,,
79340,160,62
79341,223,128
79342,175,
79343,151,
79344,155,
79347,159,
79348,170,
79349,,
79350,126,
79351,183,
79352,211,142
79353,221,
79354,158,88
79355,,
79356,177,
79357,,
79358,218,
79359,194,
79360,182,
79361,155,
79362,202,152
79363,170,
79364,160,89
79365,140,
79366,228,
79367,,
79368,164,
79369,220,133
79370,150,
79371,202,130
79372,,
79373,294,225
79374,217,
79375,214,134
79376,216,
79377,201,
79378,,
79379,155,
79380,200,
79381,150,
79382,,
79383,,
79384,,
79385,246,
79386,,
79387,246,180
79388,200,
79389,203,
79390,156,
79392,146,
79393,132,
79394,135,
79395,141,
79396,122,55
79397,194,
79398,167,
79399,161,
79401,,
79402,171,
79403,,
79404,173,95
79405,163,71
79406,172,
79407,214,
79408,139,
79409,216,107
79410,187,
79412,,
79413,,
79414,,
79415,176,
79416,146,65
79417,137,71
79418,165,
79419,182,
79420,,
79421,246,
79422,202,117
79423,129,
79424,,
79425,266,147
79426,178,96
79427,142,
79428,,
79429,131,
79430,173,
79431,245,163
79432,141,79
79433,171,
79434,157,
79435,133,
79436,,
79437,152,103
79438,206,
79439,162,
79440,209,
79441,231,
79442,206,125
79443,192,
79444,190,106
79445,176,
79446,214,
79447,149,
79448,,
79449,156,
79450,,
79451,191,
79452,194,
79453,266,
79454,227,125
79455,139,
79456,132,58
79457,163,
79458,152,
79459,146,
79460,263,181
79461,237,
79462,176,
79463,234,
79464,149,83
79466,192,105
79467,178,95
79468,172,
79469,175,84
79470,,
79471,229,
79472,,
79473,177,109
79474,230,134
79475,,
79476,195,123
79477,270,
79478,,
79479,164,
79480,180,
79481,179,
79482,221,
79483,,
79484,173,89
79485,,
79486,233,163
79487,125,
79488,217,
79489,159,
79490,132,73
79491,139,
79492,177,
79493,147,
79494,,
79495,,
79496,217,143
79497,140,
79498,,
79499,185,
79500,161,
79501,262,176
79502,,
79503,168,
79504,171,
79505,191,
79506,135,
79507,163,102
79508,157,72
79509,,
79510,193,
79511,225,
79512,,
79513,,
79515,380,288
79516,115,
79517,158,
79518,,
79519,212,136
79520,,
79521,130,62
79522,198,
79523,137,72
79524,112,62
79525,137,53
79526,179,
79528,,
79529,,
79530,122,
79531,179,
79532,167,
79533,166,
79534,185,
79535,144,
79536,203,118
79537,243,
79538,,
79539,213,
79540,,
79541,109,45
79542,164,
79543,131,
79544,171,104
79545,129,
79546,167,
79547,,
79549,190,
79550,331,
79551,,
79552,,
79553,174,
79554,166,
79555,,
79556,134,
79557,208,124
79558,,
79559,,
79560,220,
79561,,
79562,,
79563,109,
79564,150,
79565,153,
79566,152,
79567,182,
79568,113,54
79569,252,187
79570,153,68
79571,243,
79572,167,
79573,178,104
79574,309,
79575,173,
79576,184,129
79577,175,99
79578,171,
79579,262,
79580,,
79581,136,78
79582,,
79583,110,
79584,,
79585,187,
79586,103,14
79587,,
79588,169,
79589,162,98
79590,155,
79591,223,
79592,,
79593,151,87
79594,,
79595,,
79596,217,
79597,162,
79598,120,
79599,183,121
79600,,
79601,170,
79602,165,
79603,202,
79604,,
79605,212,
79606,220,
79608,130,
79609,125,
79610,220,123
79611,203,
79612,158,101
79613,127,66
79615,178,109
79616,,
79617,,
79618,198,
79619,137,
79620,212,
79621,206,
79622,,
79625,189,
79626,214,
79627,213,
79628,,
79629,187,
79630,248,
79631,146,
79632,147,67
79633,107,61
79634,201,
79635,,
79636,138,
79638,269,195
79639,233,71
79640,172,
79641,159,99
79642,176,
79643,,
79644,102,41
79645,182,128
79646,184,99
79647,142,
79648,158,81
79649,167,95
79650,135,
79651,242,
79652,,
79653,,
79654,173,91
79655,,
79656,190,
79657,,
79658,208,138
79659,208,
79660,176,107
79661,271,184
79662,183,
79663,193,
79664,208,134
79665,183,
79667,212,
79668,180,108
79669,170,101
79670,,
79671,135,
79672,201,
79673,,
79674,225,
79675,194,118
79676,179,
79677,218,123
79678,230,
79679,,
79680,,
79681,,
79682,146,
79683,139,
79684,,
79685,158,96
79686,196,
79687,,
79688,213,127
79689,136,72
79690,176,
79691,205,
79692,176,
79693,133,
79694,,
79695,200,
79696,185,
79697,137,
79698,,
79699,,
79700,,
79701,177,
79702,,
79703,,
79704,169,
79705,155,
79706,,
79707,198,
79708,121,
79709,234,
79710,168,99
79711,,
79712,210,
79713,132,
79714,265,
79715,232,151
79716,,
79717,211,
79718,122,
79719,197,108
79720,157,98
79721,172,
79722,,
79723,,
79724,141,69
79725,164,
79726,118,
79727,,
79728,156,
79729,263,
79730,,
79731,150,
79732,,
79733,160,
79734,135,66
79735,178,110
79736,,
79738,178,
79739,192,
79740,195,
79741,142,
79742,185,
79743,,
79744,164,
79745,145,88
79746,182,101
79747,,
79748,206,126
79749,,
79750,190,
79751,183,
79752,145,49
79753,,
79754,,
79755,170,107
79756,221,
79757,214,140
79758,293,211
79759,,
79760,175,
79761,188,
79762,130,55
79763,219,
79764,221,
79765,,
79766,,
79767,134,
79768,181,109
79769,,
79770,127,
79771,166,
79772,160,
79773,124,50
79774,201,111
79775,,
79776,156,
79778,234,156
79779,,
79780,123,
79781,,
79782,201,125
79783,190,115
79784,154,
79785,,
79786,126,73
79787,170,
79788,143,
79790,,
79791,203,
79792,174,
79793,188,142
79794,217,
79795,170,
79796,,
79797,,
79798,184,100
79799,176,95
79800,161,68
79801,,
79802,125,61
79803,,
79804,197,137
79805,257,179
79806,185,
79807,,
79808,169,
79809,187,
79810,243,
79811,133,
79812,148,89
79813,167,92
79814,140,
79815,223,
79816,163,97
79817,,
79818,143,
79819,235,
79820,152,
79821,244,148
79822,134,
79823,202,
79824,217,
79825,195,111
79826,,
79827,,
79829,188,
79830,129,
79831,152,103
79832,150,
79833,169,69
79834,230,
79835,168,86
79837,210,116
79838,141,
79839,,
79840,194,90
79841,188,
79842,,
79843,168,
79845,215,
79846,212,
79847,233,119
79848,140,
79849,195,
79850,,
79852,214,
79853,215,
79854,156,
79855,121,
79856,,
79857,246,
79858,,
79859,210,
79860,180,104
79861,141,
79862,170,
79863,252,174
79864,201,120
79865,,
79866,,
79867,,
79868,241,
79870,156,83
79871,195,
79872,264,
79873,196,
79874,,
79875,159,
79876,159,
79877,187,
79878,219,139
79879,135,
79880,209,139
79881,182,105
79882,133,
79883,165,
79884,247,
79885,214,121
79886,168,93
79887,196,98
79888,198,140
79889,186,86
79890,211,
79891,123,
79892,164,
79893,,
79894,163,
79895,94,60
79896,109,59
79897,,
79898,240,
79899,201,133
79901,177,
79902,140,
79903,174,
79904,149,
79905,,
79906,184,124
79907,,
79908,190,132
79910,151,91
79911,116,
79912,127,
79913,202,102
79914,184,114
79915,174,91
79916,222,
79917,199,
79918,184,
79919,262,179
79920,193,
79921,179,85
79922,163,
79923,232,
79924,201,
79925,242,
79926,200,
79927,133,82
79928,203,
79929,169,102
79930,,
79931,,
79932,188,
79933,,
79934,246,148
79935,,
79936,224,
79938,106,
79939,190,
79940,227,
79942,167,100
79943,185,95
79944,173,116
79945,,
79946,151,
79947,,
79948,,
79949,140,
79950,209,
79951,237,
79952,194,
79953,159,97
79954,119,53
79955,208,
79957,208,
79958,179,96
79959,217,
79960,179,115
79961,191,
79962,170,102
79963,132,55
79964,,
79965,214,123
79966,,
79967,148,78
79968,174,
79969,205,81
79970,169,111
79971,,
79972,165,75
79973,152,
79974,217,
79975,,
79976,,
79977,132,
79978,142,
79979,230,137
79980,194,
79981,,
79982,257,181
79983,,
79984,,
79985,193,
79986,,
79987,219,118
79988,,
79989,293,218
79990,,
79991,205,
79992,170,
79993,152,74
79994,,
79995,190,
79996,270,
79997,119,
79998,165,
79999,159,79
80000,122,49
80001,116,
80002,170,
80003,,
80004,110,44
80005,177,118
80006,178,
80007,201,118
80008,149,67
80009,163,
80010,252,174
80011,,
80012,,
80013,122,
80014,165,
80015,161,119
80016,189,104
80017,207,
80018,169,
80019,188,
80020,184,111
80021,187,110
80022,183,113
80023,280,186
80024,210,134
80025,171,
80026,211,132
80027,209,112
80029,,
80030,191,127
80031,186,119
80032,157,
80033,,
80034,140,
80035,,
80036,134,
80037,211,
80038,171,99
80039,,
80040,192,107
80041,189,99
80042,156,
80043,165,
80044,142,80
80045,,
80046,,
80047,189,
80048,199,
80049,232,
80050,134,
80051,,
80052,203,
80053,189,124
80054,211,
80055,173,103
80056,190,96
80057,160,
80058,,
80059,212,140
80060,181,91
80061,215,126
80062,203,
80063,198,
80064,209,
80065,,
80066,229,
80067,149,
80068,172,
80069,,
80070,,
80072,247,
80073,241,
80074,141,
80075,135,
80076,,
80077,113,42
80078,127,
80079,140,
80080,166,
80081,,
80082,246,139
80083,290,
80084,175,
80085,143,
80086,,
80087,230,
80088,171,
80089,175,
80090,,
80091,161,96
80092,250,
80093,167,
80094,145,
80095,176,
80096,210,122
80097,193,
80098,170,
80099,216,131
80100,179,86
80101,191,
80102,223,
80103,173,122
80104,178,
80105,229,153
80106,171,
80107,226,124
80108,,
80109,188,
80110,185,
80111,237,170
80112,293,187
80113,,
80114,201,122
80115,159,
80117,,
80118,173,
80119,219,134
80120,123,
80121,194,107
80122,160,79
80123,217,
80124,239,
80125,,
80126,,
80127,193,
80128,186,107
80129,136,78
80130,199,128
80131,142,
80132,254,
80133,142,53
80134,160,
80136,179,108
80137,188,119
80138,162,96
80139,185,
80140,117,69
80141,,
80142,,
80143,155,
80144,170,
80145,166,72
80146,204,141
80147,,
80148,180,117
80149,185,
80150,175,96
80151,163,
80152,149,
80153,233,137
80154,166,103
80155,160,
80156,224,
80158,223,121
80159,119,
80160,157,
80161,165,
80162,144,72
80163,214,
80164,127,71
80165,189,
80166,134,71
80167,,
80168,174,
80169,612,
80170,172,108
80171,134,
80172,,
80173,165,
80174,247,
80175,144,98
80176,,
80177,,
80178,177,
80179,270,186
80180,117,
80181,248,157
80182,124,
80183,149,
80184,176,
80185,218,115
80186,144,
80187,124,
80188,188,
80189,140,82
80190,200,
80191,148,
80192,,
80193,,
80194,133,
80195,,
80196,132,65
80197,239,175
80198,141,
80199,243,160
80200,176,108
80201,188,120
80202,282,
80203,156,86
80204,193,
80205,150,
80206,185,
80207,157,
80209,,
80210,161,103
80211,169,
80212,197,95
80213,,
80214,212,
80215,167,90
80216,138,
80217,151,73
80218,181,
80219,,
80220,251,
80222,206,122
80223,,
80224,,
80225,143,69
80226,115,65
80227,195,119
80228,178,
80229,,
80231,163,97
80232,,
80233,126,
80234,182,
80235,195,
80236,160,
80237,140,
80238,223,140
80239,142,
80240,142,
80241,158,76
80242,137,72
80243,149,
80244,213,108
80245,173,
80246,,
80247,222,
80248,170,
80249,176,106
80250,132,67
80251,147,69
80252,184,89
80253,181,
80254,151,84
80256,,
80257,176,
80258,198,102
80259,192,129
80260,211,153
80261,147,
80262,228,121
80263,196,
80264,165,
80265,167,
80266,231,
80267,155,87
80268,188,
80269,158,93
80271,,
80272,227,158
80273,171,
80274,221,118
80275,168,106
80276,,
80277,213,
80278,202,131
80279,150,82
80280,125,
80281,160,
80282,,
80283,166,81
80284,150,
80285,176,90
80286,214,165
80287,198,124
80288,237,
80289,146,89
80290,,
80291,114,
80292,186,81
80293,169,
80294,,
80295,154,86
80296,158,98
80297,121,
80298,,
80299,219,
80300,235,151
80301,119,
80302,123,
80303,182,
80304,195,
80305,211,
80306,,
80307,125,
80308,181,
80309,175,
80310,160,
80311,125,
80312,245,164
80313,,
80314,195,
80315,205,133
80316,156,
80317,150,
80318,,
80319,,
80320,,
80321,119,80
80322,261,
80323,182,
80324,127,
80325,194,
80326,161,
80327,205,
80328,169,
80329,179,67
80330,213,
80331,141,
80332,130,63
80333,217,144
80334,151,
80335,185,
80336,161,76
80337,138,82
80338,174,104
80339,184,
80340,149,82
80341,,
80342,,
80343,155,
80344,227,
80345,169,90
80346,,
80347,193,123
80348,137,
80349,140,62
80350,123,
80351,155,
80352,160,82
80353,157,
80354,162,
80355,209,
80356,163,66
80357,144,77
80358,,
80359,,
80360,143,60
80361,248,
80362,178,103
80363,128,
80364,227,132
80365,201,
80366,147,
80367,251,
80368,218,
80369,143,
80370,,
80371,147,83
80372,213,152
80373,,
80374,,
80375,191,
80376,,
80377,213,150
80378,,
80379,233,134
80380,123,77
80381,225,
80382,193,
80383,,
80384,207,118
80385,207,
80386,215,
80387,144,51
80388,249,156
80389,176,91
80390,253,172
80391,164,93
80392,142,
80393,145,70
80394,243,
80395,176,
80396,172,75
80397,158,
80398,157,
80400,,
80401,,
80402,195,104
80403,211,
80404,,
80405,265,
80406,189,
80407,155,76
80408,204,96
80409,,
80410,159,
80411,123,76
80412,,
80413,175,100
80414,203,
80415,219,
80416,211,
80417,238,153
80418,,
80419,165,
80420,,
80421,124,51
80422,,
80423,142,
80424,173,
80425,,
80426,,
80427,248,
80428,248,155
80430,206,125
80431,209,109
80432,174,60
80433,152,81
80434,275,159
80435,,
80436,191,123
80437,194,
80438,243,160
80439,,
80440,146,
80441,145,80
80442,163,103
80443,190,
80444,179,
80445,156,
80446,223,86
80447,,
80448,205,
80449,150,
80451,145,
80452,,
80453,240,
80454,194,
80455,,
80456,184,73
80457,,
80458,285,201
80459,162,76
80460,166,
80461,,
80462,,
80463,231,
80464,,
80465,131,
80466,236,96
80467,,
80468,184,104
80469,169,87
80470,158,
80471,109,
80472,170,
80473,121,
80474,172,
80475,,
80476,108,
80477,221,
80478,158,
80479,269,177
80480,155,
80481,,
80482,463,375
80484,119,72
80485,,
80486,204,120
80487,130,
80489,163,88
80490,202,
80491,239,
80492,213,
80493,224,145
80495,,
80496,245,
80497,205,107
80498,227,155
80499,162,
80500,,
80501,165,98
80502,,
80503,156,
80504,170,
80505,184,100
80506,195,107
80507,171,
80508,137,
80509,163,
80510,147,
80511,156,
80512,245,
80513,104,44
80514,,
80515,,
80516,190,
80517,180,
80518,231,
80519,205,129
80520,157,
80521,177,119
80522,225,85
80523,257,189
80524,147,
80525,202,133
80526,174,99
80527,,
80528,221,
80529,,
80530,118,66
80531,175,102
80532,,
80533,265,181
80534,144,77
80535,209,128
80536,,
80537,158,103
80538,136,
80539,269,157
80540,139,
80541,,
80542,179,93
80543,164,
80544,,
80545,186,
80546,,
80547,151,
80548,181,105
80549,124,
80550,184,
80552,186,
80553,171,
80554,,
80555,155,
80556,,
80557,,
80558,140,
80559,173,121
80560,288,
80561,121,65
80562,123,
80563,121,60
80564,203,
80565,170,103
80566,160,
80568,,
80569,221,
80570,210,124
80571,,
80573,223,139
80574,136,75
80575,115,44
80576,,
80578,194,
80579,218,
80580,,
80581,,
80582,,
80583,148,79
80584,118,
80585,258,185
80586,192,
80587,172,100
80588,227,141
80589,259,161
80590,136,79
80591,152,
80592,180,116
80593,224,147
80594,182,
80595,212,
80596,190,
80597,,
80598,186,
80599,,
80600,,
80601,177,117
80602,178,
80603,142,
80604,219,
80605,102,58
80606,,
80607,108,
80608,120,
80609,,
80610,,
80611,183,
80612,,
80613,141,
80614,,
80615,,
80616,140,
80618,155,
80619,191,152
80620,114,
80621,,
80622,178,126
80623,205,
80624,139,
80625,,
80626,171,100
80627,146,84
80628,170,91
80629,181,106
80630,,
80631,154,
80632,192,
80633,155,97
80634,191,
80635,130,
80636,176,102
80637,,
80638,,
80639,160,99
80640,163,
80641,185,84
80642,123,55
80643,195,
80644,,
80645,220,140
80646,210,138
80647,180,
80648,136,67
80649,179,83
80650,173,94
80651,203,124
80652,194,
80653,164,
80654,237,
80655,,
80656,188,
80657,175,
80658,193,
80659,141,
80660,129,
80661,140,
80662,215,
80663,149,
80664,135,
80665,140,
80666,168,
80667,161,102
80668,176,
80669,201,92
80670,,
80671,174,
80672,212,143
80673,183,
80674,,
80675,,
80676,301,213
80677,207,114
80678,,
80679,199,
80680,180,
80681,,
80682,170,86
80683,214,
80684,206,137
80685,166,94
80686,165,
80687,,
80688,101,47
80689,161,
80690,185,
80691,,
80692,200,
80693,183,115
80694,206,
80695,234,
80696,183,113
80698,130,
80699,121,57
80700,,
80701,146,80
80702,163,
80703,220,110
80704,162,84
80705,169,91
80706,204,
80707,139,
80708,207,133
80709,218,138
80710,,
80711,168,90
80712,151,
80713,241,
80714,248,182
80715,167,
80716,,
80717,154,73
80718,243,
80719,137,51
80720,202,
80721,,
80722,224,
80723,104,47
80724,,
80725,,
80726,,
80727,159,
80728,,
80729,247,163
80730,182,
80731,149,
80732,268,
80733,184,134
80734,177,
80735,219,145
80736,185,
80737,146,
80738,206,
80739,140,82
80740,219,
80741,239,
80742,195,
80743,296,172
80744,164,
80745,167,
80746,,
80749,166,
80750,170,73
80751,188,
80752,160,
80753,125,69
80754,214,
80755,234,
80756,233,
80757,210,134
80758,,
80760,,
80761,171,95
80762,215,
80763,151,
80764,132,
80765,229,
80766,,
80767,,
80768,155,
80769,135,60
80770,170,
80771,161,
80772,140,70
80773,,
80774,245,174
80775,203,
80777,,
80778,186,
80779,,
80780,127,
80781,182,118
80782,149,
80783,187,118
80784,181,
80785,161,
80786,153,59
80787,209,
80788,122,
80789,138,
80790,196,
80791,162,
80792,185,89
80793,165,101
80794,173,105
80795,153,88
80797,198,
80798,165,
80799,171,
80800,173,100
80801,,
80802,,
80803,166,
80804,261,
80805,219,131
80806,,
80807,,
80808,,
80809,,
80810,246,151
80811,,
80812,182,85
80813,,
80814,165,
80815,203,125
80816,197,117
80817,192,
80818,,
80819,156,
80820,201,
80821,271,
80822,166,99
80823,235,
80824,198,
80825,186,
80826,153,
80827,139,
80828,211,
80829,163,
80830,173,
80831,,
80832,237,
80833,274,
80834,,
80835,,
80836,,
80837,,
80838,151,
80839,,
80840,165,
80841,188,
80842,187,113
80843,113,78
80844,,
80845,,
80846,177,104
80847,232,
80848,,
80849,158,
80850,143,
80851,169,
80852,135,
80853,122,61
80854,198,101
80855,136,
80856,127,
80857,147,80
80858,235,149
80859,172,76
80860,176,
80861,,
80862,135,79
80863,209,
80864,156,102
80865,175,
80866,,
80867,123,
80868,218,
80869,149,90
80870,165,
80871,164,
80872,254,
80873,171,97
80875,,
80876,195,
80877,,
80878,184,
80879,166,114
80880,147,84
80881,121,65
80882,156,78
80883,181,
80884,164,
80885,262,
80886,,
80888,,
80889,201,
80890,228,147
80891,,
80892,194,
80893,153,
80894,161,
80895,175,118
80896,162,
80897,183,
80898,130,
80899,155,95
80900,97,
80901,147,
80902,209,
80903,203,130
80904,187,
80905,87,39
80906,,
80907,,
80908,259,147
80909,158,95
80910,111,
80911,248,146
80912,181,
80913,,
80914,,
80915,161,71
80916,236,
80917,211,
80918,,
80919,,
80920,161,
80921,141,
80922,117,56
80923,121,
80924,194,121
80925,,
80926,,
80927,,
80928,191,
80929,219,
80930,141,
80931,155,
80932,,
80933,,
80934,130,81
80935,,
80936,315,
80937,,
80938,165,
80939,161,92
80940,210,
80941,204,
80942,,
80943,216,
80944,136,
80945,,
80946,169,
80947,164,102
80948,142,
80949,,
80950,,
80951,,
80952,,
80953,162,94
80954,149,96
80955,189,97
80956,193,122
80957,180,107
80958,136,
80960,161,89
80961,182,96
80962,234,134
80963,,
80964,181,108
80965,115,
80966,242,149
80967,213,
80968,107,50
80970,,
80971,148,
80972,152,
80973,262,
80974,153,
80975,140,83
80976,203,111
80977,,
80978,,
80979,169,94
80980,176,
80981,161,
80982,241,
80983,,
80984,,
80985,245,
80986,,
80987,188,
80988,209,
80989,226,
80990,305,
80991,153,
80992,225,
80993,,
80994,,
80995,,
80996,,
80997,192,108
80998,,
80999,147,
81000,116,54
81001,216,
81002,151,
81003,126,52
81004,155,82
81005,,
81006,199,
81008,251,
81009,147,70
81010,313,240
81011,241,
81012,207,
81013,227,162
81014,156,
81015,170,105
81016,155,
81017,130,
81018,177,
81019,215,
81020,260,
81022,,
81023,152,
81024,155,
81025,178,
81026,198,
81027,,
81028,140,
81029,273,
81030,140,56
81031,164,
81032,249,163
81033,160,
81034,176,
81035,155,
81036,,
81037,213,145
81038,163,107
81039,,
81040,150,70
81041,153,
81042,169,
81043,166,
81044,120,
81045,,
81047,180,
81048,128,75
81049,156,84
81050,148,
81051,186,
81052,219,
81053,,
81054,161,
81055,176,93
81056,213,137
81057,278,
81058,,
81059,,
81060,158,94
81061,163,
81063,165,
81064,140,
81065,262,
81066,,
81067,164,
81068,180,
81069,168,112
81070,168,84
81071,,
81072,141,69
81073,149,
81074,177,
81075,188,
81076,154,69
81077,,
81078,192,
81079,205,
81080,197,131
81081,,
81082,202,117
81083,228,
81084,155,
81085,,
81087,145,64
81088,192,115
81089,133,
81090,222,144
81091,193,
81092,147,
81093,171,101
81094,109,
81095,251,162
81096,187,
81097,168,
81098,,
81099,207,139
81100,113,57
81101,243,157
81102,,
81103,217,
81104,181,89
81105,,
81106,146,
81107,221,
81108,250,196
81109,147,85
81110,223,134
81111,154,
81112,,
81114,189,
81115,145,76
81116,153,
81117,140,
81118,198,
81119,200,112
81120,,
81121,172,
81122,202,
81123,157,
81124,128,59
81125,175,
81126,,
81127,,
81128,,
81129,,
81130,,
81131,270,183
81132,203,
81133,179,105
81134,190,
81135,177,
81136,224,
81137,142,
81138,199,126
81139,199,
81140,,
81141,200,
81142,187,
81144,218,160
81145,,
81146,,
81147,813,
81148,173,
81149,144,92
81150,130,
81151,159,111
81152,236,
81153,166,95
81154,223,130
81155,191,108
81156,136,
81157,,
81158,134,
81159,192,
81160,194,
81161,265,
81162,224,141
81163,141,62
81164,,
81165,176,
81166,173,
81167,113,
81168,160,52
81169,149,88
81170,136,73
81171,221,114
81172,,
81173,235,142
81174,135,
81175,167,85
81176,145,
81177,173,92
81178,,
81180,196,
81181,,
81182,134,51
81183,,
81184,141,
81186,185,
81187,240,
81188,172,91
81189,,
81190,197,106
81191,131,
81192,193,
81193,231,
81194,173,
81195,,
81196,171,91
81197,176,82
81198,,
81199,164,
81200,,
81201,208,
81202,154,
81203,195,
81204,205,139
81205,,
81206,147,
81207,188,103
81208,,
81209,152,102
81210,161,
81211,,
81212,164,91
81213,202,
81214,233,162
81215,,
81216,219,
81217,178,
81218,133,84
81219,253,186
81220,,
81221,209,
81222,138,80
81223,165,
81224,197,
81225,165,103
81226,126,
81227,159,88
81228,155,87
81229,197,128
81230,192,107
81231,197,
81232,263,185
81233,159,
81234,227,
81235,160,
81236,144,
81237,158,
81238,185,125
81239,129,
81240,179,
81241,160,95
81242,199,
81243,,
81244,241,
81246,,
81247,131,63
81248,227,
81249,,
81250,184,114
81251,204,
81252,151,97
81253,,
81254,,
81255,,
81256,164,113
81257,115,
81258,,
81259,177,
81260,154,
81261,159,
81262,215,
81263,,
81264,145,
81265,144,
81266,237,
81267,249,
81268,212,
81269,255,
81270,185,124
81272,163,
81273,134,74
81274,149,
81275,189,
81276,345,
81277,,
81278,,
81279,162,
81280,,
81281,127,
81282,206,
81283,217,141
81284,182,
81285,240,136
81286,152,89
81287,184,
81288,234,147
81289,122,71
81290,140,
81291,166,
81292,159,94
81293,183,
81294,191,129
81295,201,111
81296,181,101
81297,186,106
81298,238,
81299,,
81300,173,
81301,,
81302,161,
81303,154,88
81304,227,
81305,,
81306,151,91
81307,122,
81308,,
81309,209,126
81310,185,
81311,240,
81312,,
81313,164,
81314,192,
81315,,
81316,208,137
81317,186,95
81318,165,
81319,167,95
81320,132,62
81321,171,
81322,195,113
81323,153,
81324,,
81325,,
81326,153,83
81327,114,
81328,132,72
81329,215,138
81330,150,
81331,161,
81332,,
81333,,
81335,153,
81336,187,
81338,,
81339,347,
81340,141,
81341,155,
81342,184,122
81343,204,
81344,235,
81345,206,136
81346,,
81347,186,
81348,147,
81349,204,117
81350,245,
81351,140,
81352,,
81353,108,50
81354,,
81355,142,
81356,121,
81357,208,
81358,233,
81359,174,107
81360,,
81361,173,
81362,221,
81363,,
81364,181,
81365,174,
81366,214,146
81367,223,154
81368,246,141
81369,,
81370,175,107
81371,,
81372,206,
81373,201,
81374,270,169
81375,174,
81376,,
81377,207,143
81378,155,
81379,172,
81380,162,
81381,190,111
81382,179,98
81383,100,55
81384,173,103
81385,176,97
81386,113,
81387,,
81388,221,
81389,176,
81390,,
81391,215,128
81392,151,
81393,168,
81394,191,
81395,160,
81396,130,70
81398,,
81400,,
81401,162,
81402,,
81403,,
81404,,
81405,153,
81406,163,107
81407,139,84
81408,184,
81409,172,
81410,126,
81411,150,
81412,,
81413,227,110
81414,,
81415,139,75
81416,264,172
81417,,
81418,227,
81419,175,112
81420,,
81421,173,
81422,,
81423,146,
81424,,
81425,,
81426,170,111
81427,191,121
81428,141,
81429,211,143
81430,278,187
81432,155,
81433,211,119
81434,,
81435,121,55
81436,179,98
81437,120,66
81438,176,99
81439,,
81440,,
81441,304,
81442,182,89
81443,,
81444,183,102
81445,176,
81446,140,
81447,139,
81448,,
81449,,
81450,180,
81451,130,
81452,211,119
81453,201,
81454,157,
81455,,
81456,121,54
81457,136,66
81458,,
81459,,
81460,135,
81461,,
81462,218,131
81463,132,
81464,,
81465,193,
81466,,
81467,172,
81468,187,
81469,162,92
81470,223,132
81471,186,92
81472,185,119
81473,,
81474,137,
81475,149,
81476,162,
81477,265,166
81478,,
81479,137,
81480,143,
81481,178,
81482,199,
81483,,
81484,242,160
81485,195,
81486,159,98
81487,,
81488,,
81489,151,78
81490,210,144
81491,187,
81492,216,129
81493,,
81494,249,145
81495,181,89
81496,157,
81497,254,
81498,167,
81499,207,
81500,,
81501,127,
81502,169,
81503,159,
81504,212,
81505,152,
81506,214,140
81507,,
81508,168,90
81509,201,130
81510,135,69
81511,,
81512,167,
81513,218,
81514,173,
81515,,
81516,,
81517,183,
81518,165,93
81519,229,158
81521,158,66
81522,,
81523,172,
81524,130,68
81525,195,
81526,151,
81527,136,
81528,161,
81529,,
81530,157,80
81531,,
81532,,
81533,150,
81534,167,
81535,289,206
81536,,
81537,188,
81538,156,81
81539,200,
81540,187,
81541,205,138
81542,,
81543,169,
81544,228,
81545,136,86
81546,,
81547,206,141
81548,189,106
81549,155,
81550,262,
81551,161,
81552,157,
81553,171,
81554,144,
81555,155,
81556,187,107
81557,146,80
81558,126,
81559,209,
81560,,
81561,122,
81562,,
81563,167,81
81564,189,135
81565,159,
81566,213,139
81567,,
81568,197,
81569,,
81570,200,116
81571,,
81572,139,
81573,158,82
81574,194,
81575,179,
81576,174,99
81577,,
81578,181,119
81579,218,126
81580,183,87
81581,140,77
81582,159,
81583,159,
81584,182,103
81585,186,
81586,186,
81587,249,
81588,158,
81589,170,
81590,222,
81591,188,
81593,196,
81594,177,106
81595,140,
81596,190,142
81598,209,
81599,,
81600,128,53
81601,257,174
81602,255,165
81603,190,101
81604,137,
81605,145,76
81606,142,83
81607,105,38
81608,150,57
81609,149,
81610,143,71
81611,206,
81612,,
81613,326,
81614,189,
81615,122,
81616,151,
81617,175,114
81618,171,
81619,184,
81620,201,136
81621,157,
81622,163,106
81623,332,
81624,125,
81625,177,109
81626,204,135
81627,131,
81628,,
81629,183,
81630,127,67
81631,,
81632,,
81633,257,189
81634,113,
81635,,
81636,188,94
81637,,
81638,181,106
81639,151,
81640,187,
81641,204,
81642,223,114
81643,163,86
81644,,
81645,195,
81646,,
81647,145,
81648,185,
81649,158,
81650,188,
81651,,
81652,,
81653,137,
81654,192,
81656,184,
81657,,
81658,,
81659,195,
81660,207,
81661,230,
81662,222,145
81663,126,
81664,148,
81665,,
81666,124,
81667,187,127
81668,,
81669,225,
81670,,
81671,,
81672,190,92
81673,,
81674,230,
81675,270,
81676,118,
81677,185,
81678,183,
81679,149,
81680,143,
81681,153,
81682,127,
81683,133,67
81684,,
81685,129,72
81686,219,141
81687,149,84
81688,,
81689,206,145
81690,,
81691,114,
81692,171,
81693,190,
81694,176,
81695,164,
81696,,
81697,190,
81698,142,87
81699,135,56
81700,216,
81701,196,119
81702,,
81703,208,
81704,283,187
81705,,
81706,173,
81707,120,73
81708,130,
81709,124,70
81710,,
81711,267,
81712,172,
81713,169,
81714,204,105
81715,209,121
81716,152,
81717,182,
81718,,
81719,255,
81720,158,
81721,176,116
81722,295,212
81723,,
81724,146,
81725,153,84
81726,249,
81727,174,
81728,,
81730,,
81731,,
81732,167,
81733,221,
81734,,
81735,200,
81736,178,111
81737,,
81738,154,84
81740,206,136
81741,188,100
81742,155,
81743,164,
81744,,
81745,117,
81746,169,
81747,,
81748,198,129
81749,,
81750,160,74
81751,124,
81752,241,
81753,144,
81754,129,81
81755,206,
81756,,
81757,120,
81758,161,84
81759,170,
81760,186,
81761,,
81762,204,
81763,279,
81764,181,83
81765,105,58
81766,,
81768,168,106
81769,,
81770,194,
81771,163,
81772,181,108
81773,226,
81774,,
81775,138,85
81776,85,
81777,179,112
81778,,
81779,161,100
81780,190,
81781,121,57
81782,,
81783,138,
81784,180,97
81785,180,
81786,,
81787,237,160
81788,,
81789,202,
81790,,
81791,,
81793,,
81794,224,
81795,188,
81796,163,
81797,172,90
81798,166,107
81799,134,
81800,173,
81801,186,
81802,222,
81803,146,82
81804,157,
81805,185,78
81806,140,
81807,,
81808,155,89
81809,,
81810,142,
81812,203,
81813,132,
81814,151,
81815,191,125
81816,236,150
81817,,
81818,258,
81819,156,
81820,137,67
81821,,
81822,198,107
81823,140,
81824,168,90
81825,148,78
81826,161,
81827,165,
81828,190,
81829,141,
81830,197,119
81831,235,165
81833,194,134
81834,150,
81835,229,127
81836,208,140
81837,,
81838,,
81839,152,56
81840,153,
81841,153,
81842,235,
81843,159,
81844,247,
81845,194,
81846,190,109
81847,164,68
81848,132,65
81849,240,149
81850,246,
81851,144,
81852,,
81853,164,
81854,148,88
81855,167,111
81856,160,
81857,,
81858,151,
81859,,
81860,172,
81861,,
81863,152,
81864,136,
81865,173,98
81866,198,131
81867,232,
81868,,
81869,123,
81871,171,
81872,117,50
81874,,
81875,180,
81876,226,
81877,148,
81878,143,
81879,154,
81880,172,
81881,172,
81882,156,
81883,149,67
81884,179,
81885,188,
81886,216,
81887,155,86
81888,,
81889,162,78
81890,192,129
81891,192,127
81892,,
81893,188,
81894,166,115
81895,198,
81896,201,
81897,158,
81898,196,136
81899,183,99
81900,192,89
81901,,
81902,,
81903,287,188
81904,147,
81905,182,
81906,145,
81907,128,78
81908,,
81909,159,89
81910,343,
81911,133,68
81912,124,
81913,155,
81914,132,68
81915,170,
81916,125,
81917,127,
81919,104,
81920,277,
81921,145,84
81922,210,
81923,160,93
81924,137,
81925,177,
81926,139,84
81927,,
81928,,
81929,155,
81930,160,
81931,,
81932,197,
81933,200,131
81934,160,
81935,167,
81936,,
81939,,
81940,136,
81941,141,
81942,121,
81943,159,82
81944,133,
81945,191,
81946,150,
81947,,
81948,157,
81949,221,141
81950,234,141
81951,128,
81952,152,76
81953,135,
81954,125,68
81955,185,117
81956,169,
81957,223,
81958,,
81959,175,
81960,158,
81961,246,
81962,183,104
81963,,
81964,,
81965,230,
81966,149,90
81967,187,102
81968,142,75
81969,247,141
81970,208,
81971,167,
81973,,
81974,187,
81975,229,136
81976,140,
81977,167,106
81978,208,133
81979,176,
81980,206,
81981,,
81982,139,
81983,148,
81984,149,
81985,141,
81986,150,
81987,199,100
81988,148,
81989,242,149
81990,,
81991,183,102
81992,231,136
81993,197,125
81994,158,
81995,,
81996,221,137
81997,166,86
81998,158,98
81999,,
82000,184,
82001,155,88
82002,144,
82003,256,
82004,,
82005,161,86
82006,185,
82007,249,129
82008,191,
82011,210,
82012,219,137
82013,,
82014,142,69
82016,,
82017,118,69
82018,183,
82019,207,116
82020,245,170
82021,277,179
82022,169,
82023,186,67
82024,168,
82025,120,
82026,132,59
82027,153,86
82028,147,69
82029,156,
82030,,
82031,229,
82032,137,
82033,165,
82034,146,
82036,173,115
82037,340,
82038,,
82039,130,49
82040,131,
82041,256,161
82042,150,95
82043,329,
82044,151,
82045,150,
82046,177,113
82047,208,114
82048,191,
82049,144,95
82050,157,
82051,162,
82052,138,66
82053,170,89
82054,181,
82055,135,
82056,164,86
82057,147,
82058,202,
82059,134,
82060,214,
82061,187,121
82062,,
82063,,
82064,103,
82065,,
82066,127,58
82067,156,76
82068,208,130
82069,182,
82070,150,107
82071,224,
82072,134,
82073,126,79
82074,,
82075,209,
82076,,
82077,205,
82078,,
82079,,
82080,,
82081,,
82082,,
82083,235,
82084,,
82085,210,139
82086,131,
82087,200,128
82088,,
82089,207,
82090,185,
82091,125,69
82093,258,158
82095,160,
82096,138,57
82097,142,
82098,179,
82099,180,
82100,,
82101,,
82102,171,87
82103,210,132
82104,152,
82105,213,
82106,191,
82107,212,146
82108,229,
82109,143,
82110,142,68
82111,191,134
82112,155,68
82113,282,
82114,130,56
82115,167,
82116,194,118
82117,148,
82118,132,
82119,148,
82120,163,
82121,,
82122,144,75
82123,158,
82124,204,
82125,244,
82126,225,147
82127,195,
82128,142,
82129,,
82130,230,
82131,211,138
82132,168,
82133,254,176
82134,,
82135,,
82136,,
82137,135,
82138,214,132
82139,187,
82140,130,
82141,203,127
82142,,
82143,144,
82144,164,114
82145,158,
82146,134,
82147,202,140
82148,218,
82149,162,
82150,,
82151,169,
82152,139,71
82153,171,101
82154,165,
82155,,
82157,205,
82158,270,205
82159,,
82160,143,
82161,240,
82162,186,
82163,149,
82164,231,167
82165,228,
82166,174,
82167,191,
82169,252,136
82170,204,126
82171,195,136
82172,129,
82173,189,
82174,197,
82175,171,
82176,190,139
82177,123,
82178,,
82179,140,
82180,,
82181,205,121
82182,198,
82183,,
82184,146,65
82185,,
82186,,
82187,157,89
82188,229,152
82189,161,
82190,170,102
82191,146,55
82192,290,
82193,135,
82194,155,
82195,193,115
82196,189,
82197,217,
82198,141,84
82199,174,103
82200,170,
82201,148,67
82202,166,
82203,,
82204,139,
82205,204,
82206,,
82207,182,93
82208,,
82209,,
82210,148,
82211,193,
82212,260,
82213,132,
82214,174,
82215,144,
82216,228,
82218,146,81
82219,257,
82220,203,
82221,147,89
82222,,
82223,143,72
82224,144,
82225,169,
82226,227,154
82227,223,114
82228,128,75
82229,126,75
82230,223,
82231,153,
82232,127,
82233,238,
82234,,
82235,168,103
82236,139,
82237,,
82238,192,
82239,,
82240,151,103
82241,202,
82242,152,59
82243,164,78
82246,119,
82247,190,
82248,145,74
82249,134,
82250,247,
82251,148,
82252,145,78
82253,212,156
82254,107,53
82255,,
82256,149,
82257,166,85
82258,263,
82259,130,69
82260,146,
82261,278,
82262,,
82263,145,
82264,,
82265,165,
82267,185,
82268,,
82269,,
82270,184,
82271,124,62
82272,,
82273,,
82274,,
82275,,
82277,207,
82278,193,121
82279,173,105
82280,195,
82281,171,95
82282,209,148
82283,159,
82284,177,
82285,177,
82286,152,91
82287,140,
82288,187,133
82289,,
82290,155,89
82291,202,
82293,,
82294,152,
82295,181,102
82296,189,120
82297,,
82298,170,106
82299,167,
82300,144,
82301,,
82302,149,
82303,,
82304,151,
82305,154,
82306,172,
82307,278,
82308,208,123
82309,,
82310,140,63
82311,137,90
82312,172,
82313,154,
82314,119,62
82315,227,158
82316,176,
82317,,
82318,166,
82319,,
82320,213,
82321,251,72
82323,,
82324,136,
82325,191,
82326,151,
82327,,
82328,,
82329,196,120
82330,135,
82331,119,48
82332,,
82333,,
82334,237,160
82335,157,96
82336,179,
82337,121,52
82338,240,164
82339,,
82340,181,
82341,113,67
82342,151,
82343,172,
82344,112,
82345,268,186
82346,147,93
82347,,
82348,268,
82349,168,
82350,168,
82351,210,93
82352,,
82353,235,144
82354,190,116
82355,142,
82356,179,120
82357,206,
82358,171,99
82359,182,
82360,166,
82361,175,
82362,146,
82363,272,
82364,,
82365,129,63
82366,108,
82367,205,
82368,265,
82369,143,
82370,142,
82371,,
82372,250,177
82373,142,
82374,176,
82375,195,
82376,222,155
82377,,
82378,113,53
82380,160,
82381,,
82382,,
82383,172,
82384,202,116
82385,,
82386,,
82387,,
82388,,
82389,216,127
82390,,
82391,200,
82392,209,
82393,101,
82394,137,80
82395,155,90
82396,151,
82397,160,92
82398,207,
82399,,
82400,132,
82401,181,88
82402,217,
82403,208,
82404,,
82405,228,
82406,214,82
82407,187,
82408,139,92
82409,143,
82410,203,
82411,143,
82412,188,112
82413,235,146
82414,,
82415,,
82416,165,88
82417,285,
82418,156,
82419,,
82420,158,82
82421,129,
82422,198,
82423,172,110
82424,162,97
82425,174,
82426,155,88
82427,256,
82428,173,114
82429,230,
82430,160,86
82432,209,
82433,,
82434,232,153
82435,150,76
82436,135,
82437,,
82438,141,
82439,182,
82440,240,
82441,143,71
82442,,
82443,157,
82444,,
82445,195,
82446,132,80
82447,130,60
82448,129,61
82449,218,109
82450,170,100
82451,179,
82452,128,
82453,,
82454,168,88
82455,125,67
82456,,
82457,157,
82458,,
82459,211,
82460,199,
82461,107,48
82462,188,
82463,255,
82464,223,125
82465,197,
82466,118,
82467,127,
82468,172,
82469,,
82470,135,91
82472,140,69
82474,,
82475,,
82476,121,
82477,172,64
82478,145,76
82479,184,105
82480,209,92
82481,,
82482,156,
82483,198,110
82484,135,
82485,155,85
82486,165,107
82487,216,133
82488,193,107
82489,,
82491,183,
82492,149,
82493,161,
82494,146,87
82495,160,80
82496,,
82497,147,
82498,162,68
82499,,
82500,174,
82501,170,
82502,158,94
82503,168,108
82504,233,173
82505,142,
82506,,
82507,170,
82508,,
82509,253,
82510,,
82511,171,
82512,167,101
82513,216,
82514,,
82515,139,
82516,182,
82517,134,86
82518,118,49
82519,173,97
82520,161,
82521,185,
82522,140,
82523,190,
82524,140,85
82525,191,
82526,,
82527,214,
82528,149,
82529,189,97
82530,,
82531,164,
82532,155,64
82533,190,
82534,166,
82535,212,126
82536,232,153
82538,162,90
82539,,
82540,,
82541,161,
82542,166,93
82543,175,109
82544,180,
82545,126,
82546,,
82547,246,
82548,,
82549,196,
82550,205,104
82551,,
82552,,
82553,,
82554,228,
82555,,
82556,,
82557,183,
82558,199,110
82559,211,
82560,166,75
82561,158,
82562,158,78
82563,,
82564,191,
82565,178,
82566,174,115
82567,149,
82568,,
82569,172,80
82570,149,82
82572,175,70
82573,170,
82574,,
82575,,
82576,144,
82577,198,
82578,171,
82579,165,
82580,149,
82581,241,154
82582,236,167
82583,124,
82585,174,
82586,,
82587,183,118
82588,166,
82589,224,
82590,140,
82591,230,
82592,142,86
82593,186,
82594,,
82595,194,124
82596,106,
82597,197,
82598,,
82599,,
82600,138,75
82601,,
82602,,
82603,205,127
82604,209,123
82605,132,
82606,115,
82607,,
82608,184,113
82609,159,
82610,144,
82611,243,
82612,162,
82613,168,
82614,180,102
82615,129,
82616,,
82617,159,
82618,234,161
82619,175,
82620,,
82621,214,
82622,,
82624,,
82625,190,106
82626,154,92
82627,,
82628,153,76
82629,253,
82630,139,
82631,145,
82632,,
82633,137,
82634,149,89
82635,221,
82636,182,107
82637,145,75
82638,179,105
82639,124,
82640,174,92
82641,158,
82642,247,
82643,194,
82644,138,
82645,211,
82646,228,
82647,157,
82648,69,23
82649,144,
82650,265,
82651,140,80
82652,233,160
82653,119,
82654,150,80
82655,173,
82656,150,
82657,200,112
82658,130,
82659,,
82660,166,111
82661,136,
82663,,
82664,195,
82665,205,138
82666,162,78
82667,,
82668,175,
82669,158,
82670,,
82671,221,
82672,118,
82673,101,
82674,222,
82675,122,59
82676,140,
82677,174,
82678,260,151
82679,127,
82680,256,
82681,,
82682,188,108
82684,231,
82685,281,190
82686,,
82687,,
82688,175,109
82689,,
82690,183,
82691,262,
82692,160,88
82693,110,
82694,158,
82695,173,
82696,146,
82697,169,
82698,112,64
82699,149,
82700,,
82701,,
82702,189,115
82703,216,125
82704,220,
82705,209,
82706,,
82708,174,101
82709,276,
82710,210,
82712,157,71
82713,167,
82714,127,60
82715,202,
82716,163,
82717,139,63
82718,132,72
82719,240,
82720,270,
82721,191,
82722,130,
82723,191,105
82724,178,101
82725,255,
82726,148,91
82727,142,
82728,166,
82729,198,
82730,175,102
82731,155,79
82732,172,
82733,228,135
82735,183,
82736,149,
82737,175,98
82738,,
82739,171,95
82740,169,
82741,181,86
82742,265,
82743,169,
82744,,
82745,203,
82746,204,
82747,,
82748,222,
82749,200,121
82750,167,90
82751,,
82753,,
82754,,
82755,263,176
82756,197,119
82757,223,154
82758,137,
82759,176,
82760,,
82761,,
82762,203,
82763,155,
82766,159,88
82767,169,
82768,,
82769,209,118
82770,181,115
82771,288,185
82772,178,
82773,223,134
82774,191,
82775,229,147
82776,205,
82777,,
82778,216,
82779,179,
82780,156,
82781,108,67
82782,179,106
82783,,
82784,206,
82785,182,
82786,161,
82787,175,
82788,195,124
82789,231,
82790,193,120
82791,171,
82792,,
82793,,
82794,259,159
82795,,
82796,180,
82797,207,120
82798,148,
82799,,
82800,157,89
82801,121,
82802,146,62
82803,192,126
82804,162,
82805,145,87
82806,,
82807,,
82808,134,
82809,127,
82810,227,
82811,220,
82812,195,
82813,157,72
82814,211,
82816,171,
82817,,
82818,181,
82819,,
82820,173,
82821,215,106
82822,277,180
82823,158,
82824,134,
82825,172,100
82826,235,
82827,180,
82828,,
82829,200,113
82830,,
82831,224,140
82832,262,157
82834,132,
82835,,
82836,152,
82837,,
82838,210,
82839,175,106
82840,219,
82841,207,
82842,190,97
82843,,
82844,188,115
82845,204,
82846,206,126
82847,,
82848,138,81
82849,118,61
82850,213,
82851,186,117
82852,,
82853,,
82854,170,91
82855,140,
82856,130,
82857,141,82
82858,,
82859,124,
82860,158,
82861,256,
82862,157,91
82864,182,127
82865,184,
82867,163,
82868,117,
82869,,
82870,,
82871,,
82872,,
82873,,
82874,183,98
82875,167,
82876,199,123
82877,,
82878,148,
82879,230,102
82880,,
82881,153,99
82882,282,
82883,,
82884,166,88
82885,176,
82886,143,73
82887,179,
82888,,
82889,156,70
82890,,
82891,182,
82892,,
82893,175,
82894,174,
82895,259,
82896,146,85
82897,222,149
82898,217,
82899,130,
82900,134,
82901,213,
82902,,
82903,226,
82904,127,64
82905,,
82906,175,91
82907,,
82908,147,
82909,173,119
82910,162,
82911,,
82912,148,
82913,200,
82914,,
82915,136,
82916,193,103
82917,182,124
82918,142,83
82919,188,
82920,150,77
82921,172,
82922,,
82923,122,
82924,218,
82925,129,67
82926,188,89
82927,,
82928,169,
82929,194,
82930,163,84
82931,185,
82932,154,
82933,220,
82934,,
82935,,
82936,,
82937,,
82938,167,
82939,183,
82940,158,92
82941,,
82942,131,74
82943,158,
82944,,
82945,185,94
82946,188,
82947,,
82948,182,
82949,139,
82951,216,
82952,226,
82953,242,153
82956,152,75
82957,178,100
82958,156,
82959,213,104
82960,,
82961,247,172
82962,174,117
82963,143,69
82964,525,
82965,195,
82966,,
82967,188,101
82968,275,
82969,150,
82970,171,91
82971,226,
82972,,
82973,,
82974,271,
82975,236,159
82976,137,
82977,,
82978,265,171
82979,171,
82980,146,90
82981,,
82982,210,134
82983,,
82984,146,75
82985,123,
82986,126,62
82987,302,
82988,,
82989,150,
82990,176,107
82991,112,69
82992,175,
82993,184,
82995,120,53
82996,214,
82997,232,
82998,131,79
82999,214,145
83000,165,
83001,207,129
83002,138,
83003,203,
83004,132,
83005,133,77
83006,204,
83007,290,
83008,181,
83009,187,100
83010,165,80
83011,153,75
83012,182,110
83014,174,
83015,149,
83016,199,116
83017,147,81
83018,154,
83019,154,
83020,154,
83021,126,56
83022,134,
83024,125,55
83025,105,38
83026,,
83027,237,127
83028,142,
83029,197,
83030,128,
83031,205,134
83032,168,
83033,141,75
83035,130,
83036,157,
83037,232,138
83038,160,
83039,134,57
83040,151,
83041,176,
83042,153,
83043,,
83044,,
83045,242,150
83046,178,100
83047,183,99
83048,153,89
83049,,
83050,249,
83051,,
83052,199,67
83053,143,
83054,,
83055,177,
83056,132,
83057,121,
83058,180,113
83059,139,
83060,160,
83061,205,130
83062,,
83063,270,193
83064,193,
83065,168,
83066,153,
83067,183,115
83068,236,
83069,179,124
83070,215,
83071,191,
83072,157,
83073,160,104
83074,192,120
83075,211,
83076,139,66
83077,152,
83078,177,120
83080,,
83081,186,105
83082,180,
83083,190,
83084,210,
83085,176,
83086,,
83087,199,
83088,221,
83089,,
83090,,
83091,,
83092,156,
83093,133,56
83094,157,95
83095,,
83096,195,129
83097,204,125
83098,131,
83099,194,
83100,241,170
83101,91,35
83102,187,
83103,219,
83104,269,152
83105,,
83106,195,123
83107,,
83108,148,73
83109,214,
83110,155,91
83111,201,
83112,,
83113,208,
83114,184,96
83116,176,
83117,152,
83118,158,62
83119,141,
83120,,
83121,158,
83122,218,
83123,,
83124,162,98
83125,214,
83126,,
83127,258,
83128,255,
83129,121,
83130,242,
83131,182,
83132,,
83133,160,
83134,162,
83135,,
83136,259,
83138,193,114
83139,122,
83140,149,
83141,,
83142,,
83143,120,42
83144,203,146
83145,119,
83146,203,138
83147,208,137
83148,99,15
83149,,
83150,186,
83151,155,
83152,82,51
83153,132,44
83154,151,
83155,113,
83156,141,77
83157,166,
83158,248,165
83159,,
83160,164,
83161,,
83162,146,
83163,,
83164,,
83165,160,101
83166,,
83167,,
83168,183,
83169,,
83170,154,75
83171,175,
83172,198,130
83173,161,
83174,204,
83175,,
83176,149,
83177,155,
83178,,
83179,163,74
83180,205,136
83181,160,110
83182,137,69
83183,112,
83184,225,94
83185,166,
83186,212,138
83187,216,
83188,108,50
83189,,
83190,,
83191,246,
83192,272,207
83193,,
83194,,
83195,132,
83196,273,
83197,165,104
83198,,
83199,147,
83200,146,
83201,201,128
83202,138,
83203,211,125
83204,,
83205,,
83206,215,
83207,222,
83208,126,
83209,,
83210,219,
83211,104,41
83212,182,113
83213,162,
83214,189,
83215,292,
83216,,
83217,,
83218,148,
83219,156,
83220,197,
83221,,
83222,178,104
83223,256,
83224,,
83225,209,
83226,150,
83227,182,96
83228,,
83229,205,
83230,,
83231,,
83232,,
83233,189,112
83234,,
83235,144,
83236,230,
83237,313,
83238,194,
83239,146,
83240,,
83241,192,126
83242,188,
83243,131,
83244,138,78
83245,167,
83246,,
83247,,
83248,177,
83249,169,
83250,188,
83251,172,110
83252,177,115
83253,178,105
83255,185,88
83256,155,92
83257,128,
83258,237,
83259,182,
83260,131,73
83261,182,
83262,155,
83263,210,
83264,143,
83266,,
83267,152,
83268,187,
83270,126,
83271,118,55
83272,209,
83273,137,
83274,150,
83275,177,112
83276,126,76
83277,177,104
83278,164,
83279,,
83280,154,
83281,,
83282,160,80
83283,,
83284,183,80
83285,186,
83286,167,
83287,181,
83288,172,
83289,,
83290,,
83291,223,
83292,185,
83293,136,
83294,213,139
83295,172,94
83296,155,93
83297,199,120
83298,174,
83299,180,
83300,221,122
83301,185,
83302,,
83303,176,
83304,,
83305,205,
83306,150,
83307,181,
83308,,
83309,143,86
83310,,
83311,137,
83312,,
83313,149,
83314,268,
83315,,
83316,114,64
83317,,
83318,121,
83319,115,
83320,252,
83321,161,63
83322,,
83323,283,192
83324,,
83325,162,70
83326,242,171
83327,,
83328,250,
83329,170,
83330,,
83331,141,
83332,120,63
83333,162,100
83334,223,160
83335,127,
83336,186,
83337,,
83338,,
83339,153,
83340,,
83341,216,132
83342,193,
83344,165,
83345,183,
83346,,
83347,147,
83348,154,
83349,154,
83350,142,
83351,142,
83352,182,
83353,,
83354,151,
83355,179,
83356,205,
83357,117,
83358,196,118
83359,157,
83360,135,64
83362,153,91
83363,214,
83364,189,128
83365,,
83366,,
83368,215,
83369,279,
83370,109,
83371,204,140
83372,129,78
83373,165,98
83374,109,
83375,,
83376,169,98
83377,218,
83378,,
83379,174,
83380,153,
83381,143,
83382,215,137
83383,233,146
83384,154,
83385,143,
83388,192,
83389,215,
83390,212,
83391,205,
83392,293,
83393,152,73
83394,,
83395,224,143
83396,181,118
83397,149,84
83398,214,139
83399,145,
83400,155,88
83401,,
83402,,
83403,240,167
83404,,
83405,150,
83406,185,
83407,176,
83408,146,80
83409,183,116
83411,132,
83412,,
83413,161,
83414,202,
83415,189,89
83416,,
83417,162,
83418,163,
83419,,
83420,169,
83421,,
83422,,
83423,225,
83424,249,169
83425,,
83426,275,154
83427,153,93
83428,221,116
83429,201,124
83430,175,
83431,208,142
83432,216,
83433,167,92
83434,,
83435,220,
83436,179,103
83437,169,91
83438,227,153
83439,244,
83440,204,115
83441,203,117
83442,,
83443,,
83444,,
83445,121,
83446,177,
83447,214,130
83448,160,82
83450,189,100
83451,142,
83452,163,89
83453,193,93
83454,140,72
83455,204,108
83456,,
83457,191,
83458,163,
83459,,
83460,,
83461,243,
83462,,
83463,163,
83464,145,93
83465,153,70
83466,263,
83467,135,
83468,136,
83469,,
83470,,
83471,,
83472,278,170
83473,,
83474,150,
83475,161,
83476,160,76
83477,162,85
83478,258,
83479,166,
83480,205,
83481,172,
83482,188,
83483,275,
83484,177,
83485,137,67
83486,189,
83487,201,145
83488,,
83489,195,121
83490,175,
83491,213,141
83492,140,
83493,136,
83494,267,175
83495,,
83496,179,108
83497,179,104
83499,,
83500,176,
83501,153,
83502,210,
83503,192,
83504,,
83505,192,90
83506,142,
83507,218,135
83508,,
83509,,
83510,166,
83511,326,
83512,186,
83513,,
83514,205,
83515,,
83516,206,93
83517,173,
83518,160,
83519,144,
83520,185,
83521,173,
83522,238,
83523,147,105
83524,266,161
83525,206,
83526,206,
83527,184,114
83528,146,
83529,199,
83530,132,
83531,,
83532,,
83533,218,125
83534,,
83535,196,
83536,143,
83537,,
83538,,
83539,185,
83540,209,
83541,155,94
83542,168,94
83543,159,85
83544,137,77
83545,159,
83546,227,
83547,166,
83548,203,
83550,198,
83552,247,
83553,148,67
83554,142,91
83555,173,
83556,,
83557,137,71
83558,,
83559,,
83560,,
83561,138,72
83562,173,99
83563,213,115
83564,144,
83565,220,
83566,,
83567,175,
83568,170,107
83569,237,
83570,,
83571,,
83572,,
83573,,
83574,146,
83575,168,90
83576,139,60
83577,,
83578,,
83579,,
83580,164,101
83581,154,49
83582,155,
83583,161,
83584,172,
83585,198,103
83586,176,120
83587,137,
83588,,
83589,209,142
83590,296,
83591,125,
83592,192,
83594,137,
83595,136,
83596,149,
83597,235,167
83598,,
83599,140,
83600,207,
83601,,
83602,,
83603,,
83604,183,116
83605,151,
83606,202,
83607,,
83608,,
83609,188,
83610,112,
83611,,
83612,119,52
83613,132,64
83614,239,
83615,197,116
83616,171,100
83617,,
83618,199,146
83619,177,103
83620,184,
83621,,
83622,,
83623,107,
83624,155,59
83625,297,214
83626,182,
83627,197,137
83628,151,80
83629,146,
83630,225,128
83631,166,
83632,175,
83633,322,213
83634,165,
83636,194,
83637,178,121
83638,241,131
83639,207,
83640,162,
83641,,
83642,208,138
83643,172,
83644,162,
83645,,
83646,213,69
83647,209,
83648,199,120
83649,154,
83650,,
83651,177,
83653,162,
83654,142,
83655,180,121
83656,,
83658,271,176
83659,136,
83660,198,
83661,,
83662,286,
83663,215,
83664,161,
83665,207,
83666,127,69
83667,203,
83668,153,
83669,261,
83670,,
83671,302,154
83672,190,
83673,179,106
83674,176,
83675,209,
83676,214,117
83677,152,92
83678,256,124
83679,119,41
83680,125,
83681,,
83682,165,
83683,160,75
83684,187,
83685,,
83686,,
83687,227,
83688,103,
83689,146,
83690,195,
83691,147,
83692,129,57
83693,223,
83694,171,65
83695,,
83696,120,
83697,,
83698,,
83699,255,143
83700,245,
83701,194,
83702,309,221
83703,126,
83704,199,
83705,222,
83706,145,
83707,121,46
83708,161,103
83709,206,
83710,,
83711,209,141
83712,165,94
83713,180,94
83714,187,127
83715,179,
83716,143,68
83717,193,
83718,221,135
83719,,
83720,202,
83721,138,
83722,,
83723,186,116
83724,157,
83725,175,
83726,,
83727,190,119
83728,,
83729,152,
83730,167,
83731,,
